<?xml version="1.0" encoding="iso-8859-1" standalone="yes"?>
<calypso:calypsoDocument xmlns:liquidityrule="http://www.calypso.com/liquidityrule" xmlns:liquiditycriteria="http://www.calypso.com/liquiditycriteria" xmlns:liquidityposition="http://www.calypso.com/liquidityposition" xmlns:matching="http://www.calypso.com/matching" xmlns:scheduler="http://www.calypso.com/scheduler" xmlns:liquidityreporting="http://www.calypso.com/liquidityreporting" xmlns:kpiservice="http://www.calypso.com/kpiservice" xmlns:ns12="http://www.calypso.com/bo-messaging" xmlns:assumption="http://www.calypso.com/assumption" xmlns:hedgeaccounting="http://www.calypso.com/hedgeaccounting" xmlns:swift="http://www.calypso.com/swift" xmlns:bondexoticnote="http://www.calypso.com/bondexoticnote" xmlns:datauploader="http://www.calypso.com/datauploader" xmlns:ftp="http://www.calypso.com/ftp" xmlns:pricingscript="http://www.calypso.com/pricingscript" xmlns:am="http://www.calypso.com/am" xmlns:scriptableOTC="http://www.calypso.com/scriptableOTC" xmlns:pricingsheet="http://www.calypso.com/pricingsheet" xmlns:taskstation="http://www.calypso.com/taskstation" xmlns:liquiditycore="http://www.calypso.com/liquiditycore" xmlns:calypso="http://www.calypso.com/xml" xmlns:accplreconciliation="http://www.calypso.com/accplreconciliation" xmlns:liquidityclassification="http://www.calypso.com/liquidityclassification" xmlns:collateral="http://www.calypso.com/collateral" xmlns:calculationserver="http://www.calypso.com/calculationserver">
    <calypso:calypsoObject xsi:type="calypso:PricingEnvironment" version="14-0" action="" xmlns:xsi="http://www.w3.org/2001/XMLSchema-instance">
        <calypso:name>MX_DirtyPrice</calypso:name>
        <calypso:baseCurrency>
            <calypso:domainValue>
                <calypso:type>com.calypso.tk.refdata.DomainValueAdapter</calypso:type>
                <calypso:separator>#</calypso:separator>
                <calypso:identifier code="currency#MXN" codifier="convention"/>
                <calypso:calypsoBusinessKey>
                    <calypso:propertyName>domainName</calypso:propertyName>
                    <calypso:propertyValue>currency</calypso:propertyValue>
                </calypso:calypsoBusinessKey>
                <calypso:calypsoBusinessKey>
                    <calypso:propertyName>value</calypso:propertyName>
                    <calypso:propertyValue>MXN</calypso:propertyValue>
                </calypso:calypsoBusinessKey>
            </calypso:domainValue>
        </calypso:baseCurrency>
        <calypso:pricerConfiguration>
            <calypso:type>com.calypso.tk.marketdata.PricerConfig</calypso:type>
            <calypso:identifier code="MX_OFFICIAL_ACCOUNTING" codifier="convention"/>
            <calypso:calypsoBusinessKey>
                <calypso:propertyName>name</calypso:propertyName>
                <calypso:propertyValue>MX_OFFICIAL_ACCOUNTING</calypso:propertyValue>
            </calypso:calypsoBusinessKey>
        </calypso:pricerConfiguration>
        <calypso:quoteSet>
            <calypso:type>com.calypso.tk.marketdata.QuoteSet</calypso:type>
            <calypso:identifier code="MX_DirtyPrice" codifier="convention"/>
            <calypso:calypsoBusinessKey>
                <calypso:propertyName>name</calypso:propertyName>
                <calypso:propertyValue>MX_DirtyPrice</calypso:propertyValue>
            </calypso:calypsoBusinessKey>
        </calypso:quoteSet>
        <calypso:pricingParameters>
            <calypso:type>com.calypso.tk.marketdata.PricingParameters</calypso:type>
            <calypso:identifier code="MX_OFFICIAL_ACCOUNTING" codifier="convention"/>
            <calypso:calypsoBusinessKey>
                <calypso:propertyName>name</calypso:propertyName>
                <calypso:propertyValue>MX_OFFICIAL_ACCOUNTING</calypso:propertyValue>
            </calypso:calypsoBusinessKey>
        </calypso:pricingParameters>
        <calypso:timezone>America/Mexico_City</calypso:timezone>
        <calypso:dayChangeRule>TimeZone</calypso:dayChangeRule>
    </calypso:calypsoObject>
</calypso:calypsoDocument>
