<?xml version="1.0" encoding="iso-8859-1" standalone="yes"?>
<calypso:calypsoDocument xmlns:liquidityrule="http://www.calypso.com/liquidityrule" xmlns:liquiditycriteria="http://www.calypso.com/liquiditycriteria" xmlns:liquidityposition="http://www.calypso.com/liquidityposition" xmlns:matching="http://www.calypso.com/matching" xmlns:scheduler="http://www.calypso.com/scheduler" xmlns:liquidityreporting="http://www.calypso.com/liquidityreporting" xmlns:kpiservice="http://www.calypso.com/kpiservice" xmlns:ns12="http://www.calypso.com/bo-messaging" xmlns:assumption="http://www.calypso.com/assumption" xmlns:hedgeaccounting="http://www.calypso.com/hedgeaccounting" xmlns:swift="http://www.calypso.com/swift" xmlns:bondexoticnote="http://www.calypso.com/bondexoticnote" xmlns:datauploader="http://www.calypso.com/datauploader" xmlns:ftp="http://www.calypso.com/ftp" xmlns:pricingscript="http://www.calypso.com/pricingscript" xmlns:am="http://www.calypso.com/am" xmlns:scriptableOTC="http://www.calypso.com/scriptableOTC" xmlns:pricingsheet="http://www.calypso.com/pricingsheet" xmlns:taskstation="http://www.calypso.com/taskstation" xmlns:liquiditycore="http://www.calypso.com/liquiditycore" xmlns:calypso="http://www.calypso.com/xml" xmlns:accplreconciliation="http://www.calypso.com/accplreconciliation" xmlns:liquidityclassification="http://www.calypso.com/liquidityclassification" xmlns:collateral="http://www.calypso.com/collateral" xmlns:calculationserver="http://www.calypso.com/calculationserver">
    <calypso:calypsoObject xsi:type="calypso:TaskWorkflowConfigAdapter" version="14-0" action="" xmlns:xsi="http://www.w3.org/2001/XMLSchema-instance">
        <calypso:processingOrg> </calypso:processingOrg>
        <calypso:eventClass>PSEventMessage</calypso:eventClass>
        <calypso:subtype>INC_RECON</calypso:subtype>
        <calypso:product>ALL</calypso:product>
        <calypso:origStatus>PENDING</calypso:origStatus>
        <calypso:actionType>CANCEL</calypso:actionType>
        <calypso:resultStatus>CANCELED</calypso:resultStatus>
        <calypso:taskWorkflowConfig version="14-0">
            <calypso:eventType>
                <calypso:itemValue>PSEventMessage</calypso:itemValue>
            </calypso:eventType>
            <calypso:originalStatus>
                <calypso:domainValue>
                    <calypso:type>com.calypso.tk.refdata.DomainValueAdapter</calypso:type>
                    <calypso:separator>#</calypso:separator>
                    <calypso:identifier code="messageStatus#PENDING" codifier="convention"/>
                    <calypso:calypsoBusinessKey>
                        <calypso:propertyName>domainName</calypso:propertyName>
                        <calypso:propertyValue>messageStatus</calypso:propertyValue>
                    </calypso:calypsoBusinessKey>
                    <calypso:calypsoBusinessKey>
                        <calypso:propertyName>value</calypso:propertyName>
                        <calypso:propertyValue>PENDING</calypso:propertyValue>
                    </calypso:calypsoBusinessKey>
                </calypso:domainValue>
            </calypso:originalStatus>
            <calypso:resultingStatus>
                <calypso:domainValue>
                    <calypso:type>com.calypso.tk.refdata.DomainValueAdapter</calypso:type>
                    <calypso:separator>#</calypso:separator>
                    <calypso:identifier code="messageStatus#CANCELED" codifier="convention"/>
                    <calypso:calypsoBusinessKey>
                        <calypso:propertyName>domainName</calypso:propertyName>
                        <calypso:propertyValue>messageStatus</calypso:propertyValue>
                    </calypso:calypsoBusinessKey>
                    <calypso:calypsoBusinessKey>
                        <calypso:propertyName>value</calypso:propertyName>
                        <calypso:propertyValue>CANCELED</calypso:propertyValue>
                    </calypso:calypsoBusinessKey>
                </calypso:domainValue>
            </calypso:resultingStatus>
            <calypso:useStraightThroughProcessing>false</calypso:useStraightThroughProcessing>
            <calypso:workflowAction>
                <calypso:domainValue>
                    <calypso:type>com.calypso.tk.refdata.DomainValueAdapter</calypso:type>
                    <calypso:separator>#</calypso:separator>
                    <calypso:identifier code="messageAction#CANCEL" codifier="convention"/>
                    <calypso:calypsoBusinessKey>
                        <calypso:propertyName>domainName</calypso:propertyName>
                        <calypso:propertyValue>messageAction</calypso:propertyValue>
                    </calypso:calypsoBusinessKey>
                    <calypso:calypsoBusinessKey>
                        <calypso:propertyName>value</calypso:propertyName>
                        <calypso:propertyValue>CANCEL</calypso:propertyValue>
                    </calypso:calypsoBusinessKey>
                </calypso:domainValue>
            </calypso:workflowAction>
            <calypso:sameUser>true</calypso:sameUser>
            <calypso:productType>
                <calypso:itemValue>ALL</calypso:itemValue>
            </calypso:productType>
            <calypso:eventSubType>
                <calypso:domainValue>
                    <calypso:type>com.calypso.tk.refdata.DomainValueAdapter</calypso:type>
                    <calypso:separator>#</calypso:separator>
                    <calypso:identifier code="messageType#INC_RECON" codifier="convention"/>
                    <calypso:calypsoBusinessKey>
                        <calypso:propertyName>domainName</calypso:propertyName>
                        <calypso:propertyValue>messageType</calypso:propertyValue>
                    </calypso:calypsoBusinessKey>
                    <calypso:calypsoBusinessKey>
                        <calypso:propertyName>value</calypso:propertyName>
                        <calypso:propertyValue>INC_RECON</calypso:propertyValue>
                    </calypso:calypsoBusinessKey>
                </calypso:domainValue>
            </calypso:eventSubType>
            <calypso:logCompletedStraighThroughProcessingSteps>false</calypso:logCompletedStraighThroughProcessingSteps>
            <calypso:useKickOffOrCutOffForStraightThroughProcessing>false</calypso:useKickOffOrCutOffForStraightThroughProcessing>
            <calypso:createTask>false</calypso:createTask>
            <calypso:filterComment>null</calypso:filterComment>
            <calypso:preferredAction>false</calypso:preferredAction>
            <calypso:updatePreviousTask>false</calypso:updatePreviousTask>
            <calypso:generateIntermediaryEvent>false</calypso:generateIntermediaryEvent>
            <calypso:manualAuthorizationNeeded>false</calypso:manualAuthorizationNeeded>
            <calypso:priority>0</calypso:priority>
            <calypso:taskCreationTrigger>On Failure</calypso:taskCreationTrigger>
        </calypso:taskWorkflowConfig>
    </calypso:calypsoObject>
</calypso:calypsoDocument>
