<?xml version="1.0" encoding="iso-8859-1" standalone="yes"?>
<calypso:calypsoDocument xmlns:liquidityrule="http://www.calypso.com/liquidityrule" xmlns:liquiditycriteria="http://www.calypso.com/liquiditycriteria" xmlns:liquidityposition="http://www.calypso.com/liquidityposition" xmlns:matching="http://www.calypso.com/matching" xmlns:scheduler="http://www.calypso.com/scheduler" xmlns:liquidityreporting="http://www.calypso.com/liquidityreporting" xmlns:kpiservice="http://www.calypso.com/kpiservice" xmlns:ns12="http://www.calypso.com/bo-messaging" xmlns:assumption="http://www.calypso.com/assumption" xmlns:hedgeaccounting="http://www.calypso.com/hedgeaccounting" xmlns:swift="http://www.calypso.com/swift" xmlns:bondexoticnote="http://www.calypso.com/bondexoticnote" xmlns:datauploader="http://www.calypso.com/datauploader" xmlns:ftp="http://www.calypso.com/ftp" xmlns:pricingscript="http://www.calypso.com/pricingscript" xmlns:am="http://www.calypso.com/am" xmlns:scriptableOTC="http://www.calypso.com/scriptableOTC" xmlns:pricingsheet="http://www.calypso.com/pricingsheet" xmlns:taskstation="http://www.calypso.com/taskstation" xmlns:liquiditycore="http://www.calypso.com/liquiditycore" xmlns:calypso="http://www.calypso.com/xml" xmlns:accplreconciliation="http://www.calypso.com/accplreconciliation" xmlns:liquidityclassification="http://www.calypso.com/liquidityclassification" xmlns:collateral="http://www.calypso.com/collateral" xmlns:calculationserver="http://www.calypso.com/calculationserver">
    <calypso:calypsoObject xsi:type="calypso:NettingMethodAdapter" version="14-0" action="" xmlns:xsi="http://www.w3.org/2001/XMLSchema-instance">
        <calypso:legalEntity> </calypso:legalEntity>
        <calypso:processingOrg> </calypso:processingOrg>
        <calypso:currency>ANY</calypso:currency>
        <calypso:effectiveFrom> </calypso:effectiveFrom>
        <calypso:legalEntityRole>CounterParty</calypso:legalEntityRole>
        <calypso:productType>Repo</calypso:productType>
        <calypso:settleMethod>ALL</calypso:settleMethod>
        <calypso:effectiveTo> </calypso:effectiveTo>
        <calypso:staticDataFilter>Triparty_Repo_Netting</calypso:staticDataFilter>
        <calypso:nettingMethod version="14-0">
            <calypso:currency>
                <calypso:itemValue>ANY</calypso:itemValue>
            </calypso:currency>
            <calypso:productType>
                <calypso:domainValue>
                    <calypso:type>com.calypso.tk.refdata.DomainValueAdapter</calypso:type>
                    <calypso:separator>#</calypso:separator>
                    <calypso:identifier code="productType#Repo" codifier="convention"/>
                    <calypso:calypsoBusinessKey>
                        <calypso:propertyName>domainName</calypso:propertyName>
                        <calypso:propertyValue>productType</calypso:propertyValue>
                    </calypso:calypsoBusinessKey>
                    <calypso:calypsoBusinessKey>
                        <calypso:propertyName>value</calypso:propertyName>
                        <calypso:propertyValue>Repo</calypso:propertyValue>
                    </calypso:calypsoBusinessKey>
                </calypso:domainValue>
            </calypso:productType>
            <calypso:legalEntityRole>
                <calypso:domainValue>
                    <calypso:type>com.calypso.tk.refdata.DomainValueAdapter</calypso:type>
                    <calypso:separator>#</calypso:separator>
                    <calypso:identifier code="role#CounterParty" codifier="convention"/>
                    <calypso:calypsoBusinessKey>
                        <calypso:propertyName>domainName</calypso:propertyName>
                        <calypso:propertyValue>role</calypso:propertyValue>
                    </calypso:calypsoBusinessKey>
                    <calypso:calypsoBusinessKey>
                        <calypso:propertyName>value</calypso:propertyName>
                        <calypso:propertyValue>CounterParty</calypso:propertyValue>
                    </calypso:calypsoBusinessKey>
                </calypso:domainValue>
            </calypso:legalEntityRole>
            <calypso:nettingType>
                <calypso:domainValue>
                    <calypso:type>com.calypso.tk.refdata.DomainValueAdapter</calypso:type>
                    <calypso:separator>#</calypso:separator>
                    <calypso:identifier code="nettingType#Trade" codifier="convention"/>
                    <calypso:calypsoBusinessKey>
                        <calypso:propertyName>domainName</calypso:propertyName>
                        <calypso:propertyValue>nettingType</calypso:propertyValue>
                    </calypso:calypsoBusinessKey>
                    <calypso:calypsoBusinessKey>
                        <calypso:propertyName>value</calypso:propertyName>
                        <calypso:propertyValue>Trade</calypso:propertyValue>
                    </calypso:calypsoBusinessKey>
                </calypso:domainValue>
            </calypso:nettingType>
            <calypso:settleMethod>
                <calypso:itemValue>ALL</calypso:itemValue>
            </calypso:settleMethod>
            <calypso:staticDataFilter>
                <calypso:type>com.calypso.tk.refdata.StaticDataFilter</calypso:type>
                <calypso:identifier code="Triparty_Repo_Netting" codifier="convention"/>
                <calypso:calypsoBusinessKey>
                    <calypso:propertyName>name</calypso:propertyName>
                    <calypso:propertyValue>Triparty_Repo_Netting</calypso:propertyValue>
                </calypso:calypsoBusinessKey>
            </calypso:staticDataFilter>
            <calypso:nettingGroup>0</calypso:nettingGroup>
        </calypso:nettingMethod>
    </calypso:calypsoObject>
</calypso:calypsoDocument>
