<?xml version="1.0" encoding="iso-8859-1" standalone="yes"?>
<calypso:calypsoDocument xmlns:liquidityrule="http://www.calypso.com/liquidityrule" xmlns:liquiditycriteria="http://www.calypso.com/liquiditycriteria" xmlns:liquidityposition="http://www.calypso.com/liquidityposition" xmlns:matching="http://www.calypso.com/matching" xmlns:scheduler="http://www.calypso.com/scheduler" xmlns:liquidityreporting="http://www.calypso.com/liquidityreporting" xmlns:kpiservice="http://www.calypso.com/kpiservice" xmlns:ns12="http://www.calypso.com/bo-messaging" xmlns:assumption="http://www.calypso.com/assumption" xmlns:hedgeaccounting="http://www.calypso.com/hedgeaccounting" xmlns:swift="http://www.calypso.com/swift" xmlns:bondexoticnote="http://www.calypso.com/bondexoticnote" xmlns:datauploader="http://www.calypso.com/datauploader" xmlns:ftp="http://www.calypso.com/ftp" xmlns:pricingscript="http://www.calypso.com/pricingscript" xmlns:am="http://www.calypso.com/am" xmlns:scriptableOTC="http://www.calypso.com/scriptableOTC" xmlns:pricingsheet="http://www.calypso.com/pricingsheet" xmlns:taskstation="http://www.calypso.com/taskstation" xmlns:liquiditycore="http://www.calypso.com/liquiditycore" xmlns:calypso="http://www.calypso.com/xml" xmlns:accplreconciliation="http://www.calypso.com/accplreconciliation" xmlns:liquidityclassification="http://www.calypso.com/liquidityclassification" xmlns:collateral="http://www.calypso.com/collateral" xmlns:calculationserver="http://www.calypso.com/calculationserver">
    <calypso:calypsoObject xsi:type="taskstation:TaskStationTab" version="14-0" action="" xmlns:xsi="http://www.w3.org/2001/XMLSchema-instance">
        <calypso:identification>
            <calypso:versionedIdentifier version="10" code="1286817" codifier="DEV71_DS"/>
            <calypso:versionedIdentifier version="10" code="FGE_MT537" codifier="Name"/>
        </calypso:identification>
        <taskstation:name>FGE_MT537</taskstation:name>
        <taskstation:workflowTypes>
            <calypso:itemValue>Exception</calypso:itemValue>
        </taskstation:workflowTypes>
        <taskstation:workflowTypes>
            <calypso:domainValue>
                <calypso:type>com.calypso.tk.refdata.DomainValueAdapter</calypso:type>
                <calypso:separator>#</calypso:separator>
                <calypso:identifier code="workflowType#Message" codifier="convention"/>
                <calypso:calypsoBusinessKey>
                    <calypso:propertyName>domainName</calypso:propertyName>
                    <calypso:propertyValue>workflowType</calypso:propertyValue>
                </calypso:calypsoBusinessKey>
                <calypso:calypsoBusinessKey>
                    <calypso:propertyName>value</calypso:propertyName>
                    <calypso:propertyValue>Message</calypso:propertyValue>
                </calypso:calypsoBusinessKey>
            </calypso:domainValue>
        </taskstation:workflowTypes>
        <taskstation:books>
            <calypso:type>com.calypso.tk.core.Book</calypso:type>
            <calypso:identifier code="__ANY__" codifier="convention"/>
            <calypso:calypsoBusinessKey>
                <calypso:propertyName>name</calypso:propertyName>
                <calypso:propertyValue>__ANY__</calypso:propertyValue>
            </calypso:calypsoBusinessKey>
        </taskstation:books>
        <taskstation:eventTypes>
            <calypso:eventType>
                <calypso:domainValue>
                    <calypso:type>com.calypso.tk.refdata.DomainValueAdapter</calypso:type>
                    <calypso:separator>#</calypso:separator>
                    <calypso:identifier code="messageStatus#INDEXED" codifier="convention"/>
                    <calypso:calypsoBusinessKey>
                        <calypso:propertyName>domainName</calypso:propertyName>
                        <calypso:propertyValue>messageStatus</calypso:propertyValue>
                    </calypso:calypsoBusinessKey>
                    <calypso:calypsoBusinessKey>
                        <calypso:propertyName>value</calypso:propertyName>
                        <calypso:propertyValue>INDEXED</calypso:propertyValue>
                    </calypso:calypsoBusinessKey>
                </calypso:domainValue>
            </calypso:eventType>
            <calypso:extraDV>
                <calypso:domainValue>
                    <calypso:type>com.calypso.tk.refdata.DomainValueAdapter</calypso:type>
                    <calypso:separator>#</calypso:separator>
                    <calypso:identifier code="messageType#INC_RECON" codifier="convention"/>
                    <calypso:calypsoBusinessKey>
                        <calypso:propertyName>domainName</calypso:propertyName>
                        <calypso:propertyValue>messageType</calypso:propertyValue>
                    </calypso:calypsoBusinessKey>
                    <calypso:calypsoBusinessKey>
                        <calypso:propertyName>value</calypso:propertyName>
                        <calypso:propertyValue>INC_RECON</calypso:propertyValue>
                    </calypso:calypsoBusinessKey>
                </calypso:domainValue>
            </calypso:extraDV>
        </taskstation:eventTypes>
        <taskstation:eventTypes>
            <calypso:eventType>
                <calypso:domainValue>
                    <calypso:type>com.calypso.tk.refdata.DomainValueAdapter</calypso:type>
                    <calypso:separator>#</calypso:separator>
                    <calypso:identifier code="messageStatus#PENDING" codifier="convention"/>
                    <calypso:calypsoBusinessKey>
                        <calypso:propertyName>domainName</calypso:propertyName>
                        <calypso:propertyValue>messageStatus</calypso:propertyValue>
                    </calypso:calypsoBusinessKey>
                    <calypso:calypsoBusinessKey>
                        <calypso:propertyName>value</calypso:propertyName>
                        <calypso:propertyValue>PENDING</calypso:propertyValue>
                    </calypso:calypsoBusinessKey>
                </calypso:domainValue>
            </calypso:eventType>
            <calypso:extraDV>
                <calypso:domainValue>
                    <calypso:type>com.calypso.tk.refdata.DomainValueAdapter</calypso:type>
                    <calypso:separator>#</calypso:separator>
                    <calypso:identifier code="messageType#INC_RECON" codifier="convention"/>
                    <calypso:calypsoBusinessKey>
                        <calypso:propertyName>domainName</calypso:propertyName>
                        <calypso:propertyValue>messageType</calypso:propertyValue>
                    </calypso:calypsoBusinessKey>
                    <calypso:calypsoBusinessKey>
                        <calypso:propertyName>value</calypso:propertyName>
                        <calypso:propertyValue>INC_RECON</calypso:propertyValue>
                    </calypso:calypsoBusinessKey>
                </calypso:domainValue>
            </calypso:extraDV>
        </taskstation:eventTypes>
        <taskstation:taskDateType>
            <calypso:itemValue>TaskDatetime</calypso:itemValue>
        </taskstation:taskDateType>
        <taskstation:taskStatuses>
            <calypso:itemValue>NEW</calypso:itemValue>
        </taskstation:taskStatuses>
        <taskstation:taskStatuses>
            <calypso:itemValue>UNDER_PROCESSING</calypso:itemValue>
        </taskstation:taskStatuses>
        <taskstation:taskStatuses>
            <calypso:itemValue>PASS_OVER</calypso:itemValue>
        </taskstation:taskStatuses>
        <taskstation:taskStatuses>
            <calypso:itemValue>UNCOMPLETE</calypso:itemValue>
        </taskstation:taskStatuses>
        <taskstation:filter>
            <calypso:type>com.calypso.taskenrichment.filter.TaskEnrichmentFilter</calypso:type>
            <calypso:identifier code="MT537 RECON" codifier="convention"/>
            <calypso:calypsoBusinessKey>
                <calypso:propertyName>name</calypso:propertyName>
                <calypso:propertyValue>MT537 RECON</calypso:propertyValue>
            </calypso:calypsoBusinessKey>
        </taskstation:filter>
        <taskstation:fromTenor>
            <taskstation:negative>true</taskstation:negative>
            <taskstation:tenor>
                <calypso:itemValue>1D</calypso:itemValue>
            </taskstation:tenor>
        </taskstation:fromTenor>
        <taskstation:toTenor>
            <taskstation:negative>false</taskstation:negative>
            <taskstation:tenor>
                <calypso:itemValue>1D</calypso:itemValue>
            </taskstation:tenor>
        </taskstation:toTenor>
        <taskstation:catalogAutoCount>false</taskstation:catalogAutoCount>
    </calypso:calypsoObject>
</calypso:calypsoDocument>
