<?xml version="1.0" encoding="iso-8859-1" standalone="yes"?>
<calypso:calypsoDocument xmlns:liquidityrule="http://www.calypso.com/liquidityrule" xmlns:liquiditycriteria="http://www.calypso.com/liquiditycriteria" xmlns:liquidityposition="http://www.calypso.com/liquidityposition" xmlns:matching="http://www.calypso.com/matching" xmlns:scheduler="http://www.calypso.com/scheduler" xmlns:liquidityreporting="http://www.calypso.com/liquidityreporting" xmlns:kpiservice="http://www.calypso.com/kpiservice" xmlns:ns12="http://www.calypso.com/bo-messaging" xmlns:assumption="http://www.calypso.com/assumption" xmlns:hedgeaccounting="http://www.calypso.com/hedgeaccounting" xmlns:swift="http://www.calypso.com/swift" xmlns:bondexoticnote="http://www.calypso.com/bondexoticnote" xmlns:datauploader="http://www.calypso.com/datauploader" xmlns:ftp="http://www.calypso.com/ftp" xmlns:pricingscript="http://www.calypso.com/pricingscript" xmlns:am="http://www.calypso.com/am" xmlns:scriptableOTC="http://www.calypso.com/scriptableOTC" xmlns:pricingsheet="http://www.calypso.com/pricingsheet" xmlns:taskstation="http://www.calypso.com/taskstation" xmlns:liquiditycore="http://www.calypso.com/liquiditycore" xmlns:calypso="http://www.calypso.com/xml" xmlns:accplreconciliation="http://www.calypso.com/accplreconciliation" xmlns:liquidityclassification="http://www.calypso.com/liquidityclassification" xmlns:collateral="http://www.calypso.com/collateral" xmlns:calculationserver="http://www.calypso.com/calculationserver">
    <calypso:calypsoObject xsi:type="calypso:TradeReportTemplate" version="14-0" action="" xmlns:xsi="http://www.w3.org/2001/XMLSchema-instance">
        <calypso:reportTypeDomainValue>
            <calypso:domainValue>
                <calypso:type>com.calypso.tk.refdata.DomainValueAdapter</calypso:type>
                <calypso:separator>#</calypso:separator>
                <calypso:identifier code="REPORT.Types#Trade" codifier="convention"/>
                <calypso:calypsoBusinessKey>
                    <calypso:propertyName>domainName</calypso:propertyName>
                    <calypso:propertyValue>REPORT.Types</calypso:propertyValue>
                </calypso:calypsoBusinessKey>
                <calypso:calypsoBusinessKey>
                    <calypso:propertyName>value</calypso:propertyName>
                    <calypso:propertyValue>Trade</calypso:propertyValue>
                </calypso:calypsoBusinessKey>
            </calypso:domainValue>
        </calypso:reportTypeDomainValue>
        <calypso:reportType>Trade</calypso:reportType>
        <calypso:name>Extracci�n_Operativa_Matured</calypso:name>
        <calypso:hidden>false</calypso:hidden>
        <calypso:private>false</calypso:private>
        <calypso:user>bonos</calypso:user>
        <calypso:reportAttributes>
            <calypso:attribute>
                <calypso:attributeName>AggregatedFlag</calypso:attributeName>
                <calypso:attributeValue>false</calypso:attributeValue>
                <calypso:attributeClass>Boolean</calypso:attributeClass>
            </calypso:attribute>
            <calypso:attribute>
                <calypso:attributeName>BuyFlag</calypso:attributeName>
                <calypso:attributeValue>true</calypso:attributeValue>
                <calypso:attributeClass>Boolean</calypso:attributeClass>
            </calypso:attribute>
            <calypso:attribute>
                <calypso:attributeName>Columns0</calypso:attributeName>
                <calypso:attributeValue>Contract Name</calypso:attributeValue>
                <calypso:attributeClass>String</calypso:attributeClass>
            </calypso:attribute>
            <calypso:attribute>
                <calypso:attributeName>Columns1</calypso:attributeName>
                <calypso:attributeValue>TRADE_KEYWORD.MC_CONTRACT_NUMBER</calypso:attributeValue>
                <calypso:attributeClass>String</calypso:attributeClass>
            </calypso:attribute>
            <calypso:attribute>
                <calypso:attributeName>Columns10</calypso:attributeName>
                <calypso:attributeValue>Maturity Date</calypso:attributeValue>
                <calypso:attributeClass>String</calypso:attributeClass>
            </calypso:attribute>
            <calypso:attribute>
                <calypso:attributeName>Columns11</calypso:attributeName>
                <calypso:attributeValue>TRADE_KEYWORD.Agent</calypso:attributeValue>
                <calypso:attributeClass>String</calypso:attributeClass>
            </calypso:attribute>
            <calypso:attribute>
                <calypso:attributeName>Columns12</calypso:attributeName>
                <calypso:attributeValue>Book</calypso:attributeValue>
                <calypso:attributeClass>String</calypso:attributeClass>
            </calypso:attribute>
            <calypso:attribute>
                <calypso:attributeName>Columns13</calypso:attributeName>
                <calypso:attributeValue>Processing Org.Short Name</calypso:attributeValue>
                <calypso:attributeClass>String</calypso:attributeClass>
            </calypso:attribute>
            <calypso:attribute>
                <calypso:attributeName>Columns14</calypso:attributeName>
                <calypso:attributeValue>CounterParty.Short Name</calypso:attributeValue>
                <calypso:attributeClass>String</calypso:attributeClass>
            </calypso:attribute>
            <calypso:attribute>
                <calypso:attributeName>Columns15</calypso:attributeName>
                <calypso:attributeValue>Product Type</calypso:attributeValue>
                <calypso:attributeClass>String</calypso:attributeClass>
            </calypso:attribute>
            <calypso:attribute>
                <calypso:attributeName>Columns16</calypso:attributeName>
                <calypso:attributeValue>Product Description</calypso:attributeValue>
                <calypso:attributeClass>String</calypso:attributeClass>
            </calypso:attribute>
            <calypso:attribute>
                <calypso:attributeName>Columns17</calypso:attributeName>
                <calypso:attributeValue>Closing Price</calypso:attributeValue>
                <calypso:attributeClass>String</calypso:attributeClass>
            </calypso:attribute>
            <calypso:attribute>
                <calypso:attributeName>Columns18</calypso:attributeName>
                <calypso:attributeValue>Trade Currency</calypso:attributeValue>
                <calypso:attributeClass>String</calypso:attributeClass>
            </calypso:attribute>
            <calypso:attribute>
                <calypso:attributeName>Columns19</calypso:attributeName>
                <calypso:attributeValue>Principal Amount</calypso:attributeValue>
                <calypso:attributeClass>String</calypso:attributeClass>
            </calypso:attribute>
            <calypso:attribute>
                <calypso:attributeName>Columns2</calypso:attributeName>
                <calypso:attributeValue>TRADE_KEYWORD.CONTRACT_TYPE</calypso:attributeValue>
                <calypso:attributeClass>String</calypso:attributeClass>
            </calypso:attribute>
            <calypso:attribute>
                <calypso:attributeName>Columns20</calypso:attributeName>
                <calypso:attributeValue>TRADE_KEYWORD.Rate</calypso:attributeValue>
                <calypso:attributeClass>String</calypso:attributeClass>
            </calypso:attribute>
            <calypso:attribute>
                <calypso:attributeName>Columns21</calypso:attributeName>
                <calypso:attributeValue>Buy/Sell</calypso:attributeValue>
                <calypso:attributeClass>String</calypso:attributeClass>
            </calypso:attribute>
            <calypso:attribute>
                <calypso:attributeName>Columns22</calypso:attributeName>
                <calypso:attributeValue>Book Base Ccy</calypso:attributeValue>
                <calypso:attributeClass>String</calypso:attributeClass>
            </calypso:attribute>
            <calypso:attribute>
                <calypso:attributeName>Columns23</calypso:attributeName>
                <calypso:attributeValue>TRADE_KEYWORD.MTM_CCY</calypso:attributeValue>
                <calypso:attributeClass>String</calypso:attributeClass>
            </calypso:attribute>
            <calypso:attribute>
                <calypso:attributeName>Columns24</calypso:attributeName>
                <calypso:attributeValue>Nominal</calypso:attributeValue>
                <calypso:attributeClass>String</calypso:attributeClass>
            </calypso:attribute>
            <calypso:attribute>
                <calypso:attributeName>Columns25</calypso:attributeName>
                <calypso:attributeValue>TRADE_KEYWORD.Haircut</calypso:attributeValue>
                <calypso:attributeClass>String</calypso:attributeClass>
            </calypso:attribute>
            <calypso:attribute>
                <calypso:attributeName>Columns26</calypso:attributeName>
                <calypso:attributeValue>TRADE_KEYWORD.InternalRate</calypso:attributeValue>
                <calypso:attributeClass>String</calypso:attributeClass>
            </calypso:attribute>
            <calypso:attribute>
                <calypso:attributeName>Columns27</calypso:attributeName>
                <calypso:attributeValue>Dirty Price</calypso:attributeValue>
                <calypso:attributeClass>String</calypso:attributeClass>
            </calypso:attribute>
            <calypso:attribute>
                <calypso:attributeName>Columns28</calypso:attributeName>
                <calypso:attributeValue>TRADE_KEYWORD.REPO_ACCRUED_INTEREST</calypso:attributeValue>
                <calypso:attributeClass>String</calypso:attributeClass>
            </calypso:attribute>
            <calypso:attribute>
                <calypso:attributeName>Columns29</calypso:attributeName>
                <calypso:attributeValue>Clean Price</calypso:attributeValue>
                <calypso:attributeClass>String</calypso:attributeClass>
            </calypso:attribute>
            <calypso:attribute>
                <calypso:attributeName>Columns3</calypso:attributeName>
                <calypso:attributeValue>CounterParty.Full Name</calypso:attributeValue>
                <calypso:attributeClass>String</calypso:attributeClass>
            </calypso:attribute>
            <calypso:attribute>
                <calypso:attributeName>Columns30</calypso:attributeName>
                <calypso:attributeValue>Rate Index</calypso:attributeValue>
                <calypso:attributeClass>String</calypso:attributeClass>
            </calypso:attribute>
            <calypso:attribute>
                <calypso:attributeName>Columns31</calypso:attributeName>
                <calypso:attributeValue>TRADE_KEYWORD.HAIRCUT_FORMULA</calypso:attributeValue>
                <calypso:attributeClass>String</calypso:attributeClass>
            </calypso:attribute>
            <calypso:attribute>
                <calypso:attributeName>Columns32</calypso:attributeName>
                <calypso:attributeValue>TRADE_KEYWORD.BO_SYSTEM</calypso:attributeValue>
                <calypso:attributeClass>String</calypso:attributeClass>
            </calypso:attribute>
            <calypso:attribute>
                <calypso:attributeName>Columns4</calypso:attributeName>
                <calypso:attributeValue>Trade Id</calypso:attributeValue>
                <calypso:attributeClass>String</calypso:attributeClass>
            </calypso:attribute>
            <calypso:attribute>
                <calypso:attributeName>Columns5</calypso:attributeName>
                <calypso:attributeValue>TRADE_KEYWORD.NUM_FRONT_ID</calypso:attributeValue>
                <calypso:attributeClass>String</calypso:attributeClass>
            </calypso:attribute>
            <calypso:attribute>
                <calypso:attributeName>Columns6</calypso:attributeName>
                <calypso:attributeValue>Trade Settle Date</calypso:attributeValue>
                <calypso:attributeClass>String</calypso:attributeClass>
            </calypso:attribute>
            <calypso:attribute>
                <calypso:attributeName>Columns7</calypso:attributeName>
                <calypso:attributeValue>TRADE_KEYWORD.STRUCTURE_ID</calypso:attributeValue>
                <calypso:attributeClass>String</calypso:attributeClass>
            </calypso:attribute>
            <calypso:attribute>
                <calypso:attributeName>Columns8</calypso:attributeName>
                <calypso:attributeValue>Trade Date</calypso:attributeValue>
                <calypso:attributeClass>String</calypso:attributeClass>
            </calypso:attribute>
            <calypso:attribute>
                <calypso:attributeName>Columns9</calypso:attributeName>
                <calypso:attributeValue>Entered Date</calypso:attributeValue>
                <calypso:attributeClass>String</calypso:attributeClass>
            </calypso:attribute>
            <calypso:attribute>
                <calypso:attributeName>Columns_COUNT</calypso:attributeName>
                <calypso:attributeValue>33</calypso:attributeValue>
                <calypso:attributeClass>Integer</calypso:attributeClass>
            </calypso:attribute>
            <calypso:attribute>
                <calypso:attributeName>ExcludeUnderlyingProducts</calypso:attributeName>
                <calypso:attributeValue>false</calypso:attributeValue>
                <calypso:attributeClass>String</calypso:attributeClass>
            </calypso:attribute>
            <calypso:attribute>
                <calypso:attributeName>Holidays</calypso:attributeName>
                <calypso:attributeValue>SYSTEM</calypso:attributeValue>
                <calypso:attributeClass>Vector</calypso:attributeClass>
            </calypso:attribute>
            <calypso:attribute>
                <calypso:attributeName>IncludeArchive</calypso:attributeName>
                <calypso:attributeValue>true</calypso:attributeValue>
                <calypso:attributeClass>Boolean</calypso:attributeClass>
            </calypso:attribute>
            <calypso:attribute>
                <calypso:attributeName>KeywordConditions</calypso:attributeName>
                <calypso:attributeValue>&lt;com.calypso.ui.component.condition.ConditionTree&gt;
  &lt;boolean&gt;true&lt;/boolean&gt;
  &lt;map&gt;
    &lt;entry&gt;
      &lt;string&gt;_root&lt;/string&gt;
      &lt;com.calypso.ui.component.condition.ConditionTreeNode&gt;
        &lt;boolean&gt;true&lt;/boolean&gt;
        &lt;map&gt;
          &lt;entry&gt;
            &lt;string&gt;_propertyId&lt;/string&gt;
            &lt;null/&gt;
          &lt;/entry&gt;
          &lt;entry&gt;
            &lt;string&gt;_operands&lt;/string&gt;
            &lt;object-array&gt;
              &lt;com.calypso.ui.component.condition.ConditionTreeNode&gt;
                &lt;boolean&gt;true&lt;/boolean&gt;
                &lt;map&gt;
                  &lt;entry&gt;
                    &lt;string&gt;_propertyId&lt;/string&gt;
                    &lt;null/&gt;
                  &lt;/entry&gt;
                  &lt;entry&gt;
                    &lt;string&gt;_operands&lt;/string&gt;
                    &lt;null/&gt;
                  &lt;/entry&gt;
                  &lt;entry&gt;
                    &lt;string&gt;_operatorId&lt;/string&gt;
                    &lt;string&gt;&amp;amp;&amp;amp;&lt;/string&gt;
                  &lt;/entry&gt;
                &lt;/map&gt;
              &lt;/com.calypso.ui.component.condition.ConditionTreeNode&gt;
            &lt;/object-array&gt;
          &lt;/entry&gt;
          &lt;entry&gt;
            &lt;string&gt;_operatorId&lt;/string&gt;
            &lt;string&gt;ConditionRoot&lt;/string&gt;
          &lt;/entry&gt;
        &lt;/map&gt;
      &lt;/com.calypso.ui.component.condition.ConditionTreeNode&gt;
    &lt;/entry&gt;
    &lt;entry&gt;
      &lt;string&gt;_name&lt;/string&gt;
      &lt;null/&gt;
    &lt;/entry&gt;
  &lt;/map&gt;
&lt;/com.calypso.ui.component.condition.ConditionTree&gt;</calypso:attributeValue>
                <calypso:attributeClass>ConditionTree</calypso:attributeClass>
            </calypso:attribute>
            <calypso:attribute>
                <calypso:attributeName>MaturityEndPlus</calypso:attributeName>
                <calypso:attributeValue>-</calypso:attributeValue>
                <calypso:attributeClass>String</calypso:attributeClass>
            </calypso:attribute>
            <calypso:attribute>
                <calypso:attributeName>MaturityEndTenor</calypso:attributeName>
                <calypso:attributeValue>1D</calypso:attributeValue>
                <calypso:attributeClass>String</calypso:attributeClass>
            </calypso:attribute>
            <calypso:attribute>
                <calypso:attributeName>MaturityOpenTerm</calypso:attributeName>
                <calypso:attributeValue>false</calypso:attributeValue>
                <calypso:attributeClass>String</calypso:attributeClass>
            </calypso:attribute>
            <calypso:attribute>
                <calypso:attributeName>MaturityStartPlus</calypso:attributeName>
                <calypso:attributeValue>-</calypso:attributeValue>
                <calypso:attributeClass>String</calypso:attributeClass>
            </calypso:attribute>
            <calypso:attribute>
                <calypso:attributeName>MaturityStartTenor</calypso:attributeName>
                <calypso:attributeValue>1M</calypso:attributeValue>
                <calypso:attributeClass>String</calypso:attributeClass>
            </calypso:attribute>
            <calypso:attribute>
                <calypso:attributeName>PricingEnvName</calypso:attributeName>
                <calypso:attributeValue>CleanPrice</calypso:attributeValue>
                <calypso:attributeClass>String</calypso:attributeClass>
            </calypso:attribute>
            <calypso:attribute>
                <calypso:attributeName>Processing Org Include Child</calypso:attributeName>
                <calypso:attributeValue>false</calypso:attributeValue>
                <calypso:attributeClass>Boolean</calypso:attributeClass>
            </calypso:attribute>
            <calypso:attribute>
                <calypso:attributeName>RiskExplodeTrade</calypso:attributeName>
                <calypso:attributeValue>false</calypso:attributeValue>
                <calypso:attributeClass>Boolean</calypso:attributeClass>
            </calypso:attribute>
            <calypso:attribute>
                <calypso:attributeName>SdFilter</calypso:attributeName>
                <calypso:attributeValue>MEX_IsNotMexican</calypso:attributeValue>
                <calypso:attributeClass>String</calypso:attributeClass>
            </calypso:attribute>
            <calypso:attribute>
                <calypso:attributeName>SecCode</calypso:attributeName>
                <calypso:attributeValue>AGENCY_LEND_BENCH_RATE</calypso:attributeValue>
                <calypso:attributeClass>String</calypso:attributeClass>
            </calypso:attribute>
            <calypso:attribute>
                <calypso:attributeName>SellFlag</calypso:attributeName>
                <calypso:attributeValue>true</calypso:attributeValue>
                <calypso:attributeClass>Boolean</calypso:attributeClass>
            </calypso:attribute>
            <calypso:attribute>
                <calypso:attributeName>Status</calypso:attributeName>
                <calypso:attributeValue>MATURED</calypso:attributeValue>
                <calypso:attributeClass>String</calypso:attributeClass>
            </calypso:attribute>
            <calypso:attribute>
                <calypso:attributeName>TRADE_FILTER</calypso:attributeName>
                <calypso:attributeValue>ALL</calypso:attributeValue>
                <calypso:attributeClass>String</calypso:attributeClass>
            </calypso:attribute>
            <calypso:attribute>
                <calypso:attributeName>TableViewName</calypso:attributeName>
                <calypso:attributeValue>Simple</calypso:attributeValue>
                <calypso:attributeClass>String</calypso:attributeClass>
            </calypso:attribute>
            <calypso:attribute>
                <calypso:attributeName>Title</calypso:attributeName>
                <calypso:attributeValue>Trade Browser</calypso:attributeValue>
                <calypso:attributeClass>String</calypso:attributeClass>
            </calypso:attribute>
            <calypso:attribute>
                <calypso:attributeName>UNDO_DATE_CHECK</calypso:attributeName>
                <calypso:attributeValue>false</calypso:attributeValue>
                <calypso:attributeClass>String</calypso:attributeClass>
            </calypso:attribute>
        </calypso:reportAttributes>
        <calypso:tradeFilter>
            <calypso:type>com.calypso.tk.mo.TradeFilter</calypso:type>
            <calypso:identifier code="ALL" codifier="convention"/>
            <calypso:calypsoBusinessKey>
                <calypso:propertyName>name</calypso:propertyName>
                <calypso:propertyValue>ALL</calypso:propertyValue>
            </calypso:calypsoBusinessKey>
        </calypso:tradeFilter>
        <calypso:staticDataFilter>
            <calypso:type>com.calypso.tk.refdata.StaticDataFilter</calypso:type>
            <calypso:identifier code="MEX_IsNotMexican" codifier="convention"/>
            <calypso:calypsoBusinessKey>
                <calypso:propertyName>name</calypso:propertyName>
                <calypso:propertyValue>MEX_IsNotMexican</calypso:propertyValue>
            </calypso:calypsoBusinessKey>
        </calypso:staticDataFilter>
        <calypso:statuses>
            <calypso:domainValue>
                <calypso:type>com.calypso.tk.refdata.DomainValueAdapter</calypso:type>
                <calypso:separator>#</calypso:separator>
                <calypso:identifier code="tradeStatus#MATURED" codifier="convention"/>
                <calypso:calypsoBusinessKey>
                    <calypso:propertyName>domainName</calypso:propertyName>
                    <calypso:propertyValue>tradeStatus</calypso:propertyValue>
                </calypso:calypsoBusinessKey>
                <calypso:calypsoBusinessKey>
                    <calypso:propertyName>value</calypso:propertyName>
                    <calypso:propertyValue>MATURED</calypso:propertyValue>
                </calypso:calypsoBusinessKey>
            </calypso:domainValue>
        </calypso:statuses>
        <calypso:secCodeType>
            <calypso:type>com.calypso.tk.refdata.ProductCode</calypso:type>
            <calypso:identifier code="AGENCY_LEND_BENCH_RATE" codifier="convention"/>
            <calypso:calypsoBusinessKey>
                <calypso:propertyName>code</calypso:propertyName>
                <calypso:propertyValue>AGENCY_LEND_BENCH_RATE</calypso:propertyValue>
            </calypso:calypsoBusinessKey>
        </calypso:secCodeType>
        <calypso:maturityStartTenor>
            <calypso:itemValue>1M</calypso:itemValue>
        </calypso:maturityStartTenor>
        <calypso:maturityEndTenor>
            <calypso:domainValue>
                <calypso:type>com.calypso.tk.refdata.DomainValueAdapter</calypso:type>
                <calypso:separator>#</calypso:separator>
                <calypso:identifier code="DateRuleReportTemplate#1D" codifier="convention"/>
                <calypso:calypsoBusinessKey>
                    <calypso:propertyName>domainName</calypso:propertyName>
                    <calypso:propertyValue>DateRuleReportTemplate</calypso:propertyValue>
                </calypso:calypsoBusinessKey>
                <calypso:calypsoBusinessKey>
                    <calypso:propertyName>value</calypso:propertyName>
                    <calypso:propertyValue>1D</calypso:propertyValue>
                </calypso:calypsoBusinessKey>
            </calypso:domainValue>
        </calypso:maturityEndTenor>
        <calypso:isBundleNameSet>false</calypso:isBundleNameSet>
    </calypso:calypsoObject>
</calypso:calypsoDocument>
