<?xml version="1.0" encoding="iso-8859-1" standalone="yes"?>
<calypso:calypsoDocument xmlns:liquidityrule="http://www.calypso.com/liquidityrule" xmlns:liquiditycriteria="http://www.calypso.com/liquiditycriteria" xmlns:liquidityposition="http://www.calypso.com/liquidityposition" xmlns:matching="http://www.calypso.com/matching" xmlns:scheduler="http://www.calypso.com/scheduler" xmlns:liquidityreporting="http://www.calypso.com/liquidityreporting" xmlns:kpiservice="http://www.calypso.com/kpiservice" xmlns:ns12="http://www.calypso.com/bo-messaging" xmlns:assumption="http://www.calypso.com/assumption" xmlns:hedgeaccounting="http://www.calypso.com/hedgeaccounting" xmlns:swift="http://www.calypso.com/swift" xmlns:bondexoticnote="http://www.calypso.com/bondexoticnote" xmlns:datauploader="http://www.calypso.com/datauploader" xmlns:ftp="http://www.calypso.com/ftp" xmlns:pricingscript="http://www.calypso.com/pricingscript" xmlns:am="http://www.calypso.com/am" xmlns:scriptableOTC="http://www.calypso.com/scriptableOTC" xmlns:pricingsheet="http://www.calypso.com/pricingsheet" xmlns:taskstation="http://www.calypso.com/taskstation" xmlns:liquiditycore="http://www.calypso.com/liquiditycore" xmlns:calypso="http://www.calypso.com/xml" xmlns:accplreconciliation="http://www.calypso.com/accplreconciliation" xmlns:liquidityclassification="http://www.calypso.com/liquidityclassification" xmlns:collateral="http://www.calypso.com/collateral" xmlns:calculationserver="http://www.calypso.com/calculationserver">
    <calypso:calypsoObject xsi:type="calypso:CurrencyPair" version="14-0" action="" xmlns:xsi="http://www.w3.org/2001/XMLSchema-instance">
        <calypso:primary>
            <calypso:type>com.calypso.tk.refdata.CurrencyDefault</calypso:type>
            <calypso:identifier code="GTQ" codifier="convention"/>
            <calypso:calypsoBusinessKey>
                <calypso:propertyName>code</calypso:propertyName>
                <calypso:propertyValue>GTQ</calypso:propertyValue>
            </calypso:calypsoBusinessKey>
        </calypso:primary>
        <calypso:quoting>
            <calypso:type>com.calypso.tk.refdata.CurrencyDefault</calypso:type>
            <calypso:identifier code="MXN" codifier="convention"/>
            <calypso:calypsoBusinessKey>
                <calypso:propertyName>code</calypso:propertyName>
                <calypso:propertyValue>MXN</calypso:propertyValue>
            </calypso:calypsoBusinessKey>
        </calypso:quoting>
        <calypso:pairPosRef>false</calypso:pairPosRef>
        <calypso:divide>false</calypso:divide>
        <calypso:quoteFactor>1</calypso:quoteFactor>
        <calypso:pointFactor>10000</calypso:pointFactor>
        <calypso:pointRounding>1</calypso:pointRounding>
        <calypso:quoteRounding>4</calypso:quoteRounding>
        <calypso:spotDays>-1</calypso:spotDays>
        <calypso:maxSpotDays>-1</calypso:maxSpotDays>
        <calypso:base>false</calypso:base>
        <calypso:activeFrom>1970-01-01Z</calypso:activeFrom>
        <calypso:activeTo>2050-01-01Z</calypso:activeTo>
        <calypso:familyRounding>0</calypso:familyRounding>
        <calypso:attributes>
            <calypso:name>
                <calypso:domainValue>
                    <calypso:type>com.calypso.tk.refdata.DomainValueAdapter</calypso:type>
                    <calypso:separator>#</calypso:separator>
                    <calypso:identifier code="currencyPairAttribute#DisplayFactor" codifier="convention"/>
                    <calypso:calypsoBusinessKey>
                        <calypso:propertyName>domainName</calypso:propertyName>
                        <calypso:propertyValue>currencyPairAttribute</calypso:propertyValue>
                    </calypso:calypsoBusinessKey>
                    <calypso:calypsoBusinessKey>
                        <calypso:propertyName>value</calypso:propertyName>
                        <calypso:propertyValue>DisplayFactor</calypso:propertyValue>
                    </calypso:calypsoBusinessKey>
                </calypso:domainValue>
            </calypso:name>
            <calypso:stringValue>1</calypso:stringValue>
        </calypso:attributes>
        <calypso:bigFigRounding>0</calypso:bigFigRounding>
        <calypso:primaryDeltaTermB>false</calypso:primaryDeltaTermB>
        <calypso:deltaDisplayCcy>Secondary</calypso:deltaDisplayCcy>
        <calypso:pLDisplayCcy>Secondary</calypso:pLDisplayCcy>
        <calypso:quoteFactorMultiply>false</calypso:quoteFactorMultiply>
        <calypso:fromValidSavedConfiguration>true</calypso:fromValidSavedConfiguration>
    </calypso:calypsoObject>
</calypso:calypsoDocument>
