<?xml version="1.0" encoding="iso-8859-1" standalone="yes"?>
<calypso:calypsoDocument xmlns:liquidityrule="http://www.calypso.com/liquidityrule" xmlns:liquiditycriteria="http://www.calypso.com/liquiditycriteria" xmlns:liquidityposition="http://www.calypso.com/liquidityposition" xmlns:matching="http://www.calypso.com/matching" xmlns:scheduler="http://www.calypso.com/scheduler" xmlns:liquidityreporting="http://www.calypso.com/liquidityreporting" xmlns:kpiservice="http://www.calypso.com/kpiservice" xmlns:ns12="http://www.calypso.com/bo-messaging" xmlns:assumption="http://www.calypso.com/assumption" xmlns:hedgeaccounting="http://www.calypso.com/hedgeaccounting" xmlns:swift="http://www.calypso.com/swift" xmlns:bondexoticnote="http://www.calypso.com/bondexoticnote" xmlns:datauploader="http://www.calypso.com/datauploader" xmlns:ftp="http://www.calypso.com/ftp" xmlns:pricingscript="http://www.calypso.com/pricingscript" xmlns:am="http://www.calypso.com/am" xmlns:scriptableOTC="http://www.calypso.com/scriptableOTC" xmlns:pricingsheet="http://www.calypso.com/pricingsheet" xmlns:taskstation="http://www.calypso.com/taskstation" xmlns:liquiditycore="http://www.calypso.com/liquiditycore" xmlns:calypso="http://www.calypso.com/xml" xmlns:accplreconciliation="http://www.calypso.com/accplreconciliation" xmlns:liquidityclassification="http://www.calypso.com/liquidityclassification" xmlns:collateral="http://www.calypso.com/collateral" xmlns:calculationserver="http://www.calypso.com/calculationserver">
    <calypso:calypsoObject xsi:type="calypso:ReportTemplate" version="14-0" action="" xmlns:xsi="http://www.w3.org/2001/XMLSchema-instance">
        <calypso:reportTypeDomainValue>
            <calypso:domainValue>
                <calypso:type>com.calypso.tk.refdata.DomainValueAdapter</calypso:type>
                <calypso:separator>#</calypso:separator>
                <calypso:identifier code="REPORT.Types#MarginCallDigitalPlatform" codifier="convention"/>
                <calypso:calypsoBusinessKey>
                    <calypso:propertyName>domainName</calypso:propertyName>
                    <calypso:propertyValue>REPORT.Types</calypso:propertyValue>
                </calypso:calypsoBusinessKey>
                <calypso:calypsoBusinessKey>
                    <calypso:propertyName>value</calypso:propertyName>
                    <calypso:propertyValue>MarginCallDigitalPlatform</calypso:propertyValue>
                </calypso:calypsoBusinessKey>
            </calypso:domainValue>
        </calypso:reportTypeDomainValue>
        <calypso:reportType>MarginCallDigitalPlatform</calypso:reportType>
        <calypso:name>MarginCallEntryDP</calypso:name>
        <calypso:hidden>false</calypso:hidden>
        <calypso:private>false</calypso:private>
        <calypso:user>x957355</calypso:user>
        <calypso:reportAttributes>
            <calypso:attribute>
                <calypso:attributeName>ACADIA</calypso:attributeName>
                <calypso:attributeValue>ALL</calypso:attributeValue>
                <calypso:attributeClass>String</calypso:attributeClass>
            </calypso:attribute>
            <calypso:attribute>
                <calypso:attributeName>ARCHIVED_ENTRIES</calypso:attributeName>
                <calypso:attributeValue>false</calypso:attributeValue>
                <calypso:attributeClass>Boolean</calypso:attributeClass>
            </calypso:attribute>
            <calypso:attribute>
                <calypso:attributeName>AggregatedFlag</calypso:attributeName>
                <calypso:attributeValue>false</calypso:attributeValue>
                <calypso:attributeClass>Boolean</calypso:attributeClass>
            </calypso:attribute>
            <calypso:attribute>
                <calypso:attributeName>CaseInsensitiveTextSort</calypso:attributeName>
                <calypso:attributeValue>false</calypso:attributeValue>
                <calypso:attributeClass>Boolean</calypso:attributeClass>
            </calypso:attribute>
            <calypso:attribute>
                <calypso:attributeName>ColumnNames_Contract Currency</calypso:attributeName>
                <calypso:attributeValue>currency</calypso:attributeValue>
                <calypso:attributeClass>String</calypso:attributeClass>
            </calypso:attribute>
            <calypso:attribute>
                <calypso:attributeName>ColumnNames_Dispute Amount</calypso:attributeName>
                <calypso:attributeValue>differenceAmount</calypso:attributeValue>
                <calypso:attributeClass>String</calypso:attributeClass>
            </calypso:attribute>
            <calypso:attribute>
                <calypso:attributeName>ColumnNames_Id</calypso:attributeName>
                <calypso:attributeValue>id</calypso:attributeValue>
                <calypso:attributeClass>String</calypso:attributeClass>
            </calypso:attribute>
            <calypso:attribute>
                <calypso:attributeName>ColumnNames_Independent Amount</calypso:attributeName>
                <calypso:attributeValue>independentAmount</calypso:attributeValue>
                <calypso:attributeClass>String</calypso:attributeClass>
            </calypso:attribute>
            <calypso:attribute>
                <calypso:attributeName>ColumnNames_Legal Entity.Full Name</calypso:attributeName>
                <calypso:attributeValue>counterparty.name</calypso:attributeValue>
                <calypso:attributeClass>String</calypso:attributeClass>
            </calypso:attribute>
            <calypso:attribute>
                <calypso:attributeName>ColumnNames_Legal Entity.Short Name</calypso:attributeName>
                <calypso:attributeValue>counterparty.glcs</calypso:attributeValue>
                <calypso:attributeClass>String</calypso:attributeClass>
            </calypso:attribute>
            <calypso:attribute>
                <calypso:attributeName>ColumnNames_MTA LE Amount</calypso:attributeName>
                <calypso:attributeValue>mta</calypso:attributeValue>
                <calypso:attributeClass>String</calypso:attributeClass>
            </calypso:attribute>
            <calypso:attribute>
                <calypso:attributeName>ColumnNames_MarginCallConfig.Contract Type</calypso:attributeName>
                <calypso:attributeValue>agreementType</calypso:attributeValue>
                <calypso:attributeClass>String</calypso:attributeClass>
            </calypso:attribute>
            <calypso:attribute>
                <calypso:attributeName>ColumnNames_MarginCallConfig.PO Threshold Percentage</calypso:attributeName>
                <calypso:attributeValue>threshold</calypso:attributeValue>
                <calypso:attributeClass>String</calypso:attributeClass>
            </calypso:attribute>
            <calypso:attribute>
                <calypso:attributeName>ColumnNames_MarginCallConfig.Workflow Product</calypso:attributeName>
                <calypso:attributeValue>MarginCallConfig.Workflow Product</calypso:attributeValue>
                <calypso:attributeClass>String</calypso:attributeClass>
            </calypso:attribute>
            <calypso:attribute>
                <calypso:attributeName>ColumnNames_MarginCallConfig.Workflow Subtype</calypso:attributeName>
                <calypso:attributeValue>marginCallType</calypso:attributeValue>
                <calypso:attributeClass>String</calypso:attributeClass>
            </calypso:attribute>
            <calypso:attribute>
                <calypso:attributeName>ColumnNames_Net Balance</calypso:attributeName>
                <calypso:attributeValue>exposure</calypso:attributeValue>
                <calypso:attributeClass>String</calypso:attributeClass>
            </calypso:attribute>
            <calypso:attribute>
                <calypso:attributeName>ColumnNames_Process Date</calypso:attributeName>
                <calypso:attributeValue>callDate</calypso:attributeValue>
                <calypso:attributeClass>String</calypso:attributeClass>
            </calypso:attribute>
            <calypso:attribute>
                <calypso:attributeName>ColumnNames_Processing Org.Full Name</calypso:attributeName>
                <calypso:attributeValue>bank.name</calypso:attributeValue>
                <calypso:attributeClass>String</calypso:attributeClass>
            </calypso:attribute>
            <calypso:attribute>
                <calypso:attributeName>ColumnNames_Processing Org.Short Name</calypso:attributeName>
                <calypso:attributeValue>bank.code</calypso:attributeValue>
                <calypso:attributeClass>String</calypso:attributeClass>
            </calypso:attribute>
            <calypso:attribute>
                <calypso:attributeName>ColumnNames_Required Calc Mrg</calypso:attributeName>
                <calypso:attributeValue>totalCallAmount</calypso:attributeValue>
                <calypso:attributeClass>String</calypso:attributeClass>
            </calypso:attribute>
            <calypso:attribute>
                <calypso:attributeName>ColumnNames_Status</calypso:attributeName>
                <calypso:attributeValue>Status</calypso:attributeValue>
                <calypso:attributeClass>String</calypso:attributeClass>
            </calypso:attribute>
            <calypso:attribute>
                <calypso:attributeName>ColumnNames_Total Prev Mrg</calypso:attributeName>
                <calypso:attributeValue>collateralBalance</calypso:attributeValue>
                <calypso:attributeClass>String</calypso:attributeClass>
            </calypso:attribute>
            <calypso:attribute>
                <calypso:attributeName>ColumnNames_Workflow Product</calypso:attributeName>
                <calypso:attributeValue>Workflow Product</calypso:attributeValue>
                <calypso:attributeClass>String</calypso:attributeClass>
            </calypso:attribute>
            <calypso:attribute>
                <calypso:attributeName>ColumnNames_Workflow Subtype</calypso:attributeName>
                <calypso:attributeValue>marginCallType</calypso:attributeValue>
                <calypso:attributeClass>String</calypso:attributeClass>
            </calypso:attribute>
            <calypso:attribute>
                <calypso:attributeName>ColumnNames_value Date</calypso:attributeName>
                <calypso:attributeValue>valuationDate</calypso:attributeValue>
                <calypso:attributeClass>String</calypso:attributeClass>
            </calypso:attribute>
            <calypso:attribute>
                <calypso:attributeName>Columns0</calypso:attributeName>
                <calypso:attributeValue>Id</calypso:attributeValue>
                <calypso:attributeClass>String</calypso:attributeClass>
            </calypso:attribute>
            <calypso:attribute>
                <calypso:attributeName>Columns1</calypso:attributeName>
                <calypso:attributeValue>Status</calypso:attributeValue>
                <calypso:attributeClass>String</calypso:attributeClass>
            </calypso:attribute>
            <calypso:attribute>
                <calypso:attributeName>Columns10</calypso:attributeName>
                <calypso:attributeValue>MTA LE Amount</calypso:attributeValue>
                <calypso:attributeClass>String</calypso:attributeClass>
            </calypso:attribute>
            <calypso:attribute>
                <calypso:attributeName>Columns11</calypso:attributeName>
                <calypso:attributeValue>Dispute Amount</calypso:attributeValue>
                <calypso:attributeClass>String</calypso:attributeClass>
            </calypso:attribute>
            <calypso:attribute>
                <calypso:attributeName>Columns12</calypso:attributeName>
                <calypso:attributeValue>Net Balance</calypso:attributeValue>
                <calypso:attributeClass>String</calypso:attributeClass>
            </calypso:attribute>
            <calypso:attribute>
                <calypso:attributeName>Columns13</calypso:attributeName>
                <calypso:attributeValue>Total Prev Mrg</calypso:attributeValue>
                <calypso:attributeClass>String</calypso:attributeClass>
            </calypso:attribute>
            <calypso:attribute>
                <calypso:attributeName>Columns14</calypso:attributeName>
                <calypso:attributeValue>MarginCallConfig.PO Threshold Percentage</calypso:attributeValue>
                <calypso:attributeClass>String</calypso:attributeClass>
            </calypso:attribute>
            <calypso:attribute>
                <calypso:attributeName>Columns15</calypso:attributeName>
                <calypso:attributeValue>Independent Amount</calypso:attributeValue>
                <calypso:attributeClass>String</calypso:attributeClass>
            </calypso:attribute>
            <calypso:attribute>
                <calypso:attributeName>Columns16</calypso:attributeName>
                <calypso:attributeValue>Contract Currency</calypso:attributeValue>
                <calypso:attributeClass>String</calypso:attributeClass>
            </calypso:attribute>
            <calypso:attribute>
                <calypso:attributeName>Columns17</calypso:attributeName>
                <calypso:attributeValue>MarginCallConfig.Workflow Subtype</calypso:attributeValue>
                <calypso:attributeClass>String</calypso:attributeClass>
            </calypso:attribute>
            <calypso:attribute>
                <calypso:attributeName>Columns2</calypso:attributeName>
                <calypso:attributeValue>MarginCallConfig.Contract Type</calypso:attributeValue>
                <calypso:attributeClass>String</calypso:attributeClass>
            </calypso:attribute>
            <calypso:attribute>
                <calypso:attributeName>Columns3</calypso:attributeName>
                <calypso:attributeValue>Process Date</calypso:attributeValue>
                <calypso:attributeClass>String</calypso:attributeClass>
            </calypso:attribute>
            <calypso:attribute>
                <calypso:attributeName>Columns4</calypso:attributeName>
                <calypso:attributeValue>value Date</calypso:attributeValue>
                <calypso:attributeClass>String</calypso:attributeClass>
            </calypso:attribute>
            <calypso:attribute>
                <calypso:attributeName>Columns5</calypso:attributeName>
                <calypso:attributeValue>Processing Org.Short Name</calypso:attributeValue>
                <calypso:attributeClass>String</calypso:attributeClass>
            </calypso:attribute>
            <calypso:attribute>
                <calypso:attributeName>Columns6</calypso:attributeName>
                <calypso:attributeValue>Processing Org.Full Name</calypso:attributeValue>
                <calypso:attributeClass>String</calypso:attributeClass>
            </calypso:attribute>
            <calypso:attribute>
                <calypso:attributeName>Columns7</calypso:attributeName>
                <calypso:attributeValue>Legal Entity.Short Name</calypso:attributeValue>
                <calypso:attributeClass>String</calypso:attributeClass>
            </calypso:attribute>
            <calypso:attribute>
                <calypso:attributeName>Columns8</calypso:attributeName>
                <calypso:attributeValue>Legal Entity.Full Name</calypso:attributeValue>
                <calypso:attributeClass>String</calypso:attributeClass>
            </calypso:attribute>
            <calypso:attribute>
                <calypso:attributeName>Columns9</calypso:attributeName>
                <calypso:attributeValue>Required Calc Mrg</calypso:attributeValue>
                <calypso:attributeClass>String</calypso:attributeClass>
            </calypso:attribute>
            <calypso:attribute>
                <calypso:attributeName>Columns_COUNT</calypso:attributeName>
                <calypso:attributeValue>18</calypso:attributeValue>
                <calypso:attributeClass>Integer</calypso:attributeClass>
            </calypso:attribute>
            <calypso:attribute>
                <calypso:attributeName>HIDE_INACTIVE_EG</calypso:attributeName>
                <calypso:attributeValue>false</calypso:attributeValue>
                <calypso:attributeClass>Boolean</calypso:attributeClass>
            </calypso:attribute>
            <calypso:attribute>
                <calypso:attributeName>INCLUDE_COLLATERALS</calypso:attributeName>
                <calypso:attributeValue>true</calypso:attributeValue>
                <calypso:attributeClass>Boolean</calypso:attributeClass>
            </calypso:attribute>
            <calypso:attribute>
                <calypso:attributeName>TableViewName</calypso:attributeName>
                <calypso:attributeValue>Simple</calypso:attributeValue>
                <calypso:attributeClass>String</calypso:attributeClass>
            </calypso:attribute>
        </calypso:reportAttributes>
    </calypso:calypsoObject>
</calypso:calypsoDocument>
