<?xml version="1.0" encoding="iso-8859-1" standalone="yes"?>
<calypso:calypsoDocument xmlns:liquidityrule="http://www.calypso.com/liquidityrule" xmlns:liquiditycriteria="http://www.calypso.com/liquiditycriteria" xmlns:liquidityposition="http://www.calypso.com/liquidityposition" xmlns:matching="http://www.calypso.com/matching" xmlns:scheduler="http://www.calypso.com/scheduler" xmlns:liquidityreporting="http://www.calypso.com/liquidityreporting" xmlns:kpiservice="http://www.calypso.com/kpiservice" xmlns:ns12="http://www.calypso.com/bo-messaging" xmlns:assumption="http://www.calypso.com/assumption" xmlns:hedgeaccounting="http://www.calypso.com/hedgeaccounting" xmlns:swift="http://www.calypso.com/swift" xmlns:bondexoticnote="http://www.calypso.com/bondexoticnote" xmlns:datauploader="http://www.calypso.com/datauploader" xmlns:ftp="http://www.calypso.com/ftp" xmlns:pricingscript="http://www.calypso.com/pricingscript" xmlns:am="http://www.calypso.com/am" xmlns:scriptableOTC="http://www.calypso.com/scriptableOTC" xmlns:pricingsheet="http://www.calypso.com/pricingsheet" xmlns:taskstation="http://www.calypso.com/taskstation" xmlns:liquiditycore="http://www.calypso.com/liquiditycore" xmlns:calypso="http://www.calypso.com/xml" xmlns:accplreconciliation="http://www.calypso.com/accplreconciliation" xmlns:liquidityclassification="http://www.calypso.com/liquidityclassification" xmlns:collateral="http://www.calypso.com/collateral" xmlns:calculationserver="http://www.calypso.com/calculationserver">
    <calypso:calypsoObject xsi:type="calypso:ReportTemplate" version="14-0" action="" xmlns:xsi="http://www.w3.org/2001/XMLSchema-instance">
        <calypso:reportTypeDomainValue>
            <calypso:domainValue>
                <calypso:type>com.calypso.tk.refdata.DomainValueAdapter</calypso:type>
                <calypso:separator>#</calypso:separator>
                <calypso:identifier code="REPORT.Types#MarginCallEntry" codifier="convention"/>
                <calypso:calypsoBusinessKey>
                    <calypso:propertyName>domainName</calypso:propertyName>
                    <calypso:propertyValue>REPORT.Types</calypso:propertyValue>
                </calypso:calypsoBusinessKey>
                <calypso:calypsoBusinessKey>
                    <calypso:propertyName>value</calypso:propertyName>
                    <calypso:propertyValue>MarginCallEntry</calypso:propertyValue>
                </calypso:calypsoBusinessKey>
            </calypso:domainValue>
        </calypso:reportTypeDomainValue>
        <calypso:reportType>MarginCallEntry</calypso:reportType>
        <calypso:name>SEND_FILENET</calypso:name>
        <calypso:hidden>false</calypso:hidden>
        <calypso:private>false</calypso:private>
        <calypso:user>bonos</calypso:user>
        <calypso:reportAttributes>
            <calypso:attribute>
                <calypso:attributeName>ARCHIVED_ENTRIES</calypso:attributeName>
                <calypso:attributeValue>false</calypso:attributeValue>
                <calypso:attributeClass>Boolean</calypso:attributeClass>
            </calypso:attribute>
            <calypso:attribute>
                <calypso:attributeName>AggregatedFlag</calypso:attributeName>
                <calypso:attributeValue>false</calypso:attributeValue>
                <calypso:attributeClass>Boolean</calypso:attributeClass>
            </calypso:attribute>
            <calypso:attribute>
                <calypso:attributeName>COLLATERAL_CONTRACT_FILTER</calypso:attributeName>
                <calypso:attributeValue>SEND_TO_FILENET_IN</calypso:attributeValue>
                <calypso:attributeClass>String</calypso:attributeClass>
            </calypso:attribute>
            <calypso:attribute>
                <calypso:attributeName>ColumnNames_(Daily Total Mrg)</calypso:attributeName>
                <calypso:attributeValue>Executed Allocation Amount</calypso:attributeValue>
                <calypso:attributeClass>String</calypso:attributeClass>
            </calypso:attribute>
            <calypso:attribute>
                <calypso:attributeName>ColumnNames_Contract Currency</calypso:attributeName>
                <calypso:attributeValue>Base Currency</calypso:attributeValue>
                <calypso:attributeClass>String</calypso:attributeClass>
            </calypso:attribute>
            <calypso:attribute>
                <calypso:attributeName>ColumnNames_Contract Id</calypso:attributeName>
                <calypso:attributeValue>Contract Id</calypso:attributeValue>
                <calypso:attributeClass>String</calypso:attributeClass>
            </calypso:attribute>
            <calypso:attribute>
                <calypso:attributeName>ColumnNames_Global Required Mrg</calypso:attributeName>
                <calypso:attributeValue>Margin Call</calypso:attributeValue>
                <calypso:attributeClass>String</calypso:attributeClass>
            </calypso:attribute>
            <calypso:attribute>
                <calypso:attributeName>ColumnNames_Independent Amount</calypso:attributeName>
                <calypso:attributeValue>Independent Amount</calypso:attributeValue>
                <calypso:attributeClass>String</calypso:attributeClass>
            </calypso:attribute>
            <calypso:attribute>
                <calypso:attributeName>ColumnNames_MarginCallConfig.ADDITIONAL_FIELD.HEAD_CLONE</calypso:attributeName>
                <calypso:attributeValue>Head_Clone</calypso:attributeValue>
                <calypso:attributeClass>String</calypso:attributeClass>
            </calypso:attribute>
            <calypso:attribute>
                <calypso:attributeName>ColumnNames_MarginCallConfig.Legal Entity.Full Name</calypso:attributeName>
                <calypso:attributeValue>Ful Name</calypso:attributeValue>
                <calypso:attributeClass>String</calypso:attributeClass>
            </calypso:attribute>
            <calypso:attribute>
                <calypso:attributeName>ColumnNames_Minimum Transfer Amount</calypso:attributeName>
                <calypso:attributeValue>Minimum Transfer Amount</calypso:attributeValue>
                <calypso:attributeClass>String</calypso:attributeClass>
            </calypso:attribute>
            <calypso:attribute>
                <calypso:attributeName>ColumnNames_Net Balance</calypso:attributeName>
                <calypso:attributeValue>Gross Exposure (Prior Tolerance)</calypso:attributeValue>
                <calypso:attributeClass>String</calypso:attributeClass>
            </calypso:attribute>
            <calypso:attribute>
                <calypso:attributeName>ColumnNames_Net Balance (No Buffer)</calypso:attributeName>
                <calypso:attributeValue>Gross Exposure (After Tolerance)</calypso:attributeValue>
                <calypso:attributeClass>String</calypso:attributeClass>
            </calypso:attribute>
            <calypso:attribute>
                <calypso:attributeName>ColumnNames_Net Exposure</calypso:attributeName>
                <calypso:attributeValue>Balance</calypso:attributeValue>
                <calypso:attributeClass>String</calypso:attributeClass>
            </calypso:attribute>
            <calypso:attribute>
                <calypso:attributeName>ColumnNames_Prev Cash Mrg</calypso:attributeName>
                <calypso:attributeValue>Cash</calypso:attributeValue>
                <calypso:attributeClass>String</calypso:attributeClass>
            </calypso:attribute>
            <calypso:attribute>
                <calypso:attributeName>ColumnNames_Prev Sec Mrg</calypso:attributeName>
                <calypso:attributeValue>Securities</calypso:attributeValue>
                <calypso:attributeClass>String</calypso:attributeClass>
            </calypso:attribute>
            <calypso:attribute>
                <calypso:attributeName>ColumnNames_Process Date</calypso:attributeName>
                <calypso:attributeValue>Process Date</calypso:attributeValue>
                <calypso:attributeClass>String</calypso:attributeClass>
            </calypso:attribute>
            <calypso:attribute>
                <calypso:attributeName>ColumnNames_Processing Org.Short Name</calypso:attributeName>
                <calypso:attributeValue>Processing Org</calypso:attributeValue>
                <calypso:attributeClass>String</calypso:attributeClass>
            </calypso:attribute>
            <calypso:attribute>
                <calypso:attributeName>ColumnNames_Remaining Mrg</calypso:attributeName>
                <calypso:attributeValue>Not Executed Allocation Amount</calypso:attributeValue>
                <calypso:attributeClass>String</calypso:attributeClass>
            </calypso:attribute>
            <calypso:attribute>
                <calypso:attributeName>ColumnNames_Sant_MCCName</calypso:attributeName>
                <calypso:attributeValue>Name</calypso:attributeValue>
                <calypso:attributeClass>String</calypso:attributeClass>
            </calypso:attribute>
            <calypso:attribute>
                <calypso:attributeName>ColumnNames_Status</calypso:attributeName>
                <calypso:attributeValue>Entry Status</calypso:attributeValue>
                <calypso:attributeClass>String</calypso:attributeClass>
            </calypso:attribute>
            <calypso:attribute>
                <calypso:attributeName>ColumnNames_Threshold Amount</calypso:attributeName>
                <calypso:attributeValue>Threshold Amount</calypso:attributeValue>
                <calypso:attributeClass>String</calypso:attributeClass>
            </calypso:attribute>
            <calypso:attribute>
                <calypso:attributeName>Columns0</calypso:attributeName>
                <calypso:attributeValue>Contract Id</calypso:attributeValue>
                <calypso:attributeClass>String</calypso:attributeClass>
            </calypso:attribute>
            <calypso:attribute>
                <calypso:attributeName>Columns_COUNT</calypso:attributeName>
                <calypso:attributeValue>1</calypso:attributeValue>
                <calypso:attributeClass>Integer</calypso:attributeClass>
            </calypso:attribute>
            <calypso:attribute>
                <calypso:attributeName>ENTRY_ATTRIBUTE_NAME</calypso:attributeName>
                <calypso:attributeValue>OK-TO-CALL</calypso:attributeValue>
                <calypso:attributeClass>String</calypso:attributeClass>
            </calypso:attribute>
            <calypso:attribute>
                <calypso:attributeName>ENTRY_ATTRIBUTE_VALUE</calypso:attributeName>
                <calypso:attributeValue>true</calypso:attributeValue>
                <calypso:attributeClass>String</calypso:attributeClass>
            </calypso:attribute>
            <calypso:attribute>
                <calypso:attributeName>ENTRY_STATUS</calypso:attributeName>
                <calypso:attributeValue>PRICED_NO_CALL,PRICED_RECEIVE,PRICED_PAY,TRIPARTY_AGREED,PART_EXECUTED,PART_ALLOCATED,FULLY_DISPUTED,FULLY_DISPUTED_REC,FULL_ALLOCATED,FULL_RELEASED,FULL_EXECUTED,EXECUTED,AGREED_REC,AGREED,CREATED,DEMAND_SENT,DISPUTED(NOCALL),DISPUTED(D.SENT),DISPUTED(D. SEN),DISPUTED(RECV),EMC_SENT</calypso:attributeValue>
                <calypso:attributeClass>String</calypso:attributeClass>
            </calypso:attribute>
            <calypso:attribute>
                <calypso:attributeName>HIDE_INACTIVE_EG</calypso:attributeName>
                <calypso:attributeValue>false</calypso:attributeValue>
                <calypso:attributeClass>Boolean</calypso:attributeClass>
            </calypso:attribute>
            <calypso:attribute>
                <calypso:attributeName>MARGIN_CALL_CONFIG_TYPE</calypso:attributeName>
                <calypso:attributeValue>CSA,CSD,MSFTA,CGAR,OSLA,ISMA</calypso:attributeValue>
                <calypso:attributeClass>String</calypso:attributeClass>
            </calypso:attribute>
            <calypso:attribute>
                <calypso:attributeName>SortColumns0</calypso:attributeName>
                <calypso:attributeValue>Contract Id</calypso:attributeValue>
                <calypso:attributeClass>String</calypso:attributeClass>
            </calypso:attribute>
            <calypso:attribute>
                <calypso:attributeName>SortColumns_COUNT</calypso:attributeName>
                <calypso:attributeValue>1</calypso:attributeValue>
                <calypso:attributeClass>Integer</calypso:attributeClass>
            </calypso:attribute>
            <calypso:attribute>
                <calypso:attributeName>TableViewName</calypso:attributeName>
                <calypso:attributeValue>Simple</calypso:attributeValue>
                <calypso:attributeClass>String</calypso:attributeClass>
            </calypso:attribute>
        </calypso:reportAttributes>
    </calypso:calypsoObject>
</calypso:calypsoDocument>
