<?xml version="1.0" encoding="iso-8859-1" standalone="yes"?>
<calypso:calypsoDocument xmlns:liquidityrule="http://www.calypso.com/liquidityrule" xmlns:liquiditycriteria="http://www.calypso.com/liquiditycriteria" xmlns:liquidityposition="http://www.calypso.com/liquidityposition" xmlns:matching="http://www.calypso.com/matching" xmlns:scheduler="http://www.calypso.com/scheduler" xmlns:liquidityreporting="http://www.calypso.com/liquidityreporting" xmlns:kpiservice="http://www.calypso.com/kpiservice" xmlns:ns12="http://www.calypso.com/bo-messaging" xmlns:assumption="http://www.calypso.com/assumption" xmlns:hedgeaccounting="http://www.calypso.com/hedgeaccounting" xmlns:swift="http://www.calypso.com/swift" xmlns:bondexoticnote="http://www.calypso.com/bondexoticnote" xmlns:datauploader="http://www.calypso.com/datauploader" xmlns:ftp="http://www.calypso.com/ftp" xmlns:pricingscript="http://www.calypso.com/pricingscript" xmlns:am="http://www.calypso.com/am" xmlns:scriptableOTC="http://www.calypso.com/scriptableOTC" xmlns:pricingsheet="http://www.calypso.com/pricingsheet" xmlns:taskstation="http://www.calypso.com/taskstation" xmlns:liquiditycore="http://www.calypso.com/liquiditycore" xmlns:calypso="http://www.calypso.com/xml" xmlns:accplreconciliation="http://www.calypso.com/accplreconciliation" xmlns:liquidityclassification="http://www.calypso.com/liquidityclassification" xmlns:collateral="http://www.calypso.com/collateral" xmlns:calculationserver="http://www.calypso.com/calculationserver">
    <calypso:calypsoObject xsi:type="calypso:StaticDataFilter" version="14-0" action="" xmlns:xsi="http://www.w3.org/2001/XMLSchema-instance">
        <calypso:name>Claims_CashSecurity</calypso:name>
        <calypso:comment>Includes transfer type PRINCIPAL for all fixed income products</calypso:comment>
        <calypso:groups>
            <calypso:domainValue>
                <calypso:type>com.calypso.tk.refdata.DomainValueAdapter</calypso:type>
                <calypso:separator>#</calypso:separator>
                <calypso:identifier code="groupStaticDataFilter#FastTrack" codifier="convention"/>
                <calypso:calypsoBusinessKey>
                    <calypso:propertyName>domainName</calypso:propertyName>
                    <calypso:propertyValue>groupStaticDataFilter</calypso:propertyValue>
                </calypso:calypsoBusinessKey>
                <calypso:calypsoBusinessKey>
                    <calypso:propertyName>value</calypso:propertyName>
                    <calypso:propertyValue>FastTrack</calypso:propertyValue>
                </calypso:calypsoBusinessKey>
            </calypso:domainValue>
        </calypso:groups>
        <calypso:elements>
            <calypso:name>IN Static Data Filter</calypso:name>
            <calypso:type>NOT_IN</calypso:type>
            <calypso:stringValue>MEX_IsMexican</calypso:stringValue>
            <calypso:booleanValue>false</calypso:booleanValue>
            <calypso:isMinInclusive>false</calypso:isMinInclusive>
            <calypso:isMaxInclusive>false</calypso:isMaxInclusive>
        </calypso:elements>
        <calypso:elements>
            <calypso:name>Product Type</calypso:name>
            <calypso:type>IN</calypso:type>
            <calypso:stringValue>Bond</calypso:stringValue>
            <calypso:stringValue>Repo</calypso:stringValue>
            <calypso:stringValue>SecurityLending</calypso:stringValue>
            <calypso:booleanValue>false</calypso:booleanValue>
            <calypso:isMinInclusive>false</calypso:isMinInclusive>
            <calypso:isMaxInclusive>false</calypso:isMaxInclusive>
        </calypso:elements>
        <calypso:elements>
            <calypso:name>Xfer Type</calypso:name>
            <calypso:type>IN</calypso:type>
            <calypso:stringValue>PRINCIPAL</calypso:stringValue>
            <calypso:booleanValue>false</calypso:booleanValue>
            <calypso:isMinInclusive>false</calypso:isMinInclusive>
            <calypso:isMaxInclusive>false</calypso:isMaxInclusive>
        </calypso:elements>
    </calypso:calypsoObject>
</calypso:calypsoDocument>
