<?xml version="1.0" encoding="iso-8859-1" standalone="yes"?>
<calypso:calypsoDocument xmlns:scheduler="http://www.calypso.com/scheduler" xmlns:calypso="http://www.calypso.com/xml"
>
    <calypso:calypsoObject xsi:type="scheduler:ScheduledTask" version="14-0" action="" xmlns:xsi="http://www.w3.org/2001/XMLSchema-instance">
        <scheduler:externalReference>SANT_FIX_FEE_MARK_DUPLICATED</scheduler:externalReference>
        <scheduler:type>
            <calypso:domainValue>
                <calypso:type>com.calypso.tk.refdata.DomainValueAdapter</calypso:type>
                <calypso:separator>#</calypso:separator>
                <calypso:identifier code="scheduledTask#SANT_FIX_FEE_MARK_DUPLICATED" codifier="convention"/>
                <calypso:calypsoBusinessKey>
                    <calypso:propertyName>domainName</calypso:propertyName>
                    <calypso:propertyValue>scheduledTask</calypso:propertyValue>
                </calypso:calypsoBusinessKey>
                <calypso:calypsoBusinessKey>
                    <calypso:propertyName>value</calypso:propertyName>
                    <calypso:propertyValue>SANT_FIX_FEE_MARK_DUPLICATED</calypso:propertyValue>
                </calypso:calypsoBusinessKey>
            </calypso:domainValue>
        </scheduler:type>
        <scheduler:executionTime>0</scheduler:executionTime>
        <scheduler:startDateOffset>0</scheduler:startDateOffset>
        <scheduler:endDateOffset>0</scheduler:endDateOffset>
        <scheduler:publish>false</scheduler:publish>
        <scheduler:execute>true</scheduler:execute>
        <scheduler:sendEmailNotification>false</scheduler:sendEmailNotification>
        <scheduler:valuationTime>-1</scheduler:valuationTime>
        <scheduler:undoTime>0</scheduler:undoTime>
        <scheduler:validationDateOffset>0</scheduler:validationDateOffset>
        <scheduler:executeOnHoliday>false</scheduler:executeOnHoliday>
        <scheduler:attribute>
            <calypso:name>JVM_SETTINGS</calypso:name>
            <calypso:value xsi:type="ns30:string" xmlns:ns30="http://www.w3.org/2001/XMLSchema">-Xms512m -Xmx1024m</calypso:value>
        </scheduler:attribute>
        <scheduler:attribute>
            <calypso:name>QUARTZ_TASK_RETRY_ATTEMPT</calypso:name>
            <calypso:value xsi:type="ns30:string" xmlns:ns30="http://www.w3.org/2001/XMLSchema">1</calypso:value>
        </scheduler:attribute>
        <scheduler:attribute>
            <calypso:name>QUARTZ_TASK_RETRY_TIME</calypso:name>
            <calypso:value xsi:type="ns30:string" xmlns:ns30="http://www.w3.org/2001/XMLSchema">0</calypso:value>
        </scheduler:attribute>
        <scheduler:attribute>
            <calypso:name>SLA_MINUTES</calypso:name>
            <calypso:value xsi:type="ns30:string" xmlns:ns30="http://www.w3.org/2001/XMLSchema">15</calypso:value>
        </scheduler:attribute>
        <scheduler:executeInDataServer>false</scheduler:executeInDataServer>
        <scheduler:executeInReadOnlyDataServer>false</scheduler:executeInReadOnlyDataServer>
        <scheduler:description>SANT_FIX_FEE_MARK_DUPLICATED</scheduler:description>
        <scheduler:private>false</scheduler:private>
        <scheduler:deactivated>false</scheduler:deactivated>
        <scheduler:skipMissedExecution>false</scheduler:skipMissedExecution>
        <scheduler:cutOffTimeForMissedExecution>0</scheduler:cutOffTimeForMissedExecution>
        <scheduler:scVersion>1</scheduler:scVersion>
    </calypso:calypsoObject>
</calypso:calypsoDocument>
