<?xml version="1.0" encoding="iso-8859-1" standalone="yes"?>
<calypso:calypsoDocument xmlns:liquidityrule="http://www.calypso.com/liquidityrule" xmlns:liquiditycriteria="http://www.calypso.com/liquiditycriteria" xmlns:liquidityposition="http://www.calypso.com/liquidityposition" xmlns:matching="http://www.calypso.com/matching" xmlns:scheduler="http://www.calypso.com/scheduler" xmlns:liquidityreporting="http://www.calypso.com/liquidityreporting" xmlns:kpiservice="http://www.calypso.com/kpiservice" xmlns:ns12="http://www.calypso.com/bo-messaging" xmlns:assumption="http://www.calypso.com/assumption" xmlns:hedgeaccounting="http://www.calypso.com/hedgeaccounting" xmlns:swift="http://www.calypso.com/swift" xmlns:bondexoticnote="http://www.calypso.com/bondexoticnote" xmlns:datauploader="http://www.calypso.com/datauploader" xmlns:ftp="http://www.calypso.com/ftp" xmlns:pricingscript="http://www.calypso.com/pricingscript" xmlns:am="http://www.calypso.com/am" xmlns:scriptableOTC="http://www.calypso.com/scriptableOTC" xmlns:pricingsheet="http://www.calypso.com/pricingsheet" xmlns:taskstation="http://www.calypso.com/taskstation" xmlns:liquiditycore="http://www.calypso.com/liquiditycore" xmlns:calypso="http://www.calypso.com/xml" xmlns:accplreconciliation="http://www.calypso.com/accplreconciliation" xmlns:liquidityclassification="http://www.calypso.com/liquidityclassification" xmlns:collateral="http://www.calypso.com/collateral" xmlns:calculationserver="http://www.calypso.com/calculationserver">
    <calypso:calypsoObject xsi:type="calypso:StaticDataFilter" version="14-0" action="" xmlns:xsi="http://www.w3.org/2001/XMLSchema-instance">
        <calypso:name>REPO_IS_IBRC_NotCHGDETAIL</calypso:name>
        <calypso:groups>
            <calypso:itemValue>ANY</calypso:itemValue>
        </calypso:groups>
        <calypso:elements>
            <calypso:name>IN Static Data Filter</calypso:name>
            <calypso:type>IN</calypso:type>
            <calypso:stringValue>IBERCLEAR_Agent</calypso:stringValue>
            <calypso:booleanValue>false</calypso:booleanValue>
            <calypso:isMinInclusive>false</calypso:isMinInclusive>
            <calypso:isMaxInclusive>false</calypso:isMaxInclusive>
        </calypso:elements>
        <calypso:elements>
            <calypso:name>IN Static Data Filter</calypso:name>
            <calypso:type>NOT_IN</calypso:type>
            <calypso:stringValue>Assignment_ReturnLeg</calypso:stringValue>
            <calypso:stringValue>Assignment_StartLeg</calypso:stringValue>
            <calypso:stringValue>BME_BILATERAL_TRADE</calypso:stringValue>
            <calypso:stringValue>MEX_IsMexican</calypso:stringValue>
            <calypso:stringValue>MSG_TO_CREST</calypso:stringValue>
            <calypso:stringValue>Partial_settle</calypso:stringValue>
            <calypso:stringValue>Xfer Action = CHG_DETAIL</calypso:stringValue>
            <calypso:booleanValue>false</calypso:booleanValue>
            <calypso:isMinInclusive>false</calypso:isMinInclusive>
            <calypso:isMaxInclusive>false</calypso:isMaxInclusive>
        </calypso:elements>
        <calypso:elements>
            <calypso:name>Xfer Amount</calypso:name>
            <calypso:type>NOT_IN_FLOAT_RANGE</calypso:type>
            <calypso:minValue xsi:type="calypso:SimpleTypedObject">
                <calypso:value xsi:type="ns27:string" xmlns:ns27="http://www.w3.org/2001/XMLSchema">0.0</calypso:value>
            </calypso:minValue>
            <calypso:maxValue xsi:type="calypso:SimpleTypedObject">
                <calypso:value xsi:type="ns27:string" xmlns:ns27="http://www.w3.org/2001/XMLSchema">0.0</calypso:value>
            </calypso:maxValue>
            <calypso:booleanValue>false</calypso:booleanValue>
            <calypso:isMinInclusive>false</calypso:isMinInclusive>
            <calypso:isMaxInclusive>false</calypso:isMaxInclusive>
        </calypso:elements>
    </calypso:calypsoObject>
</calypso:calypsoDocument>
