<?xml version="1.0" encoding="iso-8859-1" standalone="yes"?>
<calypso:calypsoDocument xmlns:liquidityrule="http://www.calypso.com/liquidityrule" xmlns:liquiditycriteria="http://www.calypso.com/liquiditycriteria" xmlns:liquidityposition="http://www.calypso.com/liquidityposition" xmlns:matching="http://www.calypso.com/matching" xmlns:scheduler="http://www.calypso.com/scheduler" xmlns:liquidityreporting="http://www.calypso.com/liquidityreporting" xmlns:kpiservice="http://www.calypso.com/kpiservice" xmlns:ns12="http://www.calypso.com/bo-messaging" xmlns:assumption="http://www.calypso.com/assumption" xmlns:hedgeaccounting="http://www.calypso.com/hedgeaccounting" xmlns:swift="http://www.calypso.com/swift" xmlns:bondexoticnote="http://www.calypso.com/bondexoticnote" xmlns:datauploader="http://www.calypso.com/datauploader" xmlns:ftp="http://www.calypso.com/ftp" xmlns:pricingscript="http://www.calypso.com/pricingscript" xmlns:am="http://www.calypso.com/am" xmlns:scriptableOTC="http://www.calypso.com/scriptableOTC" xmlns:pricingsheet="http://www.calypso.com/pricingsheet" xmlns:taskstation="http://www.calypso.com/taskstation" xmlns:liquiditycore="http://www.calypso.com/liquiditycore" xmlns:calypso="http://www.calypso.com/xml" xmlns:accplreconciliation="http://www.calypso.com/accplreconciliation" xmlns:liquidityclassification="http://www.calypso.com/liquidityclassification" xmlns:collateral="http://www.calypso.com/collateral" xmlns:calculationserver="http://www.calypso.com/calculationserver">
    <calypso:calypsoObject xsi:type="calypso:TaskWorkflowConfigAdapter" version="14-0" action="" xmlns:xsi="http://www.w3.org/2001/XMLSchema-instance">
        <calypso:processingOrg> </calypso:processingOrg>
        <calypso:eventClass>PSEventTransfer</calypso:eventClass>
        <calypso:subtype>ALL</calypso:subtype>
        <calypso:product>G.Bonds</calypso:product>
        <calypso:origStatus>VERIFIED</calypso:origStatus>
        <calypso:actionType>AUTO_WRITEOFF</calypso:actionType>
        <calypso:resultStatus>SETTLED</calypso:resultStatus>
        <calypso:taskWorkflowConfig version="14-0">
            <calypso:eventType>
                <calypso:itemValue>PSEventTransfer</calypso:itemValue>
            </calypso:eventType>
            <calypso:originalStatus>
                <calypso:domainValue>
                    <calypso:type>com.calypso.tk.refdata.DomainValueAdapter</calypso:type>
                    <calypso:separator>#</calypso:separator>
                    <calypso:identifier code="transferStatus#VERIFIED" codifier="convention"/>
                    <calypso:calypsoBusinessKey>
                        <calypso:propertyName>domainName</calypso:propertyName>
                        <calypso:propertyValue>transferStatus</calypso:propertyValue>
                    </calypso:calypsoBusinessKey>
                    <calypso:calypsoBusinessKey>
                        <calypso:propertyName>value</calypso:propertyName>
                        <calypso:propertyValue>VERIFIED</calypso:propertyValue>
                    </calypso:calypsoBusinessKey>
                </calypso:domainValue>
            </calypso:originalStatus>
            <calypso:resultingStatus>
                <calypso:domainValue>
                    <calypso:type>com.calypso.tk.refdata.DomainValueAdapter</calypso:type>
                    <calypso:separator>#</calypso:separator>
                    <calypso:identifier code="transferStatus#SETTLED" codifier="convention"/>
                    <calypso:calypsoBusinessKey>
                        <calypso:propertyName>domainName</calypso:propertyName>
                        <calypso:propertyValue>transferStatus</calypso:propertyValue>
                    </calypso:calypsoBusinessKey>
                    <calypso:calypsoBusinessKey>
                        <calypso:propertyName>value</calypso:propertyName>
                        <calypso:propertyValue>SETTLED</calypso:propertyValue>
                    </calypso:calypsoBusinessKey>
                </calypso:domainValue>
            </calypso:resultingStatus>
            <calypso:useStraightThroughProcessing>true</calypso:useStraightThroughProcessing>
            <calypso:workflowAction>
                <calypso:domainValue>
                    <calypso:type>com.calypso.tk.refdata.DomainValueAdapter</calypso:type>
                    <calypso:separator>#</calypso:separator>
                    <calypso:identifier code="transferAction#AUTO_WRITEOFF" codifier="convention"/>
                    <calypso:calypsoBusinessKey>
                        <calypso:propertyName>domainName</calypso:propertyName>
                        <calypso:propertyValue>transferAction</calypso:propertyValue>
                    </calypso:calypsoBusinessKey>
                    <calypso:calypsoBusinessKey>
                        <calypso:propertyName>value</calypso:propertyName>
                        <calypso:propertyValue>AUTO_WRITEOFF</calypso:propertyValue>
                    </calypso:calypsoBusinessKey>
                </calypso:domainValue>
            </calypso:workflowAction>
            <calypso:sameUser>true</calypso:sameUser>
            <calypso:productType>
                <calypso:domainValue>
                    <calypso:type>com.calypso.tk.refdata.DomainValueAdapter</calypso:type>
                    <calypso:separator>#</calypso:separator>
                    <calypso:identifier code="productGroup#G.Bonds" codifier="convention"/>
                    <calypso:calypsoBusinessKey>
                        <calypso:propertyName>domainName</calypso:propertyName>
                        <calypso:propertyValue>productGroup</calypso:propertyValue>
                    </calypso:calypsoBusinessKey>
                    <calypso:calypsoBusinessKey>
                        <calypso:propertyName>value</calypso:propertyName>
                        <calypso:propertyValue>G.Bonds</calypso:propertyValue>
                    </calypso:calypsoBusinessKey>
                </calypso:domainValue>
            </calypso:productType>
            <calypso:eventSubType>
                <calypso:itemValue>ALL</calypso:itemValue>
            </calypso:eventSubType>
            <calypso:logCompletedStraighThroughProcessingSteps>true</calypso:logCompletedStraighThroughProcessingSteps>
            <calypso:useKickOffOrCutOffForStraightThroughProcessing>false</calypso:useKickOffOrCutOffForStraightThroughProcessing>
            <calypso:createTask>false</calypso:createTask>
            <calypso:comments>Auto SettleW/O STP</calypso:comments>
            <calypso:staticDataFilter>
                <calypso:type>com.calypso.tk.refdata.StaticDataFilter</calypso:type>
                <calypso:identifier code="WFT_isWriteOffWithExpectedSts" codifier="convention"/>
                <calypso:calypsoBusinessKey>
                    <calypso:propertyName>name</calypso:propertyName>
                    <calypso:propertyValue>WFT_isWriteOffWithExpectedSts</calypso:propertyValue>
                </calypso:calypsoBusinessKey>
            </calypso:staticDataFilter>
            <calypso:preferredAction>false</calypso:preferredAction>
            <calypso:updatePreviousTask>false</calypso:updatePreviousTask>
            <calypso:generateIntermediaryEvent>false</calypso:generateIntermediaryEvent>
            <calypso:manualAuthorizationNeeded>false</calypso:manualAuthorizationNeeded>
            <calypso:priority>0</calypso:priority>
            <calypso:taskCreationTrigger>On Failure</calypso:taskCreationTrigger>
        </calypso:taskWorkflowConfig>
    </calypso:calypsoObject>
</calypso:calypsoDocument>
