<?xml version="1.0" encoding="iso-8859-1" standalone="yes"?>
<calypso:calypsoDocument xmlns:calypso="http://www.calypso.com/xml">
    <calypso:calypsoObject xsi:type="calypso:TaskWorkflowConfigAdapter" version="14-0" action="" xmlns:xsi="http://www.w3.org/2001/XMLSchema-instance">
        <calypso:processingOrg> </calypso:processingOrg>
        <calypso:eventClass>PSEventMessage</calypso:eventClass>
        <calypso:subtype>RATEINDEX_EXPORT</calypso:subtype>
        <calypso:product>ALL</calypso:product>
        <calypso:origStatus>ACKED</calypso:origStatus>
        <calypso:actionType>CANCEL</calypso:actionType>
        <calypso:resultStatus>CANCELED</calypso:resultStatus>
        <calypso:taskWorkflowConfig version="14-0">
            <calypso:eventType>
                <calypso:itemValue>PSEventMessage</calypso:itemValue>
            </calypso:eventType>
            <calypso:originalStatus>
                <calypso:domainValue>
                    <calypso:type>com.calypso.tk.refdata.DomainValueAdapter</calypso:type>
                    <calypso:separator>#</calypso:separator>
                    <calypso:identifier code="messageStatus#ACKED" codifier="convention"/>
                    <calypso:calypsoBusinessKey>
                        <calypso:propertyName>domainName</calypso:propertyName>
                        <calypso:propertyValue>messageStatus</calypso:propertyValue>
                    </calypso:calypsoBusinessKey>
                    <calypso:calypsoBusinessKey>
                        <calypso:propertyName>value</calypso:propertyName>
                        <calypso:propertyValue>ACKED</calypso:propertyValue>
                    </calypso:calypsoBusinessKey>
                </calypso:domainValue>
            </calypso:originalStatus>
            <calypso:resultingStatus>
                <calypso:domainValue>
                    <calypso:type>com.calypso.tk.refdata.DomainValueAdapter</calypso:type>
                    <calypso:separator>#</calypso:separator>
                    <calypso:identifier code="messageStatus#CANCELED" codifier="convention"/>
                    <calypso:calypsoBusinessKey>
                        <calypso:propertyName>domainName</calypso:propertyName>
                        <calypso:propertyValue>messageStatus</calypso:propertyValue>
                    </calypso:calypsoBusinessKey>
                    <calypso:calypsoBusinessKey>
                        <calypso:propertyName>value</calypso:propertyName>
                        <calypso:propertyValue>CANCELED</calypso:propertyValue>
                    </calypso:calypsoBusinessKey>
                </calypso:domainValue>
            </calypso:resultingStatus>
            <calypso:useStraightThroughProcessing>false</calypso:useStraightThroughProcessing>
            <calypso:workflowAction>
                <calypso:domainValue>
                    <calypso:type>com.calypso.tk.refdata.DomainValueAdapter</calypso:type>
                    <calypso:separator>#</calypso:separator>
                    <calypso:identifier code="messageAction#CANCEL" codifier="convention"/>
                    <calypso:calypsoBusinessKey>
                        <calypso:propertyName>domainName</calypso:propertyName>
                        <calypso:propertyValue>messageAction</calypso:propertyValue>
                    </calypso:calypsoBusinessKey>
                    <calypso:calypsoBusinessKey>
                        <calypso:propertyName>value</calypso:propertyName>
                        <calypso:propertyValue>CANCEL</calypso:propertyValue>
                    </calypso:calypsoBusinessKey>
                </calypso:domainValue>
            </calypso:workflowAction>
            <calypso:sameUser>true</calypso:sameUser>
            <calypso:productType>
                <calypso:itemValue>ALL</calypso:itemValue>
            </calypso:productType>
            <calypso:eventSubType>
                <calypso:domainValue>
                    <calypso:type>com.calypso.tk.refdata.DomainValueAdapter</calypso:type>
                    <calypso:separator>#</calypso:separator>
                    <calypso:identifier code="messageType#RATEINDEX_EXPORT" codifier="convention"/>
                    <calypso:calypsoBusinessKey>
                        <calypso:propertyName>domainName</calypso:propertyName>
                        <calypso:propertyValue>messageType</calypso:propertyValue>
                    </calypso:calypsoBusinessKey>
                    <calypso:calypsoBusinessKey>
                        <calypso:propertyName>value</calypso:propertyName>
                        <calypso:propertyValue>RATEINDEX_EXPORT</calypso:propertyValue>
                    </calypso:calypsoBusinessKey>
                </calypso:domainValue>
            </calypso:eventSubType>
            <calypso:logCompletedStraighThroughProcessingSteps>false</calypso:logCompletedStraighThroughProcessingSteps>
            <calypso:useKickOffOrCutOffForStraightThroughProcessing>false</calypso:useKickOffOrCutOffForStraightThroughProcessing>
            <calypso:createTask>false</calypso:createTask>
            <calypso:filterComment>null</calypso:filterComment>
            <calypso:preferredAction>false</calypso:preferredAction>
            <calypso:updatePreviousTask>false</calypso:updatePreviousTask>
            <calypso:generateIntermediaryEvent>false</calypso:generateIntermediaryEvent>
            <calypso:manualAuthorizationNeeded>false</calypso:manualAuthorizationNeeded>
            <calypso:priority>0</calypso:priority>
            <calypso:taskCreationTrigger>On Failure</calypso:taskCreationTrigger>
        </calypso:taskWorkflowConfig>
    </calypso:calypsoObject>
</calypso:calypsoDocument>
