<?xml version="1.0" encoding="iso-8859-1" standalone="yes"?>
<calypso:calypsoDocument xmlns:liquidityrule="http://www.calypso.com/liquidityrule" xmlns:liquiditycriteria="http://www.calypso.com/liquiditycriteria" xmlns:liquidityposition="http://www.calypso.com/liquidityposition" xmlns:matching="http://www.calypso.com/matching" xmlns:scheduler="http://www.calypso.com/scheduler" xmlns:liquidityreporting="http://www.calypso.com/liquidityreporting" xmlns:kpiservice="http://www.calypso.com/kpiservice" xmlns:ns12="http://www.calypso.com/bo-messaging" xmlns:assumption="http://www.calypso.com/assumption" xmlns:hedgeaccounting="http://www.calypso.com/hedgeaccounting" xmlns:swift="http://www.calypso.com/swift" xmlns:bondexoticnote="http://www.calypso.com/bondexoticnote" xmlns:datauploader="http://www.calypso.com/datauploader" xmlns:ftp="http://www.calypso.com/ftp" xmlns:pricingscript="http://www.calypso.com/pricingscript" xmlns:am="http://www.calypso.com/am" xmlns:scriptableOTC="http://www.calypso.com/scriptableOTC" xmlns:pricingsheet="http://www.calypso.com/pricingsheet" xmlns:taskstation="http://www.calypso.com/taskstation" xmlns:liquiditycore="http://www.calypso.com/liquiditycore" xmlns:calypso="http://www.calypso.com/xml" xmlns:accplreconciliation="http://www.calypso.com/accplreconciliation" xmlns:liquidityclassification="http://www.calypso.com/liquidityclassification" xmlns:collateral="http://www.calypso.com/collateral" xmlns:calculationserver="http://www.calypso.com/calculationserver">
    <calypso:calypsoObject xsi:type="calypso:FullQuoteSet" version="14-0" action="" xmlns:xsi="http://www.w3.org/2001/XMLSchema-instance">
        <calypso:name>MX_FI_PRICES</calypso:name>
        <calypso:comment>Quote Set FI Mexico</calypso:comment>
        <calypso:intraday>false</calypso:intraday>
    </calypso:calypsoObject>
</calypso:calypsoDocument>
