<?xml version="1.0" ?><calypso:items xmlns:calypso="http://www.calypso.com/xml"><calypso:item><calypso:identifiers><calypso:type>com.calypso.tk.bo.TaskWorkflowConfigAdapter</calypso:type><calypso:separator>#</calypso:separator><calypso:identifier code=" #PSEventMessage#CA_NOTIF_DP#CA#NONE#NEW#PENDING" codifier="convention"></calypso:identifier><calypso:calypsoBusinessKey><calypso:com.calypso.jaxb.xml.BusinessKeyEntry><calypso:propertyName>processingOrg</calypso:propertyName><calypso:propertyValue> </calypso:propertyValue></calypso:com.calypso.jaxb.xml.BusinessKeyEntry><calypso:com.calypso.jaxb.xml.BusinessKeyEntry><calypso:propertyName>eventClass</calypso:propertyName><calypso:propertyValue>PSEventMessage</calypso:propertyValue></calypso:com.calypso.jaxb.xml.BusinessKeyEntry><calypso:com.calypso.jaxb.xml.BusinessKeyEntry><calypso:propertyName>subtype</calypso:propertyName><calypso:propertyValue>CA_NOTIF_DP</calypso:propertyValue></calypso:com.calypso.jaxb.xml.BusinessKeyEntry><calypso:com.calypso.jaxb.xml.BusinessKeyEntry><calypso:propertyName>product</calypso:propertyName><calypso:propertyValue>CA</calypso:propertyValue></calypso:com.calypso.jaxb.xml.BusinessKeyEntry><calypso:com.calypso.jaxb.xml.BusinessKeyEntry><calypso:propertyName>origStatus</calypso:propertyName><calypso:propertyValue>NONE</calypso:propertyValue></calypso:com.calypso.jaxb.xml.BusinessKeyEntry><calypso:com.calypso.jaxb.xml.BusinessKeyEntry><calypso:propertyName>action</calypso:propertyName><calypso:propertyValue>NEW</calypso:propertyValue></calypso:com.calypso.jaxb.xml.BusinessKeyEntry><calypso:com.calypso.jaxb.xml.BusinessKeyEntry><calypso:propertyName>resultStatus</calypso:propertyName><calypso:propertyValue>PENDING</calypso:propertyValue></calypso:com.calypso.jaxb.xml.BusinessKeyEntry></calypso:calypsoBusinessKey></calypso:identifiers><calypso:dependencies><calypso:dependency><calypso:identifiers><calypso:type>com.calypso.tk.refdata.DomainValueAdapter</calypso:type><calypso:separator>#</calypso:separator><calypso:identifier code="messageAction#NEW" codifier="convention"></calypso:identifier><calypso:calypsoBusinessKey><calypso:com.calypso.jaxb.xml.BusinessKeyEntry><calypso:propertyName>domainName</calypso:propertyName><calypso:propertyValue>messageAction</calypso:propertyValue></calypso:com.calypso.jaxb.xml.BusinessKeyEntry><calypso:com.calypso.jaxb.xml.BusinessKeyEntry><calypso:propertyName>value</calypso:propertyName><calypso:propertyValue>NEW</calypso:propertyValue></calypso:com.calypso.jaxb.xml.BusinessKeyEntry></calypso:calypsoBusinessKey></calypso:identifiers><calypso:excluded>false</calypso:excluded></calypso:dependency><calypso:dependency><calypso:identifiers><calypso:type>com.calypso.tk.refdata.DomainValueAdapter</calypso:type><calypso:separator>#</calypso:separator><calypso:identifier code="messageStatus#NONE" codifier="convention"></calypso:identifier><calypso:calypsoBusinessKey><calypso:com.calypso.jaxb.xml.BusinessKeyEntry><calypso:propertyName>domainName</calypso:propertyName><calypso:propertyValue>messageStatus</calypso:propertyValue></calypso:com.calypso.jaxb.xml.BusinessKeyEntry><calypso:com.calypso.jaxb.xml.BusinessKeyEntry><calypso:propertyName>value</calypso:propertyName><calypso:propertyValue>NONE</calypso:propertyValue></calypso:com.calypso.jaxb.xml.BusinessKeyEntry></calypso:calypsoBusinessKey></calypso:identifiers><calypso:excluded>false</calypso:excluded></calypso:dependency><calypso:dependency><calypso:identifiers><calypso:type>com.calypso.tk.refdata.DomainValueAdapter</calypso:type><calypso:separator>#</calypso:separator><calypso:identifier code="messageStatus#PENDING" codifier="convention"></calypso:identifier><calypso:calypsoBusinessKey><calypso:com.calypso.jaxb.xml.BusinessKeyEntry><calypso:propertyName>domainName</calypso:propertyName><calypso:propertyValue>messageStatus</calypso:propertyValue></calypso:com.calypso.jaxb.xml.BusinessKeyEntry><calypso:com.calypso.jaxb.xml.BusinessKeyEntry><calypso:propertyName>value</calypso:propertyName><calypso:propertyValue>PENDING</calypso:propertyValue></calypso:com.calypso.jaxb.xml.BusinessKeyEntry></calypso:calypsoBusinessKey></calypso:identifiers><calypso:excluded>false</calypso:excluded></calypso:dependency><calypso:dependency><calypso:identifiers><calypso:type>com.calypso.tk.refdata.DomainValueAdapter</calypso:type><calypso:separator>#</calypso:separator><calypso:identifier code="productType#CA" codifier="convention"></calypso:identifier><calypso:calypsoBusinessKey><calypso:com.calypso.jaxb.xml.BusinessKeyEntry><calypso:propertyName>domainName</calypso:propertyName><calypso:propertyValue>productType</calypso:propertyValue></calypso:com.calypso.jaxb.xml.BusinessKeyEntry><calypso:com.calypso.jaxb.xml.BusinessKeyEntry><calypso:propertyName>value</calypso:propertyName><calypso:propertyValue>CA</calypso:propertyValue></calypso:com.calypso.jaxb.xml.BusinessKeyEntry></calypso:calypsoBusinessKey></calypso:identifiers><calypso:excluded>false</calypso:excluded></calypso:dependency><calypso:dependency><calypso:identifiers><calypso:type>com.calypso.tk.refdata.DomainValueAdapter</calypso:type><calypso:separator>#</calypso:separator><calypso:identifier code="messageType#CA_NOTIF_DP" codifier="convention"></calypso:identifier><calypso:calypsoBusinessKey><calypso:com.calypso.jaxb.xml.BusinessKeyEntry><calypso:propertyName>domainName</calypso:propertyName><calypso:propertyValue>messageType</calypso:propertyValue></calypso:com.calypso.jaxb.xml.BusinessKeyEntry><calypso:com.calypso.jaxb.xml.BusinessKeyEntry><calypso:propertyName>value</calypso:propertyName><calypso:propertyValue>CA_NOTIF_DP</calypso:propertyValue></calypso:com.calypso.jaxb.xml.BusinessKeyEntry></calypso:calypsoBusinessKey></calypso:identifiers><calypso:excluded>false</calypso:excluded></calypso:dependency></calypso:dependencies></calypso:item><calypso:item><calypso:identifiers><calypso:type>com.calypso.tk.bo.TaskWorkflowConfigAdapter</calypso:type><calypso:separator>#</calypso:separator><calypso:identifier code=" #PSEventMessage#CA_NOTIF_DP#CA#SENT#CANCEL#SENT" codifier="convention"></calypso:identifier><calypso:calypsoBusinessKey><calypso:com.calypso.jaxb.xml.BusinessKeyEntry><calypso:propertyName>processingOrg</calypso:propertyName><calypso:propertyValue> </calypso:propertyValue></calypso:com.calypso.jaxb.xml.BusinessKeyEntry><calypso:com.calypso.jaxb.xml.BusinessKeyEntry><calypso:propertyName>eventClass</calypso:propertyName><calypso:propertyValue>PSEventMessage</calypso:propertyValue></calypso:com.calypso.jaxb.xml.BusinessKeyEntry><calypso:com.calypso.jaxb.xml.BusinessKeyEntry><calypso:propertyName>subtype</calypso:propertyName><calypso:propertyValue>CA_NOTIF_DP</calypso:propertyValue></calypso:com.calypso.jaxb.xml.BusinessKeyEntry><calypso:com.calypso.jaxb.xml.BusinessKeyEntry><calypso:propertyName>product</calypso:propertyName><calypso:propertyValue>CA</calypso:propertyValue></calypso:com.calypso.jaxb.xml.BusinessKeyEntry><calypso:com.calypso.jaxb.xml.BusinessKeyEntry><calypso:propertyName>origStatus</calypso:propertyName><calypso:propertyValue>SENT</calypso:propertyValue></calypso:com.calypso.jaxb.xml.BusinessKeyEntry><calypso:com.calypso.jaxb.xml.BusinessKeyEntry><calypso:propertyName>action</calypso:propertyName><calypso:propertyValue>CANCEL</calypso:propertyValue></calypso:com.calypso.jaxb.xml.BusinessKeyEntry><calypso:com.calypso.jaxb.xml.BusinessKeyEntry><calypso:propertyName>resultStatus</calypso:propertyName><calypso:propertyValue>SENT</calypso:propertyValue></calypso:com.calypso.jaxb.xml.BusinessKeyEntry></calypso:calypsoBusinessKey></calypso:identifiers><calypso:dependencies><calypso:dependency><calypso:identifiers><calypso:type>com.calypso.tk.refdata.DomainValueAdapter</calypso:type><calypso:separator>#</calypso:separator><calypso:identifier code="messageAction#CANCEL" codifier="convention"></calypso:identifier><calypso:calypsoBusinessKey><calypso:com.calypso.jaxb.xml.BusinessKeyEntry><calypso:propertyName>domainName</calypso:propertyName><calypso:propertyValue>messageAction</calypso:propertyValue></calypso:com.calypso.jaxb.xml.BusinessKeyEntry><calypso:com.calypso.jaxb.xml.BusinessKeyEntry><calypso:propertyName>value</calypso:propertyName><calypso:propertyValue>CANCEL</calypso:propertyValue></calypso:com.calypso.jaxb.xml.BusinessKeyEntry></calypso:calypsoBusinessKey></calypso:identifiers><calypso:excluded>false</calypso:excluded></calypso:dependency><calypso:dependency><calypso:identifiers><calypso:type>com.calypso.tk.refdata.DomainValueAdapter</calypso:type><calypso:separator>#</calypso:separator><calypso:identifier code="messageStatus#SENT" codifier="convention"></calypso:identifier><calypso:calypsoBusinessKey><calypso:com.calypso.jaxb.xml.BusinessKeyEntry><calypso:propertyName>domainName</calypso:propertyName><calypso:propertyValue>messageStatus</calypso:propertyValue></calypso:com.calypso.jaxb.xml.BusinessKeyEntry><calypso:com.calypso.jaxb.xml.BusinessKeyEntry><calypso:propertyName>value</calypso:propertyName><calypso:propertyValue>SENT</calypso:propertyValue></calypso:com.calypso.jaxb.xml.BusinessKeyEntry></calypso:calypsoBusinessKey></calypso:identifiers><calypso:excluded>false</calypso:excluded></calypso:dependency><calypso:dependency><calypso:identifiers><calypso:type>com.calypso.tk.refdata.DomainValueAdapter</calypso:type><calypso:separator>#</calypso:separator><calypso:identifier code="messageStatus#SENT" codifier="convention"></calypso:identifier><calypso:calypsoBusinessKey><calypso:com.calypso.jaxb.xml.BusinessKeyEntry><calypso:propertyName>domainName</calypso:propertyName><calypso:propertyValue>messageStatus</calypso:propertyValue></calypso:com.calypso.jaxb.xml.BusinessKeyEntry><calypso:com.calypso.jaxb.xml.BusinessKeyEntry><calypso:propertyName>value</calypso:propertyName><calypso:propertyValue>SENT</calypso:propertyValue></calypso:com.calypso.jaxb.xml.BusinessKeyEntry></calypso:calypsoBusinessKey></calypso:identifiers><calypso:excluded>false</calypso:excluded></calypso:dependency><calypso:dependency><calypso:identifiers><calypso:type>com.calypso.tk.refdata.DomainValueAdapter</calypso:type><calypso:separator>#</calypso:separator><calypso:identifier code="productType#CA" codifier="convention"></calypso:identifier><calypso:calypsoBusinessKey><calypso:com.calypso.jaxb.xml.BusinessKeyEntry><calypso:propertyName>domainName</calypso:propertyName><calypso:propertyValue>productType</calypso:propertyValue></calypso:com.calypso.jaxb.xml.BusinessKeyEntry><calypso:com.calypso.jaxb.xml.BusinessKeyEntry><calypso:propertyName>value</calypso:propertyName><calypso:propertyValue>CA</calypso:propertyValue></calypso:com.calypso.jaxb.xml.BusinessKeyEntry></calypso:calypsoBusinessKey></calypso:identifiers><calypso:excluded>false</calypso:excluded></calypso:dependency><calypso:dependency><calypso:identifiers><calypso:type>com.calypso.tk.refdata.DomainValueAdapter</calypso:type><calypso:separator>#</calypso:separator><calypso:identifier code="messageType#CA_NOTIF_DP" codifier="convention"></calypso:identifier><calypso:calypsoBusinessKey><calypso:com.calypso.jaxb.xml.BusinessKeyEntry><calypso:propertyName>domainName</calypso:propertyName><calypso:propertyValue>messageType</calypso:propertyValue></calypso:com.calypso.jaxb.xml.BusinessKeyEntry><calypso:com.calypso.jaxb.xml.BusinessKeyEntry><calypso:propertyName>value</calypso:propertyName><calypso:propertyValue>CA_NOTIF_DP</calypso:propertyValue></calypso:com.calypso.jaxb.xml.BusinessKeyEntry></calypso:calypsoBusinessKey></calypso:identifiers><calypso:excluded>false</calypso:excluded></calypso:dependency></calypso:dependencies></calypso:item><calypso:item><calypso:identifiers><calypso:type>com.calypso.tk.bo.TaskWorkflowConfigAdapter</calypso:type><calypso:separator>#</calypso:separator><calypso:identifier code=" #PSEventMessage#CA_NOTIF_DP#CA#PENDING#CANCEL#CANCELED" codifier="convention"></calypso:identifier><calypso:calypsoBusinessKey><calypso:com.calypso.jaxb.xml.BusinessKeyEntry><calypso:propertyName>processingOrg</calypso:propertyName><calypso:propertyValue> </calypso:propertyValue></calypso:com.calypso.jaxb.xml.BusinessKeyEntry><calypso:com.calypso.jaxb.xml.BusinessKeyEntry><calypso:propertyName>eventClass</calypso:propertyName><calypso:propertyValue>PSEventMessage</calypso:propertyValue></calypso:com.calypso.jaxb.xml.BusinessKeyEntry><calypso:com.calypso.jaxb.xml.BusinessKeyEntry><calypso:propertyName>subtype</calypso:propertyName><calypso:propertyValue>CA_NOTIF_DP</calypso:propertyValue></calypso:com.calypso.jaxb.xml.BusinessKeyEntry><calypso:com.calypso.jaxb.xml.BusinessKeyEntry><calypso:propertyName>product</calypso:propertyName><calypso:propertyValue>CA</calypso:propertyValue></calypso:com.calypso.jaxb.xml.BusinessKeyEntry><calypso:com.calypso.jaxb.xml.BusinessKeyEntry><calypso:propertyName>origStatus</calypso:propertyName><calypso:propertyValue>PENDING</calypso:propertyValue></calypso:com.calypso.jaxb.xml.BusinessKeyEntry><calypso:com.calypso.jaxb.xml.BusinessKeyEntry><calypso:propertyName>action</calypso:propertyName><calypso:propertyValue>CANCEL</calypso:propertyValue></calypso:com.calypso.jaxb.xml.BusinessKeyEntry><calypso:com.calypso.jaxb.xml.BusinessKeyEntry><calypso:propertyName>resultStatus</calypso:propertyName><calypso:propertyValue>CANCELED</calypso:propertyValue></calypso:com.calypso.jaxb.xml.BusinessKeyEntry></calypso:calypsoBusinessKey></calypso:identifiers><calypso:dependencies><calypso:dependency><calypso:identifiers><calypso:type>com.calypso.tk.refdata.DomainValueAdapter</calypso:type><calypso:separator>#</calypso:separator><calypso:identifier code="messageAction#CANCEL" codifier="convention"></calypso:identifier><calypso:calypsoBusinessKey><calypso:com.calypso.jaxb.xml.BusinessKeyEntry><calypso:propertyName>domainName</calypso:propertyName><calypso:propertyValue>messageAction</calypso:propertyValue></calypso:com.calypso.jaxb.xml.BusinessKeyEntry><calypso:com.calypso.jaxb.xml.BusinessKeyEntry><calypso:propertyName>value</calypso:propertyName><calypso:propertyValue>CANCEL</calypso:propertyValue></calypso:com.calypso.jaxb.xml.BusinessKeyEntry></calypso:calypsoBusinessKey></calypso:identifiers><calypso:excluded>false</calypso:excluded></calypso:dependency><calypso:dependency><calypso:identifiers><calypso:type>com.calypso.tk.refdata.DomainValueAdapter</calypso:type><calypso:separator>#</calypso:separator><calypso:identifier code="messageStatus#PENDING" codifier="convention"></calypso:identifier><calypso:calypsoBusinessKey><calypso:com.calypso.jaxb.xml.BusinessKeyEntry><calypso:propertyName>domainName</calypso:propertyName><calypso:propertyValue>messageStatus</calypso:propertyValue></calypso:com.calypso.jaxb.xml.BusinessKeyEntry><calypso:com.calypso.jaxb.xml.BusinessKeyEntry><calypso:propertyName>value</calypso:propertyName><calypso:propertyValue>PENDING</calypso:propertyValue></calypso:com.calypso.jaxb.xml.BusinessKeyEntry></calypso:calypsoBusinessKey></calypso:identifiers><calypso:excluded>false</calypso:excluded></calypso:dependency><calypso:dependency><calypso:identifiers><calypso:type>com.calypso.tk.refdata.DomainValueAdapter</calypso:type><calypso:separator>#</calypso:separator><calypso:identifier code="messageStatus#CANCELED" codifier="convention"></calypso:identifier><calypso:calypsoBusinessKey><calypso:com.calypso.jaxb.xml.BusinessKeyEntry><calypso:propertyName>domainName</calypso:propertyName><calypso:propertyValue>messageStatus</calypso:propertyValue></calypso:com.calypso.jaxb.xml.BusinessKeyEntry><calypso:com.calypso.jaxb.xml.BusinessKeyEntry><calypso:propertyName>value</calypso:propertyName><calypso:propertyValue>CANCELED</calypso:propertyValue></calypso:com.calypso.jaxb.xml.BusinessKeyEntry></calypso:calypsoBusinessKey></calypso:identifiers><calypso:excluded>false</calypso:excluded></calypso:dependency><calypso:dependency><calypso:identifiers><calypso:type>com.calypso.tk.refdata.DomainValueAdapter</calypso:type><calypso:separator>#</calypso:separator><calypso:identifier code="productType#CA" codifier="convention"></calypso:identifier><calypso:calypsoBusinessKey><calypso:com.calypso.jaxb.xml.BusinessKeyEntry><calypso:propertyName>domainName</calypso:propertyName><calypso:propertyValue>productType</calypso:propertyValue></calypso:com.calypso.jaxb.xml.BusinessKeyEntry><calypso:com.calypso.jaxb.xml.BusinessKeyEntry><calypso:propertyName>value</calypso:propertyName><calypso:propertyValue>CA</calypso:propertyValue></calypso:com.calypso.jaxb.xml.BusinessKeyEntry></calypso:calypsoBusinessKey></calypso:identifiers><calypso:excluded>false</calypso:excluded></calypso:dependency><calypso:dependency><calypso:identifiers><calypso:type>com.calypso.tk.refdata.DomainValueAdapter</calypso:type><calypso:separator>#</calypso:separator><calypso:identifier code="messageType#CA_NOTIF_DP" codifier="convention"></calypso:identifier><calypso:calypsoBusinessKey><calypso:com.calypso.jaxb.xml.BusinessKeyEntry><calypso:propertyName>domainName</calypso:propertyName><calypso:propertyValue>messageType</calypso:propertyValue></calypso:com.calypso.jaxb.xml.BusinessKeyEntry><calypso:com.calypso.jaxb.xml.BusinessKeyEntry><calypso:propertyName>value</calypso:propertyName><calypso:propertyValue>CA_NOTIF_DP</calypso:propertyValue></calypso:com.calypso.jaxb.xml.BusinessKeyEntry></calypso:calypsoBusinessKey></calypso:identifiers><calypso:excluded>false</calypso:excluded></calypso:dependency></calypso:dependencies></calypso:item><calypso:item><calypso:identifiers><calypso:type>com.calypso.tk.bo.TaskWorkflowConfigAdapter</calypso:type><calypso:separator>#</calypso:separator><calypso:identifier code=" #PSEventMessage#CA_NOTIF_DP#CA#PENDING#AUTHORIZE#TO_BE_SENT" codifier="convention"></calypso:identifier><calypso:calypsoBusinessKey><calypso:com.calypso.jaxb.xml.BusinessKeyEntry><calypso:propertyName>processingOrg</calypso:propertyName><calypso:propertyValue> </calypso:propertyValue></calypso:com.calypso.jaxb.xml.BusinessKeyEntry><calypso:com.calypso.jaxb.xml.BusinessKeyEntry><calypso:propertyName>eventClass</calypso:propertyName><calypso:propertyValue>PSEventMessage</calypso:propertyValue></calypso:com.calypso.jaxb.xml.BusinessKeyEntry><calypso:com.calypso.jaxb.xml.BusinessKeyEntry><calypso:propertyName>subtype</calypso:propertyName><calypso:propertyValue>CA_NOTIF_DP</calypso:propertyValue></calypso:com.calypso.jaxb.xml.BusinessKeyEntry><calypso:com.calypso.jaxb.xml.BusinessKeyEntry><calypso:propertyName>product</calypso:propertyName><calypso:propertyValue>CA</calypso:propertyValue></calypso:com.calypso.jaxb.xml.BusinessKeyEntry><calypso:com.calypso.jaxb.xml.BusinessKeyEntry><calypso:propertyName>origStatus</calypso:propertyName><calypso:propertyValue>PENDING</calypso:propertyValue></calypso:com.calypso.jaxb.xml.BusinessKeyEntry><calypso:com.calypso.jaxb.xml.BusinessKeyEntry><calypso:propertyName>action</calypso:propertyName><calypso:propertyValue>AUTHORIZE</calypso:propertyValue></calypso:com.calypso.jaxb.xml.BusinessKeyEntry><calypso:com.calypso.jaxb.xml.BusinessKeyEntry><calypso:propertyName>resultStatus</calypso:propertyName><calypso:propertyValue>TO_BE_SENT</calypso:propertyValue></calypso:com.calypso.jaxb.xml.BusinessKeyEntry></calypso:calypsoBusinessKey></calypso:identifiers><calypso:dependencies><calypso:dependency><calypso:identifiers><calypso:type>com.calypso.tk.refdata.DomainValueAdapter</calypso:type><calypso:separator>#</calypso:separator><calypso:identifier code="messageAction#AUTHORIZE" codifier="convention"></calypso:identifier><calypso:calypsoBusinessKey><calypso:com.calypso.jaxb.xml.BusinessKeyEntry><calypso:propertyName>domainName</calypso:propertyName><calypso:propertyValue>messageAction</calypso:propertyValue></calypso:com.calypso.jaxb.xml.BusinessKeyEntry><calypso:com.calypso.jaxb.xml.BusinessKeyEntry><calypso:propertyName>value</calypso:propertyName><calypso:propertyValue>AUTHORIZE</calypso:propertyValue></calypso:com.calypso.jaxb.xml.BusinessKeyEntry></calypso:calypsoBusinessKey></calypso:identifiers><calypso:excluded>false</calypso:excluded></calypso:dependency><calypso:dependency><calypso:identifiers><calypso:type>com.calypso.tk.refdata.DomainValueAdapter</calypso:type><calypso:separator>#</calypso:separator><calypso:identifier code="messageStatus#PENDING" codifier="convention"></calypso:identifier><calypso:calypsoBusinessKey><calypso:com.calypso.jaxb.xml.BusinessKeyEntry><calypso:propertyName>domainName</calypso:propertyName><calypso:propertyValue>messageStatus</calypso:propertyValue></calypso:com.calypso.jaxb.xml.BusinessKeyEntry><calypso:com.calypso.jaxb.xml.BusinessKeyEntry><calypso:propertyName>value</calypso:propertyName><calypso:propertyValue>PENDING</calypso:propertyValue></calypso:com.calypso.jaxb.xml.BusinessKeyEntry></calypso:calypsoBusinessKey></calypso:identifiers><calypso:excluded>false</calypso:excluded></calypso:dependency><calypso:dependency><calypso:identifiers><calypso:type>com.calypso.tk.refdata.DomainValueAdapter</calypso:type><calypso:separator>#</calypso:separator><calypso:identifier code="workflowRuleMessage#CheckContact" codifier="convention"></calypso:identifier><calypso:calypsoBusinessKey><calypso:com.calypso.jaxb.xml.BusinessKeyEntry><calypso:propertyName>domainName</calypso:propertyName><calypso:propertyValue>workflowRuleMessage</calypso:propertyValue></calypso:com.calypso.jaxb.xml.BusinessKeyEntry><calypso:com.calypso.jaxb.xml.BusinessKeyEntry><calypso:propertyName>value</calypso:propertyName><calypso:propertyValue>CheckContact</calypso:propertyValue></calypso:com.calypso.jaxb.xml.BusinessKeyEntry></calypso:calypsoBusinessKey></calypso:identifiers><calypso:excluded>false</calypso:excluded></calypso:dependency><calypso:dependency><calypso:identifiers><calypso:type>com.calypso.tk.refdata.DomainValueAdapter</calypso:type><calypso:separator>#</calypso:separator><calypso:identifier code="messageStatus#TO_BE_SENT" codifier="convention"></calypso:identifier><calypso:calypsoBusinessKey><calypso:com.calypso.jaxb.xml.BusinessKeyEntry><calypso:propertyName>domainName</calypso:propertyName><calypso:propertyValue>messageStatus</calypso:propertyValue></calypso:com.calypso.jaxb.xml.BusinessKeyEntry><calypso:com.calypso.jaxb.xml.BusinessKeyEntry><calypso:propertyName>value</calypso:propertyName><calypso:propertyValue>TO_BE_SENT</calypso:propertyValue></calypso:com.calypso.jaxb.xml.BusinessKeyEntry></calypso:calypsoBusinessKey></calypso:identifiers><calypso:excluded>false</calypso:excluded></calypso:dependency><calypso:dependency><calypso:identifiers><calypso:type>com.calypso.tk.refdata.DomainValueAdapter</calypso:type><calypso:separator>#</calypso:separator><calypso:identifier code="productType#CA" codifier="convention"></calypso:identifier><calypso:calypsoBusinessKey><calypso:com.calypso.jaxb.xml.BusinessKeyEntry><calypso:propertyName>domainName</calypso:propertyName><calypso:propertyValue>productType</calypso:propertyValue></calypso:com.calypso.jaxb.xml.BusinessKeyEntry><calypso:com.calypso.jaxb.xml.BusinessKeyEntry><calypso:propertyName>value</calypso:propertyName><calypso:propertyValue>CA</calypso:propertyValue></calypso:com.calypso.jaxb.xml.BusinessKeyEntry></calypso:calypsoBusinessKey></calypso:identifiers><calypso:excluded>false</calypso:excluded></calypso:dependency><calypso:dependency><calypso:identifiers><calypso:type>com.calypso.tk.refdata.DomainValueAdapter</calypso:type><calypso:separator>#</calypso:separator><calypso:identifier code="messageType#CA_NOTIF_DP" codifier="convention"></calypso:identifier><calypso:calypsoBusinessKey><calypso:com.calypso.jaxb.xml.BusinessKeyEntry><calypso:propertyName>domainName</calypso:propertyName><calypso:propertyValue>messageType</calypso:propertyValue></calypso:com.calypso.jaxb.xml.BusinessKeyEntry><calypso:com.calypso.jaxb.xml.BusinessKeyEntry><calypso:propertyName>value</calypso:propertyName><calypso:propertyValue>CA_NOTIF_DP</calypso:propertyValue></calypso:com.calypso.jaxb.xml.BusinessKeyEntry></calypso:calypsoBusinessKey></calypso:identifiers><calypso:excluded>false</calypso:excluded></calypso:dependency></calypso:dependencies></calypso:item><calypso:item><calypso:identifiers><calypso:type>com.calypso.tk.bo.TaskWorkflowConfigAdapter</calypso:type><calypso:separator>#</calypso:separator><calypso:identifier code=" #PSEventMessage#CA_NOTIF_DP#CA#PENDING#CANCELNEW#CANCELED" codifier="convention"></calypso:identifier><calypso:calypsoBusinessKey><calypso:com.calypso.jaxb.xml.BusinessKeyEntry><calypso:propertyName>processingOrg</calypso:propertyName><calypso:propertyValue> </calypso:propertyValue></calypso:com.calypso.jaxb.xml.BusinessKeyEntry><calypso:com.calypso.jaxb.xml.BusinessKeyEntry><calypso:propertyName>eventClass</calypso:propertyName><calypso:propertyValue>PSEventMessage</calypso:propertyValue></calypso:com.calypso.jaxb.xml.BusinessKeyEntry><calypso:com.calypso.jaxb.xml.BusinessKeyEntry><calypso:propertyName>subtype</calypso:propertyName><calypso:propertyValue>CA_NOTIF_DP</calypso:propertyValue></calypso:com.calypso.jaxb.xml.BusinessKeyEntry><calypso:com.calypso.jaxb.xml.BusinessKeyEntry><calypso:propertyName>product</calypso:propertyName><calypso:propertyValue>CA</calypso:propertyValue></calypso:com.calypso.jaxb.xml.BusinessKeyEntry><calypso:com.calypso.jaxb.xml.BusinessKeyEntry><calypso:propertyName>origStatus</calypso:propertyName><calypso:propertyValue>PENDING</calypso:propertyValue></calypso:com.calypso.jaxb.xml.BusinessKeyEntry><calypso:com.calypso.jaxb.xml.BusinessKeyEntry><calypso:propertyName>action</calypso:propertyName><calypso:propertyValue>CANCELNEW</calypso:propertyValue></calypso:com.calypso.jaxb.xml.BusinessKeyEntry><calypso:com.calypso.jaxb.xml.BusinessKeyEntry><calypso:propertyName>resultStatus</calypso:propertyName><calypso:propertyValue>CANCELED</calypso:propertyValue></calypso:com.calypso.jaxb.xml.BusinessKeyEntry></calypso:calypsoBusinessKey></calypso:identifiers><calypso:dependencies><calypso:dependency><calypso:identifiers><calypso:type>com.calypso.tk.refdata.DomainValueAdapter</calypso:type><calypso:separator>#</calypso:separator><calypso:identifier code="messageAction#CANCELNEW" codifier="convention"></calypso:identifier><calypso:calypsoBusinessKey><calypso:com.calypso.jaxb.xml.BusinessKeyEntry><calypso:propertyName>domainName</calypso:propertyName><calypso:propertyValue>messageAction</calypso:propertyValue></calypso:com.calypso.jaxb.xml.BusinessKeyEntry><calypso:com.calypso.jaxb.xml.BusinessKeyEntry><calypso:propertyName>value</calypso:propertyName><calypso:propertyValue>CANCELNEW</calypso:propertyValue></calypso:com.calypso.jaxb.xml.BusinessKeyEntry></calypso:calypsoBusinessKey></calypso:identifiers><calypso:excluded>false</calypso:excluded></calypso:dependency><calypso:dependency><calypso:identifiers><calypso:type>com.calypso.tk.refdata.DomainValueAdapter</calypso:type><calypso:separator>#</calypso:separator><calypso:identifier code="messageStatus#PENDING" codifier="convention"></calypso:identifier><calypso:calypsoBusinessKey><calypso:com.calypso.jaxb.xml.BusinessKeyEntry><calypso:propertyName>domainName</calypso:propertyName><calypso:propertyValue>messageStatus</calypso:propertyValue></calypso:com.calypso.jaxb.xml.BusinessKeyEntry><calypso:com.calypso.jaxb.xml.BusinessKeyEntry><calypso:propertyName>value</calypso:propertyName><calypso:propertyValue>PENDING</calypso:propertyValue></calypso:com.calypso.jaxb.xml.BusinessKeyEntry></calypso:calypsoBusinessKey></calypso:identifiers><calypso:excluded>false</calypso:excluded></calypso:dependency><calypso:dependency><calypso:identifiers><calypso:type>com.calypso.tk.refdata.DomainValueAdapter</calypso:type><calypso:separator>#</calypso:separator><calypso:identifier code="messageStatus#CANCELED" codifier="convention"></calypso:identifier><calypso:calypsoBusinessKey><calypso:com.calypso.jaxb.xml.BusinessKeyEntry><calypso:propertyName>domainName</calypso:propertyName><calypso:propertyValue>messageStatus</calypso:propertyValue></calypso:com.calypso.jaxb.xml.BusinessKeyEntry><calypso:com.calypso.jaxb.xml.BusinessKeyEntry><calypso:propertyName>value</calypso:propertyName><calypso:propertyValue>CANCELED</calypso:propertyValue></calypso:com.calypso.jaxb.xml.BusinessKeyEntry></calypso:calypsoBusinessKey></calypso:identifiers><calypso:excluded>false</calypso:excluded></calypso:dependency><calypso:dependency><calypso:identifiers><calypso:type>com.calypso.tk.refdata.DomainValueAdapter</calypso:type><calypso:separator>#</calypso:separator><calypso:identifier code="productType#CA" codifier="convention"></calypso:identifier><calypso:calypsoBusinessKey><calypso:com.calypso.jaxb.xml.BusinessKeyEntry><calypso:propertyName>domainName</calypso:propertyName><calypso:propertyValue>productType</calypso:propertyValue></calypso:com.calypso.jaxb.xml.BusinessKeyEntry><calypso:com.calypso.jaxb.xml.BusinessKeyEntry><calypso:propertyName>value</calypso:propertyName><calypso:propertyValue>CA</calypso:propertyValue></calypso:com.calypso.jaxb.xml.BusinessKeyEntry></calypso:calypsoBusinessKey></calypso:identifiers><calypso:excluded>false</calypso:excluded></calypso:dependency><calypso:dependency><calypso:identifiers><calypso:type>com.calypso.tk.refdata.DomainValueAdapter</calypso:type><calypso:separator>#</calypso:separator><calypso:identifier code="messageType#CA_NOTIF_DP" codifier="convention"></calypso:identifier><calypso:calypsoBusinessKey><calypso:com.calypso.jaxb.xml.BusinessKeyEntry><calypso:propertyName>domainName</calypso:propertyName><calypso:propertyValue>messageType</calypso:propertyValue></calypso:com.calypso.jaxb.xml.BusinessKeyEntry><calypso:com.calypso.jaxb.xml.BusinessKeyEntry><calypso:propertyName>value</calypso:propertyName><calypso:propertyValue>CA_NOTIF_DP</calypso:propertyValue></calypso:com.calypso.jaxb.xml.BusinessKeyEntry></calypso:calypsoBusinessKey></calypso:identifiers><calypso:excluded>false</calypso:excluded></calypso:dependency></calypso:dependencies></calypso:item><calypso:item><calypso:identifiers><calypso:type>com.calypso.tk.bo.TaskWorkflowConfigAdapter</calypso:type><calypso:separator>#</calypso:separator><calypso:identifier code=" #PSEventMessage#CA_NOTIF_DP#CA#ERROR_SENT#SEND#TO_BE_SENT" codifier="convention"></calypso:identifier><calypso:calypsoBusinessKey><calypso:com.calypso.jaxb.xml.BusinessKeyEntry><calypso:propertyName>processingOrg</calypso:propertyName><calypso:propertyValue> </calypso:propertyValue></calypso:com.calypso.jaxb.xml.BusinessKeyEntry><calypso:com.calypso.jaxb.xml.BusinessKeyEntry><calypso:propertyName>eventClass</calypso:propertyName><calypso:propertyValue>PSEventMessage</calypso:propertyValue></calypso:com.calypso.jaxb.xml.BusinessKeyEntry><calypso:com.calypso.jaxb.xml.BusinessKeyEntry><calypso:propertyName>subtype</calypso:propertyName><calypso:propertyValue>CA_NOTIF_DP</calypso:propertyValue></calypso:com.calypso.jaxb.xml.BusinessKeyEntry><calypso:com.calypso.jaxb.xml.BusinessKeyEntry><calypso:propertyName>product</calypso:propertyName><calypso:propertyValue>CA</calypso:propertyValue></calypso:com.calypso.jaxb.xml.BusinessKeyEntry><calypso:com.calypso.jaxb.xml.BusinessKeyEntry><calypso:propertyName>origStatus</calypso:propertyName><calypso:propertyValue>ERROR_SENT</calypso:propertyValue></calypso:com.calypso.jaxb.xml.BusinessKeyEntry><calypso:com.calypso.jaxb.xml.BusinessKeyEntry><calypso:propertyName>action</calypso:propertyName><calypso:propertyValue>SEND</calypso:propertyValue></calypso:com.calypso.jaxb.xml.BusinessKeyEntry><calypso:com.calypso.jaxb.xml.BusinessKeyEntry><calypso:propertyName>resultStatus</calypso:propertyName><calypso:propertyValue>TO_BE_SENT</calypso:propertyValue></calypso:com.calypso.jaxb.xml.BusinessKeyEntry></calypso:calypsoBusinessKey></calypso:identifiers><calypso:dependencies><calypso:dependency><calypso:identifiers><calypso:type>com.calypso.tk.refdata.DomainValueAdapter</calypso:type><calypso:separator>#</calypso:separator><calypso:identifier code="messageAction#SEND" codifier="convention"></calypso:identifier><calypso:calypsoBusinessKey><calypso:com.calypso.jaxb.xml.BusinessKeyEntry><calypso:propertyName>domainName</calypso:propertyName><calypso:propertyValue>messageAction</calypso:propertyValue></calypso:com.calypso.jaxb.xml.BusinessKeyEntry><calypso:com.calypso.jaxb.xml.BusinessKeyEntry><calypso:propertyName>value</calypso:propertyName><calypso:propertyValue>SEND</calypso:propertyValue></calypso:com.calypso.jaxb.xml.BusinessKeyEntry></calypso:calypsoBusinessKey></calypso:identifiers><calypso:excluded>false</calypso:excluded></calypso:dependency><calypso:dependency><calypso:identifiers><calypso:type>com.calypso.tk.refdata.DomainValueAdapter</calypso:type><calypso:separator>#</calypso:separator><calypso:identifier code="messageStatus#ERROR_SENT" codifier="convention"></calypso:identifier><calypso:calypsoBusinessKey><calypso:com.calypso.jaxb.xml.BusinessKeyEntry><calypso:propertyName>domainName</calypso:propertyName><calypso:propertyValue>messageStatus</calypso:propertyValue></calypso:com.calypso.jaxb.xml.BusinessKeyEntry><calypso:com.calypso.jaxb.xml.BusinessKeyEntry><calypso:propertyName>value</calypso:propertyName><calypso:propertyValue>ERROR_SENT</calypso:propertyValue></calypso:com.calypso.jaxb.xml.BusinessKeyEntry></calypso:calypsoBusinessKey></calypso:identifiers><calypso:excluded>false</calypso:excluded></calypso:dependency><calypso:dependency><calypso:identifiers><calypso:type>com.calypso.tk.refdata.DomainValueAdapter</calypso:type><calypso:separator>#</calypso:separator><calypso:identifier code="messageStatus#TO_BE_SENT" codifier="convention"></calypso:identifier><calypso:calypsoBusinessKey><calypso:com.calypso.jaxb.xml.BusinessKeyEntry><calypso:propertyName>domainName</calypso:propertyName><calypso:propertyValue>messageStatus</calypso:propertyValue></calypso:com.calypso.jaxb.xml.BusinessKeyEntry><calypso:com.calypso.jaxb.xml.BusinessKeyEntry><calypso:propertyName>value</calypso:propertyName><calypso:propertyValue>TO_BE_SENT</calypso:propertyValue></calypso:com.calypso.jaxb.xml.BusinessKeyEntry></calypso:calypsoBusinessKey></calypso:identifiers><calypso:excluded>false</calypso:excluded></calypso:dependency><calypso:dependency><calypso:identifiers><calypso:type>com.calypso.tk.refdata.DomainValueAdapter</calypso:type><calypso:separator>#</calypso:separator><calypso:identifier code="productType#CA" codifier="convention"></calypso:identifier><calypso:calypsoBusinessKey><calypso:com.calypso.jaxb.xml.BusinessKeyEntry><calypso:propertyName>domainName</calypso:propertyName><calypso:propertyValue>productType</calypso:propertyValue></calypso:com.calypso.jaxb.xml.BusinessKeyEntry><calypso:com.calypso.jaxb.xml.BusinessKeyEntry><calypso:propertyName>value</calypso:propertyName><calypso:propertyValue>CA</calypso:propertyValue></calypso:com.calypso.jaxb.xml.BusinessKeyEntry></calypso:calypsoBusinessKey></calypso:identifiers><calypso:excluded>false</calypso:excluded></calypso:dependency><calypso:dependency><calypso:identifiers><calypso:type>com.calypso.tk.refdata.DomainValueAdapter</calypso:type><calypso:separator>#</calypso:separator><calypso:identifier code="messageType#CA_NOTIF_DP" codifier="convention"></calypso:identifier><calypso:calypsoBusinessKey><calypso:com.calypso.jaxb.xml.BusinessKeyEntry><calypso:propertyName>domainName</calypso:propertyName><calypso:propertyValue>messageType</calypso:propertyValue></calypso:com.calypso.jaxb.xml.BusinessKeyEntry><calypso:com.calypso.jaxb.xml.BusinessKeyEntry><calypso:propertyName>value</calypso:propertyName><calypso:propertyValue>CA_NOTIF_DP</calypso:propertyValue></calypso:com.calypso.jaxb.xml.BusinessKeyEntry></calypso:calypsoBusinessKey></calypso:identifiers><calypso:excluded>false</calypso:excluded></calypso:dependency></calypso:dependencies></calypso:item><calypso:item><calypso:identifiers><calypso:type>com.calypso.tk.bo.TaskWorkflowConfigAdapter</calypso:type><calypso:separator>#</calypso:separator><calypso:identifier code=" #PSEventMessage#CA_NOTIF_DP#CA#TO_BE_SENT#SEND#SENT" codifier="convention"></calypso:identifier><calypso:calypsoBusinessKey><calypso:com.calypso.jaxb.xml.BusinessKeyEntry><calypso:propertyName>processingOrg</calypso:propertyName><calypso:propertyValue> </calypso:propertyValue></calypso:com.calypso.jaxb.xml.BusinessKeyEntry><calypso:com.calypso.jaxb.xml.BusinessKeyEntry><calypso:propertyName>eventClass</calypso:propertyName><calypso:propertyValue>PSEventMessage</calypso:propertyValue></calypso:com.calypso.jaxb.xml.BusinessKeyEntry><calypso:com.calypso.jaxb.xml.BusinessKeyEntry><calypso:propertyName>subtype</calypso:propertyName><calypso:propertyValue>CA_NOTIF_DP</calypso:propertyValue></calypso:com.calypso.jaxb.xml.BusinessKeyEntry><calypso:com.calypso.jaxb.xml.BusinessKeyEntry><calypso:propertyName>product</calypso:propertyName><calypso:propertyValue>CA</calypso:propertyValue></calypso:com.calypso.jaxb.xml.BusinessKeyEntry><calypso:com.calypso.jaxb.xml.BusinessKeyEntry><calypso:propertyName>origStatus</calypso:propertyName><calypso:propertyValue>TO_BE_SENT</calypso:propertyValue></calypso:com.calypso.jaxb.xml.BusinessKeyEntry><calypso:com.calypso.jaxb.xml.BusinessKeyEntry><calypso:propertyName>action</calypso:propertyName><calypso:propertyValue>SEND</calypso:propertyValue></calypso:com.calypso.jaxb.xml.BusinessKeyEntry><calypso:com.calypso.jaxb.xml.BusinessKeyEntry><calypso:propertyName>resultStatus</calypso:propertyName><calypso:propertyValue>SENT</calypso:propertyValue></calypso:com.calypso.jaxb.xml.BusinessKeyEntry></calypso:calypsoBusinessKey></calypso:identifiers><calypso:dependencies><calypso:dependency><calypso:identifiers><calypso:type>com.calypso.tk.refdata.DomainValueAdapter</calypso:type><calypso:separator>#</calypso:separator><calypso:identifier code="messageAction#SEND" codifier="convention"></calypso:identifier><calypso:calypsoBusinessKey><calypso:com.calypso.jaxb.xml.BusinessKeyEntry><calypso:propertyName>domainName</calypso:propertyName><calypso:propertyValue>messageAction</calypso:propertyValue></calypso:com.calypso.jaxb.xml.BusinessKeyEntry><calypso:com.calypso.jaxb.xml.BusinessKeyEntry><calypso:propertyName>value</calypso:propertyName><calypso:propertyValue>SEND</calypso:propertyValue></calypso:com.calypso.jaxb.xml.BusinessKeyEntry></calypso:calypsoBusinessKey></calypso:identifiers><calypso:excluded>false</calypso:excluded></calypso:dependency><calypso:dependency><calypso:identifiers><calypso:type>com.calypso.tk.refdata.DomainValueAdapter</calypso:type><calypso:separator>#</calypso:separator><calypso:identifier code="messageStatus#TO_BE_SENT" codifier="convention"></calypso:identifier><calypso:calypsoBusinessKey><calypso:com.calypso.jaxb.xml.BusinessKeyEntry><calypso:propertyName>domainName</calypso:propertyName><calypso:propertyValue>messageStatus</calypso:propertyValue></calypso:com.calypso.jaxb.xml.BusinessKeyEntry><calypso:com.calypso.jaxb.xml.BusinessKeyEntry><calypso:propertyName>value</calypso:propertyName><calypso:propertyValue>TO_BE_SENT</calypso:propertyValue></calypso:com.calypso.jaxb.xml.BusinessKeyEntry></calypso:calypsoBusinessKey></calypso:identifiers><calypso:excluded>false</calypso:excluded></calypso:dependency><calypso:dependency><calypso:identifiers><calypso:type>com.calypso.tk.refdata.DomainValueAdapter</calypso:type><calypso:separator>#</calypso:separator><calypso:identifier code="workflowRuleMessage#CheckContact" codifier="convention"></calypso:identifier><calypso:calypsoBusinessKey><calypso:com.calypso.jaxb.xml.BusinessKeyEntry><calypso:propertyName>domainName</calypso:propertyName><calypso:propertyValue>workflowRuleMessage</calypso:propertyValue></calypso:com.calypso.jaxb.xml.BusinessKeyEntry><calypso:com.calypso.jaxb.xml.BusinessKeyEntry><calypso:propertyName>value</calypso:propertyName><calypso:propertyValue>CheckContact</calypso:propertyValue></calypso:com.calypso.jaxb.xml.BusinessKeyEntry></calypso:calypsoBusinessKey></calypso:identifiers><calypso:excluded>false</calypso:excluded></calypso:dependency><calypso:dependency><calypso:identifiers><calypso:type>com.calypso.tk.refdata.DomainValueAdapter</calypso:type><calypso:separator>#</calypso:separator><calypso:identifier code="messageStatus#SENT" codifier="convention"></calypso:identifier><calypso:calypsoBusinessKey><calypso:com.calypso.jaxb.xml.BusinessKeyEntry><calypso:propertyName>domainName</calypso:propertyName><calypso:propertyValue>messageStatus</calypso:propertyValue></calypso:com.calypso.jaxb.xml.BusinessKeyEntry><calypso:com.calypso.jaxb.xml.BusinessKeyEntry><calypso:propertyName>value</calypso:propertyName><calypso:propertyValue>SENT</calypso:propertyValue></calypso:com.calypso.jaxb.xml.BusinessKeyEntry></calypso:calypsoBusinessKey></calypso:identifiers><calypso:excluded>false</calypso:excluded></calypso:dependency><calypso:dependency><calypso:identifiers><calypso:type>com.calypso.tk.refdata.DomainValueAdapter</calypso:type><calypso:separator>#</calypso:separator><calypso:identifier code="productType#CA" codifier="convention"></calypso:identifier><calypso:calypsoBusinessKey><calypso:com.calypso.jaxb.xml.BusinessKeyEntry><calypso:propertyName>domainName</calypso:propertyName><calypso:propertyValue>productType</calypso:propertyValue></calypso:com.calypso.jaxb.xml.BusinessKeyEntry><calypso:com.calypso.jaxb.xml.BusinessKeyEntry><calypso:propertyName>value</calypso:propertyName><calypso:propertyValue>CA</calypso:propertyValue></calypso:com.calypso.jaxb.xml.BusinessKeyEntry></calypso:calypsoBusinessKey></calypso:identifiers><calypso:excluded>false</calypso:excluded></calypso:dependency><calypso:dependency><calypso:identifiers><calypso:type>com.calypso.tk.refdata.DomainValueAdapter</calypso:type><calypso:separator>#</calypso:separator><calypso:identifier code="messageType#CA_NOTIF_DP" codifier="convention"></calypso:identifier><calypso:calypsoBusinessKey><calypso:com.calypso.jaxb.xml.BusinessKeyEntry><calypso:propertyName>domainName</calypso:propertyName><calypso:propertyValue>messageType</calypso:propertyValue></calypso:com.calypso.jaxb.xml.BusinessKeyEntry><calypso:com.calypso.jaxb.xml.BusinessKeyEntry><calypso:propertyName>value</calypso:propertyName><calypso:propertyValue>CA_NOTIF_DP</calypso:propertyValue></calypso:com.calypso.jaxb.xml.BusinessKeyEntry></calypso:calypsoBusinessKey></calypso:identifiers><calypso:excluded>false</calypso:excluded></calypso:dependency></calypso:dependencies></calypso:item><calypso:item><calypso:identifiers><calypso:type>com.calypso.tk.bo.TaskWorkflowConfigAdapter</calypso:type><calypso:separator>#</calypso:separator><calypso:identifier code=" #PSEventMessage#CA_NOTIF_DP#CA#TO_BE_SENT#CANCEL#CANCELED" codifier="convention"></calypso:identifier><calypso:calypsoBusinessKey><calypso:com.calypso.jaxb.xml.BusinessKeyEntry><calypso:propertyName>processingOrg</calypso:propertyName><calypso:propertyValue> </calypso:propertyValue></calypso:com.calypso.jaxb.xml.BusinessKeyEntry><calypso:com.calypso.jaxb.xml.BusinessKeyEntry><calypso:propertyName>eventClass</calypso:propertyName><calypso:propertyValue>PSEventMessage</calypso:propertyValue></calypso:com.calypso.jaxb.xml.BusinessKeyEntry><calypso:com.calypso.jaxb.xml.BusinessKeyEntry><calypso:propertyName>subtype</calypso:propertyName><calypso:propertyValue>CA_NOTIF_DP</calypso:propertyValue></calypso:com.calypso.jaxb.xml.BusinessKeyEntry><calypso:com.calypso.jaxb.xml.BusinessKeyEntry><calypso:propertyName>product</calypso:propertyName><calypso:propertyValue>CA</calypso:propertyValue></calypso:com.calypso.jaxb.xml.BusinessKeyEntry><calypso:com.calypso.jaxb.xml.BusinessKeyEntry><calypso:propertyName>origStatus</calypso:propertyName><calypso:propertyValue>TO_BE_SENT</calypso:propertyValue></calypso:com.calypso.jaxb.xml.BusinessKeyEntry><calypso:com.calypso.jaxb.xml.BusinessKeyEntry><calypso:propertyName>action</calypso:propertyName><calypso:propertyValue>CANCEL</calypso:propertyValue></calypso:com.calypso.jaxb.xml.BusinessKeyEntry><calypso:com.calypso.jaxb.xml.BusinessKeyEntry><calypso:propertyName>resultStatus</calypso:propertyName><calypso:propertyValue>CANCELED</calypso:propertyValue></calypso:com.calypso.jaxb.xml.BusinessKeyEntry></calypso:calypsoBusinessKey></calypso:identifiers><calypso:dependencies><calypso:dependency><calypso:identifiers><calypso:type>com.calypso.tk.refdata.DomainValueAdapter</calypso:type><calypso:separator>#</calypso:separator><calypso:identifier code="messageAction#CANCEL" codifier="convention"></calypso:identifier><calypso:calypsoBusinessKey><calypso:com.calypso.jaxb.xml.BusinessKeyEntry><calypso:propertyName>domainName</calypso:propertyName><calypso:propertyValue>messageAction</calypso:propertyValue></calypso:com.calypso.jaxb.xml.BusinessKeyEntry><calypso:com.calypso.jaxb.xml.BusinessKeyEntry><calypso:propertyName>value</calypso:propertyName><calypso:propertyValue>CANCEL</calypso:propertyValue></calypso:com.calypso.jaxb.xml.BusinessKeyEntry></calypso:calypsoBusinessKey></calypso:identifiers><calypso:excluded>false</calypso:excluded></calypso:dependency><calypso:dependency><calypso:identifiers><calypso:type>com.calypso.tk.refdata.DomainValueAdapter</calypso:type><calypso:separator>#</calypso:separator><calypso:identifier code="messageStatus#TO_BE_SENT" codifier="convention"></calypso:identifier><calypso:calypsoBusinessKey><calypso:com.calypso.jaxb.xml.BusinessKeyEntry><calypso:propertyName>domainName</calypso:propertyName><calypso:propertyValue>messageStatus</calypso:propertyValue></calypso:com.calypso.jaxb.xml.BusinessKeyEntry><calypso:com.calypso.jaxb.xml.BusinessKeyEntry><calypso:propertyName>value</calypso:propertyName><calypso:propertyValue>TO_BE_SENT</calypso:propertyValue></calypso:com.calypso.jaxb.xml.BusinessKeyEntry></calypso:calypsoBusinessKey></calypso:identifiers><calypso:excluded>false</calypso:excluded></calypso:dependency><calypso:dependency><calypso:identifiers><calypso:type>com.calypso.tk.refdata.DomainValueAdapter</calypso:type><calypso:separator>#</calypso:separator><calypso:identifier code="messageStatus#CANCELED" codifier="convention"></calypso:identifier><calypso:calypsoBusinessKey><calypso:com.calypso.jaxb.xml.BusinessKeyEntry><calypso:propertyName>domainName</calypso:propertyName><calypso:propertyValue>messageStatus</calypso:propertyValue></calypso:com.calypso.jaxb.xml.BusinessKeyEntry><calypso:com.calypso.jaxb.xml.BusinessKeyEntry><calypso:propertyName>value</calypso:propertyName><calypso:propertyValue>CANCELED</calypso:propertyValue></calypso:com.calypso.jaxb.xml.BusinessKeyEntry></calypso:calypsoBusinessKey></calypso:identifiers><calypso:excluded>false</calypso:excluded></calypso:dependency><calypso:dependency><calypso:identifiers><calypso:type>com.calypso.tk.refdata.DomainValueAdapter</calypso:type><calypso:separator>#</calypso:separator><calypso:identifier code="productType#CA" codifier="convention"></calypso:identifier><calypso:calypsoBusinessKey><calypso:com.calypso.jaxb.xml.BusinessKeyEntry><calypso:propertyName>domainName</calypso:propertyName><calypso:propertyValue>productType</calypso:propertyValue></calypso:com.calypso.jaxb.xml.BusinessKeyEntry><calypso:com.calypso.jaxb.xml.BusinessKeyEntry><calypso:propertyName>value</calypso:propertyName><calypso:propertyValue>CA</calypso:propertyValue></calypso:com.calypso.jaxb.xml.BusinessKeyEntry></calypso:calypsoBusinessKey></calypso:identifiers><calypso:excluded>false</calypso:excluded></calypso:dependency><calypso:dependency><calypso:identifiers><calypso:type>com.calypso.tk.refdata.DomainValueAdapter</calypso:type><calypso:separator>#</calypso:separator><calypso:identifier code="messageType#CA_NOTIF_DP" codifier="convention"></calypso:identifier><calypso:calypsoBusinessKey><calypso:com.calypso.jaxb.xml.BusinessKeyEntry><calypso:propertyName>domainName</calypso:propertyName><calypso:propertyValue>messageType</calypso:propertyValue></calypso:com.calypso.jaxb.xml.BusinessKeyEntry><calypso:com.calypso.jaxb.xml.BusinessKeyEntry><calypso:propertyName>value</calypso:propertyName><calypso:propertyValue>CA_NOTIF_DP</calypso:propertyValue></calypso:com.calypso.jaxb.xml.BusinessKeyEntry></calypso:calypsoBusinessKey></calypso:identifiers><calypso:excluded>false</calypso:excluded></calypso:dependency></calypso:dependencies></calypso:item><calypso:item><calypso:identifiers><calypso:type>com.calypso.tk.bo.TaskWorkflowConfigAdapter</calypso:type><calypso:separator>#</calypso:separator><calypso:identifier code=" #PSEventMessage#CA_NOTIF_DP#CA#TO_BE_SENT#ERROR_SEND#ERROR_SENT" codifier="convention"></calypso:identifier><calypso:calypsoBusinessKey><calypso:com.calypso.jaxb.xml.BusinessKeyEntry><calypso:propertyName>processingOrg</calypso:propertyName><calypso:propertyValue> </calypso:propertyValue></calypso:com.calypso.jaxb.xml.BusinessKeyEntry><calypso:com.calypso.jaxb.xml.BusinessKeyEntry><calypso:propertyName>eventClass</calypso:propertyName><calypso:propertyValue>PSEventMessage</calypso:propertyValue></calypso:com.calypso.jaxb.xml.BusinessKeyEntry><calypso:com.calypso.jaxb.xml.BusinessKeyEntry><calypso:propertyName>subtype</calypso:propertyName><calypso:propertyValue>CA_NOTIF_DP</calypso:propertyValue></calypso:com.calypso.jaxb.xml.BusinessKeyEntry><calypso:com.calypso.jaxb.xml.BusinessKeyEntry><calypso:propertyName>product</calypso:propertyName><calypso:propertyValue>CA</calypso:propertyValue></calypso:com.calypso.jaxb.xml.BusinessKeyEntry><calypso:com.calypso.jaxb.xml.BusinessKeyEntry><calypso:propertyName>origStatus</calypso:propertyName><calypso:propertyValue>TO_BE_SENT</calypso:propertyValue></calypso:com.calypso.jaxb.xml.BusinessKeyEntry><calypso:com.calypso.jaxb.xml.BusinessKeyEntry><calypso:propertyName>action</calypso:propertyName><calypso:propertyValue>ERROR_SEND</calypso:propertyValue></calypso:com.calypso.jaxb.xml.BusinessKeyEntry><calypso:com.calypso.jaxb.xml.BusinessKeyEntry><calypso:propertyName>resultStatus</calypso:propertyName><calypso:propertyValue>ERROR_SENT</calypso:propertyValue></calypso:com.calypso.jaxb.xml.BusinessKeyEntry></calypso:calypsoBusinessKey></calypso:identifiers><calypso:dependencies><calypso:dependency><calypso:identifiers><calypso:type>com.calypso.tk.refdata.DomainValueAdapter</calypso:type><calypso:separator>#</calypso:separator><calypso:identifier code="messageAction#ERROR_SEND" codifier="convention"></calypso:identifier><calypso:calypsoBusinessKey><calypso:com.calypso.jaxb.xml.BusinessKeyEntry><calypso:propertyName>domainName</calypso:propertyName><calypso:propertyValue>messageAction</calypso:propertyValue></calypso:com.calypso.jaxb.xml.BusinessKeyEntry><calypso:com.calypso.jaxb.xml.BusinessKeyEntry><calypso:propertyName>value</calypso:propertyName><calypso:propertyValue>ERROR_SEND</calypso:propertyValue></calypso:com.calypso.jaxb.xml.BusinessKeyEntry></calypso:calypsoBusinessKey></calypso:identifiers><calypso:excluded>false</calypso:excluded></calypso:dependency><calypso:dependency><calypso:identifiers><calypso:type>com.calypso.tk.refdata.DomainValueAdapter</calypso:type><calypso:separator>#</calypso:separator><calypso:identifier code="messageStatus#TO_BE_SENT" codifier="convention"></calypso:identifier><calypso:calypsoBusinessKey><calypso:com.calypso.jaxb.xml.BusinessKeyEntry><calypso:propertyName>domainName</calypso:propertyName><calypso:propertyValue>messageStatus</calypso:propertyValue></calypso:com.calypso.jaxb.xml.BusinessKeyEntry><calypso:com.calypso.jaxb.xml.BusinessKeyEntry><calypso:propertyName>value</calypso:propertyName><calypso:propertyValue>TO_BE_SENT</calypso:propertyValue></calypso:com.calypso.jaxb.xml.BusinessKeyEntry></calypso:calypsoBusinessKey></calypso:identifiers><calypso:excluded>false</calypso:excluded></calypso:dependency><calypso:dependency><calypso:identifiers><calypso:type>com.calypso.tk.refdata.DomainValueAdapter</calypso:type><calypso:separator>#</calypso:separator><calypso:identifier code="messageStatus#ERROR_SENT" codifier="convention"></calypso:identifier><calypso:calypsoBusinessKey><calypso:com.calypso.jaxb.xml.BusinessKeyEntry><calypso:propertyName>domainName</calypso:propertyName><calypso:propertyValue>messageStatus</calypso:propertyValue></calypso:com.calypso.jaxb.xml.BusinessKeyEntry><calypso:com.calypso.jaxb.xml.BusinessKeyEntry><calypso:propertyName>value</calypso:propertyName><calypso:propertyValue>ERROR_SENT</calypso:propertyValue></calypso:com.calypso.jaxb.xml.BusinessKeyEntry></calypso:calypsoBusinessKey></calypso:identifiers><calypso:excluded>false</calypso:excluded></calypso:dependency><calypso:dependency><calypso:identifiers><calypso:type>com.calypso.tk.refdata.DomainValueAdapter</calypso:type><calypso:separator>#</calypso:separator><calypso:identifier code="productType#CA" codifier="convention"></calypso:identifier><calypso:calypsoBusinessKey><calypso:com.calypso.jaxb.xml.BusinessKeyEntry><calypso:propertyName>domainName</calypso:propertyName><calypso:propertyValue>productType</calypso:propertyValue></calypso:com.calypso.jaxb.xml.BusinessKeyEntry><calypso:com.calypso.jaxb.xml.BusinessKeyEntry><calypso:propertyName>value</calypso:propertyName><calypso:propertyValue>CA</calypso:propertyValue></calypso:com.calypso.jaxb.xml.BusinessKeyEntry></calypso:calypsoBusinessKey></calypso:identifiers><calypso:excluded>false</calypso:excluded></calypso:dependency><calypso:dependency><calypso:identifiers><calypso:type>com.calypso.tk.refdata.DomainValueAdapter</calypso:type><calypso:separator>#</calypso:separator><calypso:identifier code="messageType#CA_NOTIF_DP" codifier="convention"></calypso:identifier><calypso:calypsoBusinessKey><calypso:com.calypso.jaxb.xml.BusinessKeyEntry><calypso:propertyName>domainName</calypso:propertyName><calypso:propertyValue>messageType</calypso:propertyValue></calypso:com.calypso.jaxb.xml.BusinessKeyEntry><calypso:com.calypso.jaxb.xml.BusinessKeyEntry><calypso:propertyName>value</calypso:propertyName><calypso:propertyValue>CA_NOTIF_DP</calypso:propertyValue></calypso:com.calypso.jaxb.xml.BusinessKeyEntry></calypso:calypsoBusinessKey></calypso:identifiers><calypso:excluded>false</calypso:excluded></calypso:dependency></calypso:dependencies></calypso:item></calypso:items>