<?xml version="1.0" encoding="iso-8859-1" standalone="yes"?>
<calypso:calypsoDocument xmlns:liquidityrule="http://www.calypso.com/liquidityrule" xmlns:liquiditycriteria="http://www.calypso.com/liquiditycriteria" xmlns:liquidityposition="http://www.calypso.com/liquidityposition" xmlns:matching="http://www.calypso.com/matching" xmlns:scheduler="http://www.calypso.com/scheduler" xmlns:liquidityreporting="http://www.calypso.com/liquidityreporting" xmlns:kpiservice="http://www.calypso.com/kpiservice" xmlns:ns12="http://www.calypso.com/bo-messaging" xmlns:assumption="http://www.calypso.com/assumption" xmlns:hedgeaccounting="http://www.calypso.com/hedgeaccounting" xmlns:swift="http://www.calypso.com/swift" xmlns:bondexoticnote="http://www.calypso.com/bondexoticnote" xmlns:datauploader="http://www.calypso.com/datauploader" xmlns:ftp="http://www.calypso.com/ftp" xmlns:pricingscript="http://www.calypso.com/pricingscript" xmlns:am="http://www.calypso.com/am" xmlns:scriptableOTC="http://www.calypso.com/scriptableOTC" xmlns:pricingsheet="http://www.calypso.com/pricingsheet" xmlns:taskstation="http://www.calypso.com/taskstation" xmlns:liquiditycore="http://www.calypso.com/liquiditycore" xmlns:calypso="http://www.calypso.com/xml" xmlns:accplreconciliation="http://www.calypso.com/accplreconciliation" xmlns:liquidityclassification="http://www.calypso.com/liquidityclassification" xmlns:collateral="http://www.calypso.com/collateral" xmlns:calculationserver="http://www.calypso.com/calculationserver">
    <calypso:calypsoObject xsi:type="calypso:TradeReportTemplate" version="14-0" action="" xmlns:xsi="http://www.w3.org/2001/XMLSchema-instance">
        <calypso:reportTypeDomainValue>
            <calypso:domainValue>
                <calypso:type>com.calypso.tk.refdata.DomainValueAdapter</calypso:type>
                <calypso:separator>#</calypso:separator>
                <calypso:identifier code="REPORT.Types#ABCTrade" codifier="convention"/>
                <calypso:calypsoBusinessKey>
                    <calypso:propertyName>domainName</calypso:propertyName>
                    <calypso:propertyValue>REPORT.Types</calypso:propertyValue>
                </calypso:calypsoBusinessKey>
                <calypso:calypsoBusinessKey>
                    <calypso:propertyName>value</calypso:propertyName>
                    <calypso:propertyValue>ABCTrade</calypso:propertyValue>
                </calypso:calypsoBusinessKey>
            </calypso:domainValue>
        </calypso:reportTypeDomainValue>
        <calypso:reportType>ABCTrade</calypso:reportType>
        <calypso:name>ABCTrade</calypso:name>
        <calypso:hidden>false</calypso:hidden>
        <calypso:private>false</calypso:private>
        <calypso:user>bonos</calypso:user>
        <calypso:reportAttributes>
            <calypso:attribute>
                <calypso:attributeName>AggregatedFlag</calypso:attributeName>
                <calypso:attributeValue>false</calypso:attributeValue>
                <calypso:attributeClass>Boolean</calypso:attributeClass>
            </calypso:attribute>
            <calypso:attribute>
                <calypso:attributeName>BuyFlag</calypso:attributeName>
                <calypso:attributeValue>true</calypso:attributeValue>
                <calypso:attributeClass>Boolean</calypso:attributeClass>
            </calypso:attribute>
            <calypso:attribute>
                <calypso:attributeName>Columns0</calypso:attributeName>
                <calypso:attributeValue>Processing Org.Attribute.ALIAS_ENTITY_GER</calypso:attributeValue>
                <calypso:attributeClass>String</calypso:attributeClass>
            </calypso:attribute>
            <calypso:attribute>
                <calypso:attributeName>Columns1</calypso:attributeName>
                <calypso:attributeValue>Book</calypso:attributeValue>
                <calypso:attributeClass>String</calypso:attributeClass>
            </calypso:attribute>
            <calypso:attribute>
                <calypso:attributeName>Columns10</calypso:attributeName>
                <calypso:attributeValue>Validation Status</calypso:attributeValue>
                <calypso:attributeClass>String</calypso:attributeClass>
            </calypso:attribute>
            <calypso:attribute>
                <calypso:attributeName>Columns11</calypso:attributeName>
                <calypso:attributeValue>Confirmation Date</calypso:attributeValue>
                <calypso:attributeClass>String</calypso:attributeClass>
            </calypso:attribute>
            <calypso:attribute>
                <calypso:attributeName>Columns12</calypso:attributeName>
                <calypso:attributeValue>Confirmation Day Time</calypso:attributeValue>
                <calypso:attributeClass>String</calypso:attributeClass>
            </calypso:attribute>
            <calypso:attribute>
                <calypso:attributeName>Columns2</calypso:attributeName>
                <calypso:attributeValue>Entered Short Date</calypso:attributeValue>
                <calypso:attributeClass>String</calypso:attributeClass>
            </calypso:attribute>
            <calypso:attribute>
                <calypso:attributeName>Columns3</calypso:attributeName>
                <calypso:attributeValue>Entered Date Day Time</calypso:attributeValue>
                <calypso:attributeClass>String</calypso:attributeClass>
            </calypso:attribute>
            <calypso:attribute>
                <calypso:attributeName>Columns4</calypso:attributeName>
                <calypso:attributeValue>CounterParty.Short Name</calypso:attributeValue>
                <calypso:attributeClass>String</calypso:attributeClass>
            </calypso:attribute>
            <calypso:attribute>
                <calypso:attributeName>Columns5</calypso:attributeName>
                <calypso:attributeValue>TRADE_KEYWORD.MurexRootContract</calypso:attributeValue>
                <calypso:attributeClass>String</calypso:attributeClass>
            </calypso:attribute>
            <calypso:attribute>
                <calypso:attributeName>Columns6</calypso:attributeName>
                <calypso:attributeValue>Deal Status</calypso:attributeValue>
                <calypso:attributeClass>String</calypso:attributeClass>
            </calypso:attribute>
            <calypso:attribute>
                <calypso:attributeName>Columns7</calypso:attributeName>
                <calypso:attributeValue>Confirmation Status</calypso:attributeValue>
                <calypso:attributeClass>String</calypso:attributeClass>
            </calypso:attribute>
            <calypso:attribute>
                <calypso:attributeName>Columns8</calypso:attributeName>
                <calypso:attributeValue>CounterParty.Full Name</calypso:attributeValue>
                <calypso:attributeClass>String</calypso:attributeClass>
            </calypso:attribute>
            <calypso:attribute>
                <calypso:attributeName>Columns9</calypso:attributeName>
                <calypso:attributeValue>Confirmation Channel</calypso:attributeValue>
                <calypso:attributeClass>String</calypso:attributeClass>
            </calypso:attribute>
            <calypso:attribute>
                <calypso:attributeName>Columns_COUNT</calypso:attributeName>
                <calypso:attributeValue>13</calypso:attributeValue>
                <calypso:attributeClass>Integer</calypso:attributeClass>
            </calypso:attribute>
            <calypso:attribute>
                <calypso:attributeName>EndPlus</calypso:attributeName>
                <calypso:attributeValue>-</calypso:attributeValue>
                <calypso:attributeClass>String</calypso:attributeClass>
            </calypso:attribute>
            <calypso:attribute>
                <calypso:attributeName>EndTenor</calypso:attributeName>
                <calypso:attributeValue>1D</calypso:attributeValue>
                <calypso:attributeClass>String</calypso:attributeClass>
            </calypso:attribute>
            <calypso:attribute>
                <calypso:attributeName>ExcludeUnderlyingProducts</calypso:attributeName>
                <calypso:attributeValue>false</calypso:attributeValue>
                <calypso:attributeClass>String</calypso:attributeClass>
            </calypso:attribute>
            <calypso:attribute>
                <calypso:attributeName>Holidays</calypso:attributeName>
                <calypso:attributeValue>SYSTEM</calypso:attributeValue>
                <calypso:attributeClass>Vector</calypso:attributeClass>
            </calypso:attribute>
            <calypso:attribute>
                <calypso:attributeName>IncludeArchive</calypso:attributeName>
                <calypso:attributeValue>false</calypso:attributeValue>
                <calypso:attributeClass>Boolean</calypso:attributeClass>
            </calypso:attribute>
            <calypso:attribute>
                <calypso:attributeName>KeywordConditions</calypso:attributeName>
                <calypso:attributeValue>&lt;com.calypso.ui.component.condition.ConditionTree&gt;
  &lt;boolean&gt;true&lt;/boolean&gt;
  &lt;map&gt;
    &lt;entry&gt;
      &lt;string&gt;_root&lt;/string&gt;
      &lt;com.calypso.ui.component.condition.ConditionTreeNode&gt;
        &lt;boolean&gt;true&lt;/boolean&gt;
        &lt;map&gt;
          &lt;entry&gt;
            &lt;string&gt;_propertyId&lt;/string&gt;
            &lt;null/&gt;
          &lt;/entry&gt;
          &lt;entry&gt;
            &lt;string&gt;_operands&lt;/string&gt;
            &lt;object-array&gt;
              &lt;com.calypso.ui.component.condition.ConditionTreeNode&gt;
                &lt;boolean&gt;true&lt;/boolean&gt;
                &lt;map&gt;
                  &lt;entry&gt;
                    &lt;string&gt;_propertyId&lt;/string&gt;
                    &lt;null/&gt;
                  &lt;/entry&gt;
                  &lt;entry&gt;
                    &lt;string&gt;_operands&lt;/string&gt;
                    &lt;null/&gt;
                  &lt;/entry&gt;
                  &lt;entry&gt;
                    &lt;string&gt;_operatorId&lt;/string&gt;
                    &lt;string&gt;&amp;amp;&amp;amp;&lt;/string&gt;
                  &lt;/entry&gt;
                &lt;/map&gt;
              &lt;/com.calypso.ui.component.condition.ConditionTreeNode&gt;
            &lt;/object-array&gt;
          &lt;/entry&gt;
          &lt;entry&gt;
            &lt;string&gt;_operatorId&lt;/string&gt;
            &lt;string&gt;ConditionRoot&lt;/string&gt;
          &lt;/entry&gt;
        &lt;/map&gt;
      &lt;/com.calypso.ui.component.condition.ConditionTreeNode&gt;
    &lt;/entry&gt;
    &lt;entry&gt;
      &lt;string&gt;_name&lt;/string&gt;
      &lt;null/&gt;
    &lt;/entry&gt;
  &lt;/map&gt;
&lt;/com.calypso.ui.component.condition.ConditionTree&gt;</calypso:attributeValue>
                <calypso:attributeClass>ConditionTree</calypso:attributeClass>
            </calypso:attribute>
            <calypso:attribute>
                <calypso:attributeName>MaturityOpenTerm</calypso:attributeName>
                <calypso:attributeValue>false</calypso:attributeValue>
                <calypso:attributeClass>String</calypso:attributeClass>
            </calypso:attribute>
            <calypso:attribute>
                <calypso:attributeName>PricingEnvName</calypso:attributeName>
                <calypso:attributeValue>OFFICIAL_ACCOUNTING</calypso:attributeValue>
                <calypso:attributeClass>String</calypso:attributeClass>
            </calypso:attribute>
            <calypso:attribute>
                <calypso:attributeName>Processing Org Include Child</calypso:attributeName>
                <calypso:attributeValue>false</calypso:attributeValue>
                <calypso:attributeClass>Boolean</calypso:attributeClass>
            </calypso:attribute>
            <calypso:attribute>
                <calypso:attributeName>ProductType</calypso:attributeName>
                <calypso:attributeValue>G.Bonds</calypso:attributeValue>
                <calypso:attributeClass>String</calypso:attributeClass>
            </calypso:attribute>
            <calypso:attribute>
                <calypso:attributeName>RiskExplodeTrade</calypso:attributeName>
                <calypso:attributeValue>false</calypso:attributeValue>
                <calypso:attributeClass>Boolean</calypso:attributeClass>
            </calypso:attribute>
            <calypso:attribute>
                <calypso:attributeName>SdFilter</calypso:attributeName>
                <calypso:attributeValue>MEX_IsNotMexican</calypso:attributeValue>
                <calypso:attributeClass>String</calypso:attributeClass>
            </calypso:attribute>
            <calypso:attribute>
                <calypso:attributeName>SecCode</calypso:attributeName>
                <calypso:attributeValue>AGENCY_LEND_BENCH_RATE</calypso:attributeValue>
                <calypso:attributeClass>String</calypso:attributeClass>
            </calypso:attribute>
            <calypso:attribute>
                <calypso:attributeName>SellFlag</calypso:attributeName>
                <calypso:attributeValue>true</calypso:attributeValue>
                <calypso:attributeClass>Boolean</calypso:attributeClass>
            </calypso:attribute>
            <calypso:attribute>
                <calypso:attributeName>StartPlus</calypso:attributeName>
                <calypso:attributeValue>-</calypso:attributeValue>
                <calypso:attributeClass>String</calypso:attributeClass>
            </calypso:attribute>
            <calypso:attribute>
                <calypso:attributeName>StartTenor</calypso:attributeName>
                <calypso:attributeValue>1D</calypso:attributeValue>
                <calypso:attributeClass>String</calypso:attributeClass>
            </calypso:attribute>
            <calypso:attribute>
                <calypso:attributeName>Status</calypso:attributeName>
                <calypso:attributeValue>PENDING,PARTENON,PENDING_UPDATE_SL,VERIFIED</calypso:attributeValue>
                <calypso:attributeClass>String</calypso:attributeClass>
            </calypso:attribute>
            <calypso:attribute>
                <calypso:attributeName>TRADE_FILTER</calypso:attributeName>
                <calypso:attributeValue>ALL</calypso:attributeValue>
                <calypso:attributeClass>String</calypso:attributeClass>
            </calypso:attribute>
            <calypso:attribute>
                <calypso:attributeName>TableViewName</calypso:attributeName>
                <calypso:attributeValue>Simple</calypso:attributeValue>
                <calypso:attributeClass>String</calypso:attributeClass>
            </calypso:attribute>
            <calypso:attribute>
                <calypso:attributeName>Title</calypso:attributeName>
                <calypso:attributeValue>Trade Browser</calypso:attributeValue>
                <calypso:attributeClass>String</calypso:attributeClass>
            </calypso:attribute>
            <calypso:attribute>
                <calypso:attributeName>UNDO_DATE_CHECK</calypso:attributeName>
                <calypso:attributeValue>false</calypso:attributeValue>
                <calypso:attributeClass>String</calypso:attributeClass>
            </calypso:attribute>
        </calypso:reportAttributes>
        <calypso:startTenor>
            <calypso:domainValue>
                <calypso:type>com.calypso.tk.refdata.DomainValueAdapter</calypso:type>
                <calypso:separator>#</calypso:separator>
                <calypso:identifier code="DateRuleReportTemplate#1D" codifier="convention"/>
                <calypso:calypsoBusinessKey>
                    <calypso:propertyName>domainName</calypso:propertyName>
                    <calypso:propertyValue>DateRuleReportTemplate</calypso:propertyValue>
                </calypso:calypsoBusinessKey>
                <calypso:calypsoBusinessKey>
                    <calypso:propertyName>value</calypso:propertyName>
                    <calypso:propertyValue>1D</calypso:propertyValue>
                </calypso:calypsoBusinessKey>
            </calypso:domainValue>
        </calypso:startTenor>
        <calypso:endTenor>
            <calypso:domainValue>
                <calypso:type>com.calypso.tk.refdata.DomainValueAdapter</calypso:type>
                <calypso:separator>#</calypso:separator>
                <calypso:identifier code="DateRuleReportTemplate#1D" codifier="convention"/>
                <calypso:calypsoBusinessKey>
                    <calypso:propertyName>domainName</calypso:propertyName>
                    <calypso:propertyValue>DateRuleReportTemplate</calypso:propertyValue>
                </calypso:calypsoBusinessKey>
                <calypso:calypsoBusinessKey>
                    <calypso:propertyName>value</calypso:propertyName>
                    <calypso:propertyValue>1D</calypso:propertyValue>
                </calypso:calypsoBusinessKey>
            </calypso:domainValue>
        </calypso:endTenor>
        <calypso:tradeFilter>
            <calypso:type>com.calypso.tk.mo.TradeFilter</calypso:type>
            <calypso:identifier code="ALL" codifier="convention"/>
            <calypso:calypsoBusinessKey>
                <calypso:propertyName>name</calypso:propertyName>
                <calypso:propertyValue>ALL</calypso:propertyValue>
            </calypso:calypsoBusinessKey>
        </calypso:tradeFilter>
        <calypso:staticDataFilter>
            <calypso:type>com.calypso.tk.refdata.StaticDataFilter</calypso:type>
            <calypso:identifier code="MEX_IsNotMexican" codifier="convention"/>
            <calypso:calypsoBusinessKey>
                <calypso:propertyName>name</calypso:propertyName>
                <calypso:propertyValue>MEX_IsNotMexican</calypso:propertyValue>
            </calypso:calypsoBusinessKey>
        </calypso:staticDataFilter>
        <calypso:productType>
            <calypso:domainValue>
                <calypso:type>com.calypso.tk.refdata.DomainValueAdapter</calypso:type>
                <calypso:separator>#</calypso:separator>
                <calypso:identifier code="productGroup#G.Bonds" codifier="convention"/>
                <calypso:calypsoBusinessKey>
                    <calypso:propertyName>domainName</calypso:propertyName>
                    <calypso:propertyValue>productGroup</calypso:propertyValue>
                </calypso:calypsoBusinessKey>
                <calypso:calypsoBusinessKey>
                    <calypso:propertyName>value</calypso:propertyName>
                    <calypso:propertyValue>G.Bonds</calypso:propertyValue>
                </calypso:calypsoBusinessKey>
            </calypso:domainValue>
        </calypso:productType>
        <calypso:statuses>
            <calypso:domainValue>
                <calypso:type>com.calypso.tk.refdata.DomainValueAdapter</calypso:type>
                <calypso:separator>#</calypso:separator>
                <calypso:identifier code="tradeStatus#PARTENON" codifier="convention"/>
                <calypso:calypsoBusinessKey>
                    <calypso:propertyName>domainName</calypso:propertyName>
                    <calypso:propertyValue>tradeStatus</calypso:propertyValue>
                </calypso:calypsoBusinessKey>
                <calypso:calypsoBusinessKey>
                    <calypso:propertyName>value</calypso:propertyName>
                    <calypso:propertyValue>PARTENON</calypso:propertyValue>
                </calypso:calypsoBusinessKey>
            </calypso:domainValue>
        </calypso:statuses>
        <calypso:statuses>
            <calypso:domainValue>
                <calypso:type>com.calypso.tk.refdata.DomainValueAdapter</calypso:type>
                <calypso:separator>#</calypso:separator>
                <calypso:identifier code="tradeStatus#PENDING" codifier="convention"/>
                <calypso:calypsoBusinessKey>
                    <calypso:propertyName>domainName</calypso:propertyName>
                    <calypso:propertyValue>tradeStatus</calypso:propertyValue>
                </calypso:calypsoBusinessKey>
                <calypso:calypsoBusinessKey>
                    <calypso:propertyName>value</calypso:propertyName>
                    <calypso:propertyValue>PENDING</calypso:propertyValue>
                </calypso:calypsoBusinessKey>
            </calypso:domainValue>
        </calypso:statuses>
        <calypso:statuses>
            <calypso:domainValue>
                <calypso:type>com.calypso.tk.refdata.DomainValueAdapter</calypso:type>
                <calypso:separator>#</calypso:separator>
                <calypso:identifier code="tradeStatus#PENDING_UPDATE_SL" codifier="convention"/>
                <calypso:calypsoBusinessKey>
                    <calypso:propertyName>domainName</calypso:propertyName>
                    <calypso:propertyValue>tradeStatus</calypso:propertyValue>
                </calypso:calypsoBusinessKey>
                <calypso:calypsoBusinessKey>
                    <calypso:propertyName>value</calypso:propertyName>
                    <calypso:propertyValue>PENDING_UPDATE_SL</calypso:propertyValue>
                </calypso:calypsoBusinessKey>
            </calypso:domainValue>
        </calypso:statuses>
        <calypso:statuses>
            <calypso:domainValue>
                <calypso:type>com.calypso.tk.refdata.DomainValueAdapter</calypso:type>
                <calypso:separator>#</calypso:separator>
                <calypso:identifier code="tradeStatus#VERIFIED" codifier="convention"/>
                <calypso:calypsoBusinessKey>
                    <calypso:propertyName>domainName</calypso:propertyName>
                    <calypso:propertyValue>tradeStatus</calypso:propertyValue>
                </calypso:calypsoBusinessKey>
                <calypso:calypsoBusinessKey>
                    <calypso:propertyName>value</calypso:propertyName>
                    <calypso:propertyValue>VERIFIED</calypso:propertyValue>
                </calypso:calypsoBusinessKey>
            </calypso:domainValue>
        </calypso:statuses>
        <calypso:secCodeType>
            <calypso:type>com.calypso.tk.refdata.ProductCode</calypso:type>
            <calypso:identifier code="AGENCY_LEND_BENCH_RATE" codifier="convention"/>
            <calypso:calypsoBusinessKey>
                <calypso:propertyName>code</calypso:propertyName>
                <calypso:propertyValue>AGENCY_LEND_BENCH_RATE</calypso:propertyValue>
            </calypso:calypsoBusinessKey>
        </calypso:secCodeType>
        <calypso:isBundleNameSet>false</calypso:isBundleNameSet>
    </calypso:calypsoObject>
</calypso:calypsoDocument>
