<?xml version="1.0" encoding="iso-8859-1" standalone="yes"?>
<calypso:calypsoDocument xmlns:liquidityrule="http://www.calypso.com/liquidityrule" xmlns:liquiditycriteria="http://www.calypso.com/liquiditycriteria" xmlns:liquidityposition="http://www.calypso.com/liquidityposition" xmlns:matching="http://www.calypso.com/matching" xmlns:scheduler="http://www.calypso.com/scheduler" xmlns:liquidityreporting="http://www.calypso.com/liquidityreporting" xmlns:kpiservice="http://www.calypso.com/kpiservice" xmlns:ns12="http://www.calypso.com/bo-messaging" xmlns:assumption="http://www.calypso.com/assumption" xmlns:hedgeaccounting="http://www.calypso.com/hedgeaccounting" xmlns:swift="http://www.calypso.com/swift" xmlns:bondexoticnote="http://www.calypso.com/bondexoticnote" xmlns:datauploader="http://www.calypso.com/datauploader" xmlns:ftp="http://www.calypso.com/ftp" xmlns:pricingscript="http://www.calypso.com/pricingscript" xmlns:am="http://www.calypso.com/am" xmlns:scriptableOTC="http://www.calypso.com/scriptableOTC" xmlns:pricingsheet="http://www.calypso.com/pricingsheet" xmlns:taskstation="http://www.calypso.com/taskstation" xmlns:liquiditycore="http://www.calypso.com/liquiditycore" xmlns:calypso="http://www.calypso.com/xml" xmlns:accplreconciliation="http://www.calypso.com/accplreconciliation" xmlns:liquidityclassification="http://www.calypso.com/liquidityclassification" xmlns:collateral="http://www.calypso.com/collateral" xmlns:calculationserver="http://www.calypso.com/calculationserver">
    <calypso:calypsoObject xsi:type="scheduler:ScheduledTask" version="14-0" action="" xmlns:xsi="http://www.w3.org/2001/XMLSchema-instance">
        <scheduler:externalReference>MULTICCY_EOD_TRADE_VALUATION</scheduler:externalReference>
        <scheduler:type>
            <calypso:domainValue>
                <calypso:type>com.calypso.tk.refdata.DomainValueAdapter</calypso:type>
                <calypso:separator>#</calypso:separator>
                <calypso:identifier code="scheduledTask#MULTICCY_EOD_TRADE_VALUATION" codifier="convention"/>
                <calypso:calypsoBusinessKey>
                    <calypso:propertyName>domainName</calypso:propertyName>
                    <calypso:propertyValue>scheduledTask</calypso:propertyValue>
                </calypso:calypsoBusinessKey>
                <calypso:calypsoBusinessKey>
                    <calypso:propertyName>value</calypso:propertyName>
                    <calypso:propertyValue>MULTICCY_EOD_TRADE_VALUATION</calypso:propertyValue>
                </calypso:calypsoBusinessKey>
            </calypso:domainValue>
        </scheduler:type>
        <scheduler:tradeFilter>
            <calypso:type>com.calypso.tk.mo.TradeFilter</calypso:type>
            <calypso:identifier code="EOD_EQUITY_VALUATION" codifier="convention"/>
            <calypso:calypsoBusinessKey>
                <calypso:propertyName>name</calypso:propertyName>
                <calypso:propertyValue>EOD_EQUITY_VALUATION</calypso:propertyValue>
            </calypso:calypsoBusinessKey>
        </scheduler:tradeFilter>
        <scheduler:pricingEnvironment>
            <calypso:type>com.calypso.tk.marketdata.PricingEnv</calypso:type>
            <calypso:identifier code="OFFICIAL_ACCOUNTING" codifier="convention"/>
            <calypso:calypsoBusinessKey>
                <calypso:propertyName>name</calypso:propertyName>
                <calypso:propertyValue>OFFICIAL_ACCOUNTING</calypso:propertyValue>
            </calypso:calypsoBusinessKey>
        </scheduler:pricingEnvironment>
        <scheduler:pricerMeasure>MTM_FULL_LAGO</scheduler:pricerMeasure>
        <scheduler:timeZone>Europe/Paris</scheduler:timeZone>
        <scheduler:executionTime>0</scheduler:executionTime>
        <scheduler:startDateOffset>0</scheduler:startDateOffset>
        <scheduler:endDateOffset>0</scheduler:endDateOffset>
        <scheduler:publish>false</scheduler:publish>
        <scheduler:execute>true</scheduler:execute>
        <scheduler:sendEmailNotification>false</scheduler:sendEmailNotification>
        <scheduler:valuationTime>2359</scheduler:valuationTime>
        <scheduler:undoTime>0</scheduler:undoTime>
        <scheduler:validationDateOffset>0</scheduler:validationDateOffset>
        <scheduler:executeOnHoliday>false</scheduler:executeOnHoliday>
        <scheduler:attribute>
            <calypso:name>Check Market Data Only</calypso:name>
            <calypso:value xsi:type="ns27:string" xmlns:ns27="http://www.w3.org/2001/XMLSchema">false</calypso:value>
        </scheduler:attribute>
        <scheduler:attribute>
            <calypso:name>END_OF_MONTH</calypso:name>
            <calypso:value xsi:type="ns27:string" xmlns:ns27="http://www.w3.org/2001/XMLSchema">false</calypso:value>
        </scheduler:attribute>
        <scheduler:attribute>
            <calypso:name>JVM_SETTINGS</calypso:name>
            <calypso:value xsi:type="ns27:string" xmlns:ns27="http://www.w3.org/2001/XMLSchema">-Xms512m -Xmx1024m</calypso:value>
        </scheduler:attribute>
        <scheduler:attribute>
            <calypso:name>QUARTZ_TASK_RETRY_ATTEMPT</calypso:name>
            <calypso:value xsi:type="ns27:string" xmlns:ns27="http://www.w3.org/2001/XMLSchema">1</calypso:value>
        </scheduler:attribute>
        <scheduler:attribute>
            <calypso:name>QUARTZ_TASK_RETRY_TIME</calypso:name>
            <calypso:value xsi:type="ns27:string" xmlns:ns27="http://www.w3.org/2001/XMLSchema">0</calypso:value>
        </scheduler:attribute>
        <scheduler:attribute>
            <calypso:name>SLA_MINUTES</calypso:name>
            <calypso:value xsi:type="ns27:string" xmlns:ns27="http://www.w3.org/2001/XMLSchema">10</calypso:value>
        </scheduler:attribute>
        <scheduler:attribute>
            <calypso:name>STATIC DATA FILTER</calypso:name>
            <calypso:value xsi:type="ns27:string" xmlns:ns27="http://www.w3.org/2001/XMLSchema">DUAL_CURRENCY</calypso:value>
        </scheduler:attribute>
        <scheduler:attribute>
            <calypso:name>VALUATION</calypso:name>
            <calypso:value xsi:type="ns27:string" xmlns:ns27="http://www.w3.org/2001/XMLSchema">MULTICCY</calypso:value>
        </scheduler:attribute>
        <scheduler:attribute>
            <calypso:name>VAL_DATE_EOM</calypso:name>
            <calypso:value xsi:type="ns27:string" xmlns:ns27="http://www.w3.org/2001/XMLSchema">false</calypso:value>
        </scheduler:attribute>
        <scheduler:executeInDataServer>false</scheduler:executeInDataServer>
        <scheduler:executeInReadOnlyDataServer>false</scheduler:executeInReadOnlyDataServer>
        <scheduler:description>To valuate the Dual Currency trades (Trade CCY different from Settle CCY)</scheduler:description>
        <scheduler:private>false</scheduler:private>
        <scheduler:deactivated>false</scheduler:deactivated>
        <scheduler:skipMissedExecution>false</scheduler:skipMissedExecution>
        <scheduler:cutOffTimeForMissedExecution>0</scheduler:cutOffTimeForMissedExecution>
        <scheduler:scVersion>3</scheduler:scVersion>
    </calypso:calypsoObject>
</calypso:calypsoDocument>
