<?xml version="1.0" encoding="iso-8859-1" standalone="yes"?>
<calypso:calypsoDocument xmlns:liquidityrule="http://www.calypso.com/liquidityrule" xmlns:liquiditycriteria="http://www.calypso.com/liquiditycriteria" xmlns:liquidityposition="http://www.calypso.com/liquidityposition" xmlns:matching="http://www.calypso.com/matching" xmlns:scheduler="http://www.calypso.com/scheduler" xmlns:liquidityreporting="http://www.calypso.com/liquidityreporting" xmlns:kpiservice="http://www.calypso.com/kpiservice" xmlns:ns12="http://www.calypso.com/bo-messaging" xmlns:assumption="http://www.calypso.com/assumption" xmlns:hedgeaccounting="http://www.calypso.com/hedgeaccounting" xmlns:swift="http://www.calypso.com/swift" xmlns:bondexoticnote="http://www.calypso.com/bondexoticnote" xmlns:datauploader="http://www.calypso.com/datauploader" xmlns:ftp="http://www.calypso.com/ftp" xmlns:pricingscript="http://www.calypso.com/pricingscript" xmlns:am="http://www.calypso.com/am" xmlns:scriptableOTC="http://www.calypso.com/scriptableOTC" xmlns:pricingsheet="http://www.calypso.com/pricingsheet" xmlns:taskstation="http://www.calypso.com/taskstation" xmlns:liquiditycore="http://www.calypso.com/liquiditycore" xmlns:calypso="http://www.calypso.com/xml" xmlns:accplreconciliation="http://www.calypso.com/accplreconciliation" xmlns:liquidityclassification="http://www.calypso.com/liquidityclassification" xmlns:collateral="http://www.calypso.com/collateral" xmlns:calculationserver="http://www.calypso.com/calculationserver">
    <calypso:calypsoObject xsi:type="calypso:TradeFilter" version="14-0" action="" xmlns:xsi="http://www.w3.org/2001/XMLSchema-instance">
        <calypso:name>RECONCCP_LCH_LTD</calypso:name>
        <calypso:parent>
            <calypso:type>com.calypso.tk.mo.TradeFilter</calypso:type>
            <calypso:identifier code="isBSTE" codifier="convention"/>
            <calypso:calypsoBusinessKey>
                <calypso:propertyName>name</calypso:propertyName>
                <calypso:propertyValue>isBSTE</calypso:propertyValue>
            </calypso:calypsoBusinessKey>
        </calypso:parent>
        <calypso:createdBy>bonos</calypso:createdBy>
        <calypso:criterions>
            <calypso:name>CounterPartyCode</calypso:name>
            <calypso:values xsi:type="calypso:SimpleTypedObject">
                <calypso:value xsi:type="ns27:string" xmlns:ns27="http://www.w3.org/2001/XMLSchema">LGWM</calypso:value>
            </calypso:values>
            <calypso:inclusion>true</calypso:inclusion>
        </calypso:criterions>
        <calypso:criterions>
            <calypso:name>ProductType</calypso:name>
            <calypso:values xsi:type="calypso:SimpleTypedObject">
                <calypso:value xsi:type="ns27:string" xmlns:ns27="http://www.w3.org/2001/XMLSchema">G.Bonds</calypso:value>
            </calypso:values>
            <calypso:values xsi:type="calypso:SimpleTypedObject">
                <calypso:value xsi:type="ns27:string" xmlns:ns27="http://www.w3.org/2001/XMLSchema">Repo</calypso:value>
            </calypso:values>
            <calypso:inclusion>true</calypso:inclusion>
        </calypso:criterions>
        <calypso:criterions>
            <calypso:name>Status</calypso:name>
            <calypso:values xsi:type="calypso:SimpleTypedObject">
                <calypso:value xsi:type="ns27:string" xmlns:ns27="http://www.w3.org/2001/XMLSchema">PARTENON</calypso:value>
            </calypso:values>
            <calypso:values xsi:type="calypso:SimpleTypedObject">
                <calypso:value xsi:type="ns27:string" xmlns:ns27="http://www.w3.org/2001/XMLSchema">PENDING</calypso:value>
            </calypso:values>
            <calypso:values xsi:type="calypso:SimpleTypedObject">
                <calypso:value xsi:type="ns27:string" xmlns:ns27="http://www.w3.org/2001/XMLSchema">VERIFIED</calypso:value>
            </calypso:values>
            <calypso:inclusion>true</calypso:inclusion>
        </calypso:criterions>
        <calypso:criterions>
            <calypso:name>UND_FILTER</calypso:name>
            <calypso:values xsi:type="calypso:Identifiers">
                <calypso:type>com.calypso.tk.mo.TradeFilter</calypso:type>
                <calypso:identifier code="Open Bond Trades" codifier="convention"/>
                <calypso:calypsoBusinessKey>
                    <calypso:propertyName>name</calypso:propertyName>
                    <calypso:propertyValue>Open Bond Trades</calypso:propertyValue>
                </calypso:calypsoBusinessKey>
            </calypso:values>
            <calypso:values xsi:type="calypso:Identifiers">
                <calypso:type>com.calypso.tk.mo.TradeFilter</calypso:type>
                <calypso:identifier code="Open Repo Trades" codifier="convention"/>
                <calypso:calypsoBusinessKey>
                    <calypso:propertyName>name</calypso:propertyName>
                    <calypso:propertyValue>Open Repo Trades</calypso:propertyValue>
                </calypso:calypsoBusinessKey>
            </calypso:values>
            <calypso:inclusion>true</calypso:inclusion>
        </calypso:criterions>
        <calypso:includePositionBased>true</calypso:includePositionBased>
        <calypso:includeExchangeTraded>true</calypso:includeExchangeTraded>
        <calypso:useCache>false</calypso:useCache>
        <calypso:checkHolidays>false</calypso:checkHolidays>
        <calypso:expirationInCache>0</calypso:expirationInCache>
        <calypso:tradeFilters>
            <calypso:type>com.calypso.tk.mo.TradeFilter</calypso:type>
            <calypso:identifier code="Open Bond Trades" codifier="convention"/>
            <calypso:calypsoBusinessKey>
                <calypso:propertyName>name</calypso:propertyName>
                <calypso:propertyValue>Open Bond Trades</calypso:propertyValue>
            </calypso:calypsoBusinessKey>
        </calypso:tradeFilters>
        <calypso:tradeFilters>
            <calypso:type>com.calypso.tk.mo.TradeFilter</calypso:type>
            <calypso:identifier code="Open Repo Trades" codifier="convention"/>
            <calypso:calypsoBusinessKey>
                <calypso:propertyName>name</calypso:propertyName>
                <calypso:propertyValue>Open Repo Trades</calypso:propertyValue>
            </calypso:calypsoBusinessKey>
        </calypso:tradeFilters>
        <calypso:productTypes>
            <calypso:domainValue>
                <calypso:type>com.calypso.tk.refdata.DomainValueAdapter</calypso:type>
                <calypso:separator>#</calypso:separator>
                <calypso:identifier code="productGroup#G.Bonds" codifier="convention"/>
                <calypso:calypsoBusinessKey>
                    <calypso:propertyName>domainName</calypso:propertyName>
                    <calypso:propertyValue>productGroup</calypso:propertyValue>
                </calypso:calypsoBusinessKey>
                <calypso:calypsoBusinessKey>
                    <calypso:propertyName>value</calypso:propertyName>
                    <calypso:propertyValue>G.Bonds</calypso:propertyValue>
                </calypso:calypsoBusinessKey>
            </calypso:domainValue>
        </calypso:productTypes>
        <calypso:productTypes>
            <calypso:domainValue>
                <calypso:type>com.calypso.tk.refdata.DomainValueAdapter</calypso:type>
                <calypso:separator>#</calypso:separator>
                <calypso:identifier code="productType#Repo" codifier="convention"/>
                <calypso:calypsoBusinessKey>
                    <calypso:propertyName>domainName</calypso:propertyName>
                    <calypso:propertyValue>productType</calypso:propertyValue>
                </calypso:calypsoBusinessKey>
                <calypso:calypsoBusinessKey>
                    <calypso:propertyName>value</calypso:propertyName>
                    <calypso:propertyValue>Repo</calypso:propertyValue>
                </calypso:calypsoBusinessKey>
            </calypso:domainValue>
        </calypso:productTypes>
        <calypso:keywordsAttributes>
            <calypso:attribute>
                <calypso:attributeName>KEYWORD_CRITERION</calypso:attributeName>
                <calypso:attributeValue>&lt;com.calypso.ui.component.condition.ConditionTree&gt;
  &lt;boolean&gt;true&lt;/boolean&gt;
  &lt;map&gt;
    &lt;entry&gt;
      &lt;string&gt;_root&lt;/string&gt;
      &lt;com.calypso.ui.component.condition.ConditionTreeNode&gt;
        &lt;boolean&gt;true&lt;/boolean&gt;
        &lt;map&gt;
          &lt;entry&gt;
            &lt;string&gt;_propertyId&lt;/string&gt;
            &lt;null/&gt;
          &lt;/entry&gt;
          &lt;entry&gt;
            &lt;string&gt;_operands&lt;/string&gt;
            &lt;object-array&gt;
              &lt;com.calypso.ui.component.condition.ConditionTreeNode&gt;
                &lt;boolean&gt;true&lt;/boolean&gt;
                &lt;map&gt;
                  &lt;entry&gt;
                    &lt;string&gt;_propertyId&lt;/string&gt;
                    &lt;null/&gt;
                  &lt;/entry&gt;
                  &lt;entry&gt;
                    &lt;string&gt;_operands&lt;/string&gt;
                    &lt;object-array&gt;
                      &lt;com.calypso.ui.component.condition.ConditionTreeNode&gt;
                        &lt;boolean&gt;true&lt;/boolean&gt;
                        &lt;map&gt;
                          &lt;entry&gt;
                            &lt;string&gt;_propertyId&lt;/string&gt;
                            &lt;string&gt;Recon&lt;/string&gt;
                          &lt;/entry&gt;
                          &lt;entry&gt;
                            &lt;string&gt;_operands&lt;/string&gt;
                            &lt;object-array&gt;
                              &lt;string&gt;OK&lt;/string&gt;
                            &lt;/object-array&gt;
                          &lt;/entry&gt;
                          &lt;entry&gt;
                            &lt;string&gt;_operatorId&lt;/string&gt;
                            &lt;string&gt;!=&lt;/string&gt;
                          &lt;/entry&gt;
                        &lt;/map&gt;
                      &lt;/com.calypso.ui.component.condition.ConditionTreeNode&gt;
                    &lt;/object-array&gt;
                  &lt;/entry&gt;
                  &lt;entry&gt;
                    &lt;string&gt;_operatorId&lt;/string&gt;
                    &lt;string&gt;&amp;amp;&amp;amp;&lt;/string&gt;
                  &lt;/entry&gt;
                &lt;/map&gt;
              &lt;/com.calypso.ui.component.condition.ConditionTreeNode&gt;
            &lt;/object-array&gt;
          &lt;/entry&gt;
          &lt;entry&gt;
            &lt;string&gt;_operatorId&lt;/string&gt;
            &lt;string&gt;ConditionRoot&lt;/string&gt;
          &lt;/entry&gt;
        &lt;/map&gt;
      &lt;/com.calypso.ui.component.condition.ConditionTreeNode&gt;
    &lt;/entry&gt;
    &lt;entry&gt;
      &lt;string&gt;_name&lt;/string&gt;
      &lt;null/&gt;
    &lt;/entry&gt;
  &lt;/map&gt;
&lt;/com.calypso.ui.component.condition.ConditionTree&gt;</calypso:attributeValue>
                <calypso:attributeClass>ConditionTree</calypso:attributeClass>
            </calypso:attribute>
        </calypso:keywordsAttributes>
    </calypso:calypsoObject>
</calypso:calypsoDocument>
