<?xml version="1.0" ?><calypso:items xmlns:calypso="http://www.calypso.com/xml"><calypso:item><calypso:identifiers><calypso:type>com.calypso.tk.mo.TradeFilter</calypso:type><calypso:identifier code="RECONCCP" codifier="convention"></calypso:identifier><calypso:calypsoBusinessKey><calypso:com.calypso.jaxb.xml.BusinessKeyEntry><calypso:propertyName>name</calypso:propertyName><calypso:propertyValue>RECONCCP</calypso:propertyValue></calypso:com.calypso.jaxb.xml.BusinessKeyEntry></calypso:calypsoBusinessKey></calypso:identifiers><calypso:dependencies><calypso:dependency><calypso:identifiers><calypso:type>com.calypso.tk.refdata.DomainValueAdapter</calypso:type><calypso:separator>#</calypso:separator><calypso:identifier code="productGroup#G.Bonds" codifier="convention"></calypso:identifier><calypso:calypsoBusinessKey><calypso:com.calypso.jaxb.xml.BusinessKeyEntry><calypso:propertyName>domainName</calypso:propertyName><calypso:propertyValue>productGroup</calypso:propertyValue></calypso:com.calypso.jaxb.xml.BusinessKeyEntry><calypso:com.calypso.jaxb.xml.BusinessKeyEntry><calypso:propertyName>value</calypso:propertyName><calypso:propertyValue>G.Bonds</calypso:propertyValue></calypso:com.calypso.jaxb.xml.BusinessKeyEntry></calypso:calypsoBusinessKey></calypso:identifiers><calypso:excluded>false</calypso:excluded></calypso:dependency><calypso:dependency><calypso:identifiers><calypso:type>com.calypso.tk.refdata.DomainValueAdapter</calypso:type><calypso:separator>#</calypso:separator><calypso:identifier code="productType#Repo" codifier="convention"></calypso:identifier><calypso:calypsoBusinessKey><calypso:com.calypso.jaxb.xml.BusinessKeyEntry><calypso:propertyName>domainName</calypso:propertyName><calypso:propertyValue>productType</calypso:propertyValue></calypso:com.calypso.jaxb.xml.BusinessKeyEntry><calypso:com.calypso.jaxb.xml.BusinessKeyEntry><calypso:propertyName>value</calypso:propertyName><calypso:propertyValue>Repo</calypso:propertyValue></calypso:com.calypso.jaxb.xml.BusinessKeyEntry></calypso:calypsoBusinessKey></calypso:identifiers><calypso:excluded>false</calypso:excluded></calypso:dependency><calypso:dependency><calypso:identifiers><calypso:type>com.calypso.tk.mo.TradeFilter</calypso:type><calypso:identifier code="Open Bond Trades" codifier="convention"></calypso:identifier><calypso:calypsoBusinessKey><calypso:com.calypso.jaxb.xml.BusinessKeyEntry><calypso:propertyName>name</calypso:propertyName><calypso:propertyValue>Open Bond Trades</calypso:propertyValue></calypso:com.calypso.jaxb.xml.BusinessKeyEntry></calypso:calypsoBusinessKey></calypso:identifiers><calypso:excluded>false</calypso:excluded></calypso:dependency><calypso:dependency><calypso:identifiers><calypso:type>com.calypso.tk.mo.TradeFilter</calypso:type><calypso:identifier code="Open Repo Trades" codifier="convention"></calypso:identifier><calypso:calypsoBusinessKey><calypso:com.calypso.jaxb.xml.BusinessKeyEntry><calypso:propertyName>name</calypso:propertyName><calypso:propertyValue>Open Repo Trades</calypso:propertyValue></calypso:com.calypso.jaxb.xml.BusinessKeyEntry></calypso:calypsoBusinessKey></calypso:identifiers><calypso:excluded>false</calypso:excluded></calypso:dependency><calypso:dependency><calypso:identifiers><calypso:type>com.calypso.tk.mo.TradeFilter</calypso:type><calypso:identifier code="Open Bond Trades" codifier="convention"></calypso:identifier><calypso:calypsoBusinessKey><calypso:com.calypso.jaxb.xml.BusinessKeyEntry><calypso:propertyName>name</calypso:propertyName><calypso:propertyValue>Open Bond Trades</calypso:propertyValue></calypso:com.calypso.jaxb.xml.BusinessKeyEntry></calypso:calypsoBusinessKey></calypso:identifiers><calypso:excluded>false</calypso:excluded></calypso:dependency><calypso:dependency><calypso:identifiers><calypso:type>com.calypso.tk.mo.TradeFilter</calypso:type><calypso:identifier code="Open Repo Trades" codifier="convention"></calypso:identifier><calypso:calypsoBusinessKey><calypso:com.calypso.jaxb.xml.BusinessKeyEntry><calypso:propertyName>name</calypso:propertyName><calypso:propertyValue>Open Repo Trades</calypso:propertyValue></calypso:com.calypso.jaxb.xml.BusinessKeyEntry></calypso:calypsoBusinessKey></calypso:identifiers><calypso:excluded>false</calypso:excluded></calypso:dependency></calypso:dependencies></calypso:item><calypso:item><calypso:identifiers><calypso:type>com.calypso.tk.mo.TradeFilter</calypso:type><calypso:identifier code="RECONCCP_LCH_LTD" codifier="convention"></calypso:identifier><calypso:calypsoBusinessKey><calypso:com.calypso.jaxb.xml.BusinessKeyEntry><calypso:propertyName>name</calypso:propertyName><calypso:propertyValue>RECONCCP_LCH_LTD</calypso:propertyValue></calypso:com.calypso.jaxb.xml.BusinessKeyEntry></calypso:calypsoBusinessKey></calypso:identifiers><calypso:dependencies><calypso:dependency><calypso:identifiers><calypso:type>com.calypso.tk.mo.TradeFilter</calypso:type><calypso:identifier code="isBSTE" codifier="convention"></calypso:identifier><calypso:calypsoBusinessKey><calypso:com.calypso.jaxb.xml.BusinessKeyEntry><calypso:propertyName>name</calypso:propertyName><calypso:propertyValue>isBSTE</calypso:propertyValue></calypso:com.calypso.jaxb.xml.BusinessKeyEntry></calypso:calypsoBusinessKey></calypso:identifiers><calypso:excluded>false</calypso:excluded></calypso:dependency><calypso:dependency><calypso:identifiers><calypso:type>com.calypso.tk.refdata.DomainValueAdapter</calypso:type><calypso:separator>#</calypso:separator><calypso:identifier code="productGroup#G.Bonds" codifier="convention"></calypso:identifier><calypso:calypsoBusinessKey><calypso:com.calypso.jaxb.xml.BusinessKeyEntry><calypso:propertyName>domainName</calypso:propertyName><calypso:propertyValue>productGroup</calypso:propertyValue></calypso:com.calypso.jaxb.xml.BusinessKeyEntry><calypso:com.calypso.jaxb.xml.BusinessKeyEntry><calypso:propertyName>value</calypso:propertyName><calypso:propertyValue>G.Bonds</calypso:propertyValue></calypso:com.calypso.jaxb.xml.BusinessKeyEntry></calypso:calypsoBusinessKey></calypso:identifiers><calypso:excluded>false</calypso:excluded></calypso:dependency><calypso:dependency><calypso:identifiers><calypso:type>com.calypso.tk.refdata.DomainValueAdapter</calypso:type><calypso:separator>#</calypso:separator><calypso:identifier code="productType#Repo" codifier="convention"></calypso:identifier><calypso:calypsoBusinessKey><calypso:com.calypso.jaxb.xml.BusinessKeyEntry><calypso:propertyName>domainName</calypso:propertyName><calypso:propertyValue>productType</calypso:propertyValue></calypso:com.calypso.jaxb.xml.BusinessKeyEntry><calypso:com.calypso.jaxb.xml.BusinessKeyEntry><calypso:propertyName>value</calypso:propertyName><calypso:propertyValue>Repo</calypso:propertyValue></calypso:com.calypso.jaxb.xml.BusinessKeyEntry></calypso:calypsoBusinessKey></calypso:identifiers><calypso:excluded>false</calypso:excluded></calypso:dependency><calypso:dependency><calypso:identifiers><calypso:type>com.calypso.tk.mo.TradeFilter</calypso:type><calypso:identifier code="Open Bond Trades" codifier="convention"></calypso:identifier><calypso:calypsoBusinessKey><calypso:com.calypso.jaxb.xml.BusinessKeyEntry><calypso:propertyName>name</calypso:propertyName><calypso:propertyValue>Open Bond Trades</calypso:propertyValue></calypso:com.calypso.jaxb.xml.BusinessKeyEntry></calypso:calypsoBusinessKey></calypso:identifiers><calypso:excluded>false</calypso:excluded></calypso:dependency><calypso:dependency><calypso:identifiers><calypso:type>com.calypso.tk.mo.TradeFilter</calypso:type><calypso:identifier code="Open Repo Trades" codifier="convention"></calypso:identifier><calypso:calypsoBusinessKey><calypso:com.calypso.jaxb.xml.BusinessKeyEntry><calypso:propertyName>name</calypso:propertyName><calypso:propertyValue>Open Repo Trades</calypso:propertyValue></calypso:com.calypso.jaxb.xml.BusinessKeyEntry></calypso:calypsoBusinessKey></calypso:identifiers><calypso:excluded>false</calypso:excluded></calypso:dependency><calypso:dependency><calypso:identifiers><calypso:type>com.calypso.tk.mo.TradeFilter</calypso:type><calypso:identifier code="Open Bond Trades" codifier="convention"></calypso:identifier><calypso:calypsoBusinessKey><calypso:com.calypso.jaxb.xml.BusinessKeyEntry><calypso:propertyName>name</calypso:propertyName><calypso:propertyValue>Open Bond Trades</calypso:propertyValue></calypso:com.calypso.jaxb.xml.BusinessKeyEntry></calypso:calypsoBusinessKey></calypso:identifiers><calypso:excluded>false</calypso:excluded></calypso:dependency><calypso:dependency><calypso:identifiers><calypso:type>com.calypso.tk.mo.TradeFilter</calypso:type><calypso:identifier code="Open Repo Trades" codifier="convention"></calypso:identifier><calypso:calypsoBusinessKey><calypso:com.calypso.jaxb.xml.BusinessKeyEntry><calypso:propertyName>name</calypso:propertyName><calypso:propertyValue>Open Repo Trades</calypso:propertyValue></calypso:com.calypso.jaxb.xml.BusinessKeyEntry></calypso:calypsoBusinessKey></calypso:identifiers><calypso:excluded>false</calypso:excluded></calypso:dependency></calypso:dependencies></calypso:item><calypso:item><calypso:identifiers><calypso:type>com.calypso.tk.mo.TradeFilter</calypso:type><calypso:identifier code="RECONCCP_LCH_LTD_BDSD" codifier="convention"></calypso:identifier><calypso:calypsoBusinessKey><calypso:com.calypso.jaxb.xml.BusinessKeyEntry><calypso:propertyName>name</calypso:propertyName><calypso:propertyValue>RECONCCP_LCH_LTD_BDSD</calypso:propertyValue></calypso:com.calypso.jaxb.xml.BusinessKeyEntry></calypso:calypsoBusinessKey></calypso:identifiers><calypso:dependencies><calypso:dependency><calypso:identifiers><calypso:type>com.calypso.tk.mo.TradeFilter</calypso:type><calypso:identifier code="isBDSD" codifier="convention"></calypso:identifier><calypso:calypsoBusinessKey><calypso:com.calypso.jaxb.xml.BusinessKeyEntry><calypso:propertyName>name</calypso:propertyName><calypso:propertyValue>isBDSD</calypso:propertyValue></calypso:com.calypso.jaxb.xml.BusinessKeyEntry></calypso:calypsoBusinessKey></calypso:identifiers><calypso:excluded>false</calypso:excluded></calypso:dependency><calypso:dependency><calypso:identifiers><calypso:type>com.calypso.tk.refdata.DomainValueAdapter</calypso:type><calypso:separator>#</calypso:separator><calypso:identifier code="productGroup#G.Bonds" codifier="convention"></calypso:identifier><calypso:calypsoBusinessKey><calypso:com.calypso.jaxb.xml.BusinessKeyEntry><calypso:propertyName>domainName</calypso:propertyName><calypso:propertyValue>productGroup</calypso:propertyValue></calypso:com.calypso.jaxb.xml.BusinessKeyEntry><calypso:com.calypso.jaxb.xml.BusinessKeyEntry><calypso:propertyName>value</calypso:propertyName><calypso:propertyValue>G.Bonds</calypso:propertyValue></calypso:com.calypso.jaxb.xml.BusinessKeyEntry></calypso:calypsoBusinessKey></calypso:identifiers><calypso:excluded>false</calypso:excluded></calypso:dependency><calypso:dependency><calypso:identifiers><calypso:type>com.calypso.tk.refdata.DomainValueAdapter</calypso:type><calypso:separator>#</calypso:separator><calypso:identifier code="productType#Repo" codifier="convention"></calypso:identifier><calypso:calypsoBusinessKey><calypso:com.calypso.jaxb.xml.BusinessKeyEntry><calypso:propertyName>domainName</calypso:propertyName><calypso:propertyValue>productType</calypso:propertyValue></calypso:com.calypso.jaxb.xml.BusinessKeyEntry><calypso:com.calypso.jaxb.xml.BusinessKeyEntry><calypso:propertyName>value</calypso:propertyName><calypso:propertyValue>Repo</calypso:propertyValue></calypso:com.calypso.jaxb.xml.BusinessKeyEntry></calypso:calypsoBusinessKey></calypso:identifiers><calypso:excluded>false</calypso:excluded></calypso:dependency><calypso:dependency><calypso:identifiers><calypso:type>com.calypso.tk.mo.TradeFilter</calypso:type><calypso:identifier code="Open Bond Trades" codifier="convention"></calypso:identifier><calypso:calypsoBusinessKey><calypso:com.calypso.jaxb.xml.BusinessKeyEntry><calypso:propertyName>name</calypso:propertyName><calypso:propertyValue>Open Bond Trades</calypso:propertyValue></calypso:com.calypso.jaxb.xml.BusinessKeyEntry></calypso:calypsoBusinessKey></calypso:identifiers><calypso:excluded>false</calypso:excluded></calypso:dependency><calypso:dependency><calypso:identifiers><calypso:type>com.calypso.tk.mo.TradeFilter</calypso:type><calypso:identifier code="Open Repo Trades" codifier="convention"></calypso:identifier><calypso:calypsoBusinessKey><calypso:com.calypso.jaxb.xml.BusinessKeyEntry><calypso:propertyName>name</calypso:propertyName><calypso:propertyValue>Open Repo Trades</calypso:propertyValue></calypso:com.calypso.jaxb.xml.BusinessKeyEntry></calypso:calypsoBusinessKey></calypso:identifiers><calypso:excluded>false</calypso:excluded></calypso:dependency><calypso:dependency><calypso:identifiers><calypso:type>com.calypso.tk.mo.TradeFilter</calypso:type><calypso:identifier code="Open Bond Trades" codifier="convention"></calypso:identifier><calypso:calypsoBusinessKey><calypso:com.calypso.jaxb.xml.BusinessKeyEntry><calypso:propertyName>name</calypso:propertyName><calypso:propertyValue>Open Bond Trades</calypso:propertyValue></calypso:com.calypso.jaxb.xml.BusinessKeyEntry></calypso:calypsoBusinessKey></calypso:identifiers><calypso:excluded>false</calypso:excluded></calypso:dependency><calypso:dependency><calypso:identifiers><calypso:type>com.calypso.tk.mo.TradeFilter</calypso:type><calypso:identifier code="Open Repo Trades" codifier="convention"></calypso:identifier><calypso:calypsoBusinessKey><calypso:com.calypso.jaxb.xml.BusinessKeyEntry><calypso:propertyName>name</calypso:propertyName><calypso:propertyValue>Open Repo Trades</calypso:propertyValue></calypso:com.calypso.jaxb.xml.BusinessKeyEntry></calypso:calypsoBusinessKey></calypso:identifiers><calypso:excluded>false</calypso:excluded></calypso:dependency></calypso:dependencies></calypso:item></calypso:items>