<?xml version="1.0" encoding="iso-8859-1" standalone="yes"?>
<calypso:calypsoDocument xmlns:liquidityrule="http://www.calypso.com/liquidityrule" xmlns:liquiditycriteria="http://www.calypso.com/liquiditycriteria" xmlns:liquidityposition="http://www.calypso.com/liquidityposition" xmlns:matching="http://www.calypso.com/matching" xmlns:scheduler="http://www.calypso.com/scheduler" xmlns:liquidityreporting="http://www.calypso.com/liquidityreporting" xmlns:kpiservice="http://www.calypso.com/kpiservice" xmlns:ns12="http://www.calypso.com/bo-messaging" xmlns:assumption="http://www.calypso.com/assumption" xmlns:hedgeaccounting="http://www.calypso.com/hedgeaccounting" xmlns:swift="http://www.calypso.com/swift" xmlns:bondexoticnote="http://www.calypso.com/bondexoticnote" xmlns:datauploader="http://www.calypso.com/datauploader" xmlns:ftp="http://www.calypso.com/ftp" xmlns:pricingscript="http://www.calypso.com/pricingscript" xmlns:am="http://www.calypso.com/am" xmlns:scriptableOTC="http://www.calypso.com/scriptableOTC" xmlns:pricingsheet="http://www.calypso.com/pricingsheet" xmlns:taskstation="http://www.calypso.com/taskstation" xmlns:liquiditycore="http://www.calypso.com/liquiditycore" xmlns:calypso="http://www.calypso.com/xml" xmlns:accplreconciliation="http://www.calypso.com/accplreconciliation" xmlns:liquidityclassification="http://www.calypso.com/liquidityclassification" xmlns:collateral="http://www.calypso.com/collateral" xmlns:calculationserver="http://www.calypso.com/calculationserver">
    <calypso:calypsoObject xsi:type="calypso:RateIndexDefault" version="14-0" action="" xmlns:xsi="http://www.w3.org/2001/XMLSchema-instance">
        <calypso:name>TPFD</calypso:name>
        <calypso:domainValueName>
            <calypso:domainValue>
                <calypso:type>com.calypso.tk.refdata.DomainValueAdapter</calypso:type>
                <calypso:separator>#</calypso:separator>
                <calypso:identifier code="rate_index#TPFD" codifier="convention"/>
                <calypso:calypsoBusinessKey>
                    <calypso:propertyName>domainName</calypso:propertyName>
                    <calypso:propertyValue>rate_index</calypso:propertyValue>
                </calypso:calypsoBusinessKey>
                <calypso:calypsoBusinessKey>
                    <calypso:propertyName>value</calypso:propertyName>
                    <calypso:propertyValue>TPFD</calypso:propertyValue>
                </calypso:calypsoBusinessKey>
            </calypso:domainValue>
        </calypso:domainValueName>
        <calypso:currency>MXN</calypso:currency>
        <calypso:domainValueCurrency>
            <calypso:domainValue>
                <calypso:type>com.calypso.tk.refdata.DomainValueAdapter</calypso:type>
                <calypso:separator>#</calypso:separator>
                <calypso:identifier code="currency#MXN" codifier="convention"/>
                <calypso:calypsoBusinessKey>
                    <calypso:propertyName>domainName</calypso:propertyName>
                    <calypso:propertyValue>currency</calypso:propertyValue>
                </calypso:calypsoBusinessKey>
                <calypso:calypsoBusinessKey>
                    <calypso:propertyName>value</calypso:propertyName>
                    <calypso:propertyValue>MXN</calypso:propertyValue>
                </calypso:calypsoBusinessKey>
            </calypso:domainValue>
        </calypso:domainValueCurrency>
        <calypso:dayCount>ACT/360</calypso:dayCount>
        <calypso:periodRule>ADJUSTED</calypso:periodRule>
        <calypso:timeZone>America/Mexico_City</calypso:timeZone>
        <calypso:hour>11</calypso:hour>
        <calypso:publishFrequency>DLY</calypso:publishFrequency>
        <calypso:compoundFrequency>DLY</calypso:compoundFrequency>
        <calypso:defaultSource>
            <calypso:domainValue>
                <calypso:type>com.calypso.tk.refdata.DomainValueAdapter</calypso:type>
                <calypso:separator>#</calypso:separator>
                <calypso:identifier code="rate_index_source#MEX06" codifier="convention"/>
                <calypso:calypsoBusinessKey>
                    <calypso:propertyName>domainName</calypso:propertyName>
                    <calypso:propertyValue>rate_index_source</calypso:propertyValue>
                </calypso:calypsoBusinessKey>
                <calypso:calypsoBusinessKey>
                    <calypso:propertyName>value</calypso:propertyName>
                    <calypso:propertyValue>MEX06</calypso:propertyValue>
                </calypso:calypsoBusinessKey>
            </calypso:domainValue>
        </calypso:defaultSource>
        <calypso:sources>
            <calypso:domainValue>
                <calypso:type>com.calypso.tk.refdata.DomainValueAdapter</calypso:type>
                <calypso:separator>#</calypso:separator>
                <calypso:identifier code="rate_index_source#MEX06" codifier="convention"/>
                <calypso:calypsoBusinessKey>
                    <calypso:propertyName>domainName</calypso:propertyName>
                    <calypso:propertyValue>rate_index_source</calypso:propertyValue>
                </calypso:calypsoBusinessKey>
                <calypso:calypsoBusinessKey>
                    <calypso:propertyName>value</calypso:propertyName>
                    <calypso:propertyValue>MEX06</calypso:propertyValue>
                </calypso:calypsoBusinessKey>
            </calypso:domainValue>
        </calypso:sources>
        <calypso:payAdjustment>
            <calypso:days>-1</calypso:days>
            <calypso:business>true</calypso:business>
            <calypso:holidays>
                <calypso:type>com.calypso.tk.core.HolidayAdapter</calypso:type>
                <calypso:identifier code="MEXICO DF" codifier="convention"/>
                <calypso:calypsoBusinessKey>
                    <calypso:propertyName>code</calypso:propertyName>
                    <calypso:propertyValue>MEXICO DF</calypso:propertyValue>
                </calypso:calypsoBusinessKey>
            </calypso:holidays>
            <calypso:dateRoll>MOD_FOLLOW</calypso:dateRoll>
        </calypso:payAdjustment>
        <calypso:resetAdjustment>
            <calypso:days>-1</calypso:days>
            <calypso:business>true</calypso:business>
            <calypso:holidays>
                <calypso:type>com.calypso.tk.core.HolidayAdapter</calypso:type>
                <calypso:identifier code="MEXICO DF" codifier="convention"/>
                <calypso:calypsoBusinessKey>
                    <calypso:propertyName>code</calypso:propertyName>
                    <calypso:propertyValue>MEXICO DF</calypso:propertyValue>
                </calypso:calypsoBusinessKey>
            </calypso:holidays>
            <calypso:dateRoll>MOD_FOLLOW</calypso:dateRoll>
        </calypso:resetAdjustment>
        <calypso:payInArrears>true</calypso:payInArrears>
        <calypso:resetInArrears>true</calypso:resetInArrears>
        <calypso:indexType>
            <calypso:domainValue>
                <calypso:type>com.calypso.tk.refdata.DomainValueAdapter</calypso:type>
                <calypso:separator>#</calypso:separator>
                <calypso:identifier code="rate_index_type#Interest" codifier="convention"/>
                <calypso:calypsoBusinessKey>
                    <calypso:propertyName>domainName</calypso:propertyName>
                    <calypso:propertyValue>rate_index_type</calypso:propertyValue>
                </calypso:calypsoBusinessKey>
                <calypso:calypsoBusinessKey>
                    <calypso:propertyName>value</calypso:propertyName>
                    <calypso:propertyValue>Interest</calypso:propertyValue>
                </calypso:calypsoBusinessKey>
            </calypso:domainValue>
        </calypso:indexType>
        <calypso:inflationCalculationMethod>IndexLevel</calypso:inflationCalculationMethod>
        <calypso:publicationLag>45</calypso:publicationLag>
        <calypso:inflationDay>1</calypso:inflationDay>
        <calypso:interpolatedRateRoundingMethod>NONE</calypso:interpolatedRateRoundingMethod>
        <calypso:noAutomaticInterpolation>false</calypso:noAutomaticInterpolation>
        <calypso:quoteType>Yield</calypso:quoteType>
        <calypso:attribute>
            <calypso:name>
                <calypso:domainValue>
                    <calypso:type>com.calypso.tk.refdata.DomainValueAdapter</calypso:type>
                    <calypso:separator>#</calypso:separator>
                    <calypso:identifier code="rateIndexAttributes#ANACREDIT_RATE_CODE" codifier="convention"/>
                    <calypso:calypsoBusinessKey>
                        <calypso:propertyName>domainName</calypso:propertyName>
                        <calypso:propertyValue>rateIndexAttributes</calypso:propertyValue>
                    </calypso:calypsoBusinessKey>
                    <calypso:calypsoBusinessKey>
                        <calypso:propertyName>value</calypso:propertyName>
                        <calypso:propertyValue>ANACREDIT_RATE_CODE</calypso:propertyValue>
                    </calypso:calypsoBusinessKey>
                </calypso:domainValue>
            </calypso:name>
            <calypso:stringValue>I29</calypso:stringValue>
        </calypso:attribute>
    </calypso:calypsoObject>
</calypso:calypsoDocument>
