<?xml version="1.0" ?><calypso:items xmlns:calypso="http://www.calypso.com/xml"><calypso:item><calypso:identifiers><calypso:type>com.calypso.tk.refdata.RateIndexDefaults</calypso:type><calypso:separator>#</calypso:separator><calypso:identifier code="MXN#BONDES" codifier="convention"></calypso:identifier><calypso:calypsoBusinessKey><calypso:com.calypso.jaxb.xml.BusinessKeyEntry><calypso:propertyName>currency</calypso:propertyName><calypso:propertyValue>MXN</calypso:propertyValue></calypso:com.calypso.jaxb.xml.BusinessKeyEntry><calypso:com.calypso.jaxb.xml.BusinessKeyEntry><calypso:propertyName>name</calypso:propertyName><calypso:propertyValue>BONDES</calypso:propertyValue></calypso:com.calypso.jaxb.xml.BusinessKeyEntry></calypso:calypsoBusinessKey></calypso:identifiers><calypso:dependencies><calypso:dependency><calypso:identifiers><calypso:type>com.calypso.tk.refdata.DomainValueAdapter</calypso:type><calypso:separator>#</calypso:separator><calypso:identifier code="currency#MXN" codifier="convention"></calypso:identifier><calypso:calypsoBusinessKey><calypso:com.calypso.jaxb.xml.BusinessKeyEntry><calypso:propertyName>domainName</calypso:propertyName><calypso:propertyValue>currency</calypso:propertyValue></calypso:com.calypso.jaxb.xml.BusinessKeyEntry><calypso:com.calypso.jaxb.xml.BusinessKeyEntry><calypso:propertyName>value</calypso:propertyName><calypso:propertyValue>MXN</calypso:propertyValue></calypso:com.calypso.jaxb.xml.BusinessKeyEntry></calypso:calypsoBusinessKey></calypso:identifiers><calypso:excluded>false</calypso:excluded></calypso:dependency><calypso:dependency><calypso:identifiers><calypso:type>com.calypso.tk.refdata.DomainValueAdapter</calypso:type><calypso:separator>#</calypso:separator><calypso:identifier code="rate_index#BONDES" codifier="convention"></calypso:identifier><calypso:calypsoBusinessKey><calypso:com.calypso.jaxb.xml.BusinessKeyEntry><calypso:propertyName>domainName</calypso:propertyName><calypso:propertyValue>rate_index</calypso:propertyValue></calypso:com.calypso.jaxb.xml.BusinessKeyEntry><calypso:com.calypso.jaxb.xml.BusinessKeyEntry><calypso:propertyName>value</calypso:propertyName><calypso:propertyValue>BONDES</calypso:propertyValue></calypso:com.calypso.jaxb.xml.BusinessKeyEntry></calypso:calypsoBusinessKey></calypso:identifiers><calypso:excluded>false</calypso:excluded></calypso:dependency><calypso:dependency><calypso:identifiers><calypso:type>com.calypso.tk.refdata.DomainValueAdapter</calypso:type><calypso:separator>#</calypso:separator><calypso:identifier code="rate_index_source#MEX06" codifier="convention"></calypso:identifier><calypso:calypsoBusinessKey><calypso:com.calypso.jaxb.xml.BusinessKeyEntry><calypso:propertyName>domainName</calypso:propertyName><calypso:propertyValue>rate_index_source</calypso:propertyValue></calypso:com.calypso.jaxb.xml.BusinessKeyEntry><calypso:com.calypso.jaxb.xml.BusinessKeyEntry><calypso:propertyName>value</calypso:propertyName><calypso:propertyValue>MEX06</calypso:propertyValue></calypso:com.calypso.jaxb.xml.BusinessKeyEntry></calypso:calypsoBusinessKey></calypso:identifiers><calypso:excluded>false</calypso:excluded></calypso:dependency><calypso:dependency><calypso:identifiers><calypso:type>com.calypso.tk.core.HolidayAdapter</calypso:type><calypso:identifier code="MEXICO DF" codifier="convention"></calypso:identifier><calypso:calypsoBusinessKey><calypso:com.calypso.jaxb.xml.BusinessKeyEntry><calypso:propertyName>code</calypso:propertyName><calypso:propertyValue>MEXICO DF</calypso:propertyValue></calypso:com.calypso.jaxb.xml.BusinessKeyEntry></calypso:calypsoBusinessKey></calypso:identifiers><calypso:excluded>false</calypso:excluded></calypso:dependency><calypso:dependency><calypso:identifiers><calypso:type>com.calypso.tk.refdata.DomainValueAdapter</calypso:type><calypso:separator>#</calypso:separator><calypso:identifier code="rateIndexAttributes#ANACREDIT_RATE_CODE" codifier="convention"></calypso:identifier><calypso:calypsoBusinessKey><calypso:com.calypso.jaxb.xml.BusinessKeyEntry><calypso:propertyName>domainName</calypso:propertyName><calypso:propertyValue>rateIndexAttributes</calypso:propertyValue></calypso:com.calypso.jaxb.xml.BusinessKeyEntry><calypso:com.calypso.jaxb.xml.BusinessKeyEntry><calypso:propertyName>value</calypso:propertyName><calypso:propertyValue>ANACREDIT_RATE_CODE</calypso:propertyValue></calypso:com.calypso.jaxb.xml.BusinessKeyEntry></calypso:calypsoBusinessKey></calypso:identifiers><calypso:excluded>false</calypso:excluded></calypso:dependency><calypso:dependency><calypso:identifiers><calypso:type>com.calypso.tk.core.HolidayAdapter</calypso:type><calypso:identifier code="MEXICO DF" codifier="convention"></calypso:identifier><calypso:calypsoBusinessKey><calypso:com.calypso.jaxb.xml.BusinessKeyEntry><calypso:propertyName>code</calypso:propertyName><calypso:propertyValue>MEXICO DF</calypso:propertyValue></calypso:com.calypso.jaxb.xml.BusinessKeyEntry></calypso:calypsoBusinessKey></calypso:identifiers><calypso:excluded>false</calypso:excluded></calypso:dependency><calypso:dependency><calypso:identifiers><calypso:type>com.calypso.tk.refdata.DomainValueAdapter</calypso:type><calypso:separator>#</calypso:separator><calypso:identifier code="rate_index_type#Interest" codifier="convention"></calypso:identifier><calypso:calypsoBusinessKey><calypso:com.calypso.jaxb.xml.BusinessKeyEntry><calypso:propertyName>domainName</calypso:propertyName><calypso:propertyValue>rate_index_type</calypso:propertyValue></calypso:com.calypso.jaxb.xml.BusinessKeyEntry><calypso:com.calypso.jaxb.xml.BusinessKeyEntry><calypso:propertyName>value</calypso:propertyName><calypso:propertyValue>Interest</calypso:propertyValue></calypso:com.calypso.jaxb.xml.BusinessKeyEntry></calypso:calypsoBusinessKey></calypso:identifiers><calypso:excluded>false</calypso:excluded></calypso:dependency><calypso:dependency><calypso:identifiers><calypso:type>com.calypso.tk.refdata.DomainValueAdapter</calypso:type><calypso:separator>#</calypso:separator><calypso:identifier code="rate_index_source#MEX06" codifier="convention"></calypso:identifier><calypso:calypsoBusinessKey><calypso:com.calypso.jaxb.xml.BusinessKeyEntry><calypso:propertyName>domainName</calypso:propertyName><calypso:propertyValue>rate_index_source</calypso:propertyValue></calypso:com.calypso.jaxb.xml.BusinessKeyEntry><calypso:com.calypso.jaxb.xml.BusinessKeyEntry><calypso:propertyName>value</calypso:propertyName><calypso:propertyValue>MEX06</calypso:propertyValue></calypso:com.calypso.jaxb.xml.BusinessKeyEntry></calypso:calypsoBusinessKey></calypso:identifiers><calypso:excluded>false</calypso:excluded></calypso:dependency></calypso:dependencies></calypso:item><calypso:item><calypso:identifiers><calypso:type>com.calypso.tk.refdata.RateIndexDefaults</calypso:type><calypso:separator>#</calypso:separator><calypso:identifier code="MXN#BPAG" codifier="convention"></calypso:identifier><calypso:calypsoBusinessKey><calypso:com.calypso.jaxb.xml.BusinessKeyEntry><calypso:propertyName>currency</calypso:propertyName><calypso:propertyValue>MXN</calypso:propertyValue></calypso:com.calypso.jaxb.xml.BusinessKeyEntry><calypso:com.calypso.jaxb.xml.BusinessKeyEntry><calypso:propertyName>name</calypso:propertyName><calypso:propertyValue>BPAG</calypso:propertyValue></calypso:com.calypso.jaxb.xml.BusinessKeyEntry></calypso:calypsoBusinessKey></calypso:identifiers><calypso:dependencies><calypso:dependency><calypso:identifiers><calypso:type>com.calypso.tk.refdata.DomainValueAdapter</calypso:type><calypso:separator>#</calypso:separator><calypso:identifier code="currency#MXN" codifier="convention"></calypso:identifier><calypso:calypsoBusinessKey><calypso:com.calypso.jaxb.xml.BusinessKeyEntry><calypso:propertyName>domainName</calypso:propertyName><calypso:propertyValue>currency</calypso:propertyValue></calypso:com.calypso.jaxb.xml.BusinessKeyEntry><calypso:com.calypso.jaxb.xml.BusinessKeyEntry><calypso:propertyName>value</calypso:propertyName><calypso:propertyValue>MXN</calypso:propertyValue></calypso:com.calypso.jaxb.xml.BusinessKeyEntry></calypso:calypsoBusinessKey></calypso:identifiers><calypso:excluded>false</calypso:excluded></calypso:dependency><calypso:dependency><calypso:identifiers><calypso:type>com.calypso.tk.refdata.DomainValueAdapter</calypso:type><calypso:separator>#</calypso:separator><calypso:identifier code="rate_index#BPAG" codifier="convention"></calypso:identifier><calypso:calypsoBusinessKey><calypso:com.calypso.jaxb.xml.BusinessKeyEntry><calypso:propertyName>domainName</calypso:propertyName><calypso:propertyValue>rate_index</calypso:propertyValue></calypso:com.calypso.jaxb.xml.BusinessKeyEntry><calypso:com.calypso.jaxb.xml.BusinessKeyEntry><calypso:propertyName>value</calypso:propertyName><calypso:propertyValue>BPAG</calypso:propertyValue></calypso:com.calypso.jaxb.xml.BusinessKeyEntry></calypso:calypsoBusinessKey></calypso:identifiers><calypso:excluded>false</calypso:excluded></calypso:dependency><calypso:dependency><calypso:identifiers><calypso:type>com.calypso.tk.refdata.DomainValueAdapter</calypso:type><calypso:separator>#</calypso:separator><calypso:identifier code="rate_index_source#MEX06" codifier="convention"></calypso:identifier><calypso:calypsoBusinessKey><calypso:com.calypso.jaxb.xml.BusinessKeyEntry><calypso:propertyName>domainName</calypso:propertyName><calypso:propertyValue>rate_index_source</calypso:propertyValue></calypso:com.calypso.jaxb.xml.BusinessKeyEntry><calypso:com.calypso.jaxb.xml.BusinessKeyEntry><calypso:propertyName>value</calypso:propertyName><calypso:propertyValue>MEX06</calypso:propertyValue></calypso:com.calypso.jaxb.xml.BusinessKeyEntry></calypso:calypsoBusinessKey></calypso:identifiers><calypso:excluded>false</calypso:excluded></calypso:dependency><calypso:dependency><calypso:identifiers><calypso:type>com.calypso.tk.core.HolidayAdapter</calypso:type><calypso:identifier code="MEXICO DF" codifier="convention"></calypso:identifier><calypso:calypsoBusinessKey><calypso:com.calypso.jaxb.xml.BusinessKeyEntry><calypso:propertyName>code</calypso:propertyName><calypso:propertyValue>MEXICO DF</calypso:propertyValue></calypso:com.calypso.jaxb.xml.BusinessKeyEntry></calypso:calypsoBusinessKey></calypso:identifiers><calypso:excluded>false</calypso:excluded></calypso:dependency><calypso:dependency><calypso:identifiers><calypso:type>com.calypso.tk.refdata.DomainValueAdapter</calypso:type><calypso:separator>#</calypso:separator><calypso:identifier code="rateIndexAttributes#ANACREDIT_RATE_CODE" codifier="convention"></calypso:identifier><calypso:calypsoBusinessKey><calypso:com.calypso.jaxb.xml.BusinessKeyEntry><calypso:propertyName>domainName</calypso:propertyName><calypso:propertyValue>rateIndexAttributes</calypso:propertyValue></calypso:com.calypso.jaxb.xml.BusinessKeyEntry><calypso:com.calypso.jaxb.xml.BusinessKeyEntry><calypso:propertyName>value</calypso:propertyName><calypso:propertyValue>ANACREDIT_RATE_CODE</calypso:propertyValue></calypso:com.calypso.jaxb.xml.BusinessKeyEntry></calypso:calypsoBusinessKey></calypso:identifiers><calypso:excluded>false</calypso:excluded></calypso:dependency><calypso:dependency><calypso:identifiers><calypso:type>com.calypso.tk.core.HolidayAdapter</calypso:type><calypso:identifier code="MEXICO DF" codifier="convention"></calypso:identifier><calypso:calypsoBusinessKey><calypso:com.calypso.jaxb.xml.BusinessKeyEntry><calypso:propertyName>code</calypso:propertyName><calypso:propertyValue>MEXICO DF</calypso:propertyValue></calypso:com.calypso.jaxb.xml.BusinessKeyEntry></calypso:calypsoBusinessKey></calypso:identifiers><calypso:excluded>false</calypso:excluded></calypso:dependency><calypso:dependency><calypso:identifiers><calypso:type>com.calypso.tk.refdata.DomainValueAdapter</calypso:type><calypso:separator>#</calypso:separator><calypso:identifier code="rate_index_type#Interest" codifier="convention"></calypso:identifier><calypso:calypsoBusinessKey><calypso:com.calypso.jaxb.xml.BusinessKeyEntry><calypso:propertyName>domainName</calypso:propertyName><calypso:propertyValue>rate_index_type</calypso:propertyValue></calypso:com.calypso.jaxb.xml.BusinessKeyEntry><calypso:com.calypso.jaxb.xml.BusinessKeyEntry><calypso:propertyName>value</calypso:propertyName><calypso:propertyValue>Interest</calypso:propertyValue></calypso:com.calypso.jaxb.xml.BusinessKeyEntry></calypso:calypsoBusinessKey></calypso:identifiers><calypso:excluded>false</calypso:excluded></calypso:dependency><calypso:dependency><calypso:identifiers><calypso:type>com.calypso.tk.refdata.DomainValueAdapter</calypso:type><calypso:separator>#</calypso:separator><calypso:identifier code="rate_index_source#MEX06" codifier="convention"></calypso:identifier><calypso:calypsoBusinessKey><calypso:com.calypso.jaxb.xml.BusinessKeyEntry><calypso:propertyName>domainName</calypso:propertyName><calypso:propertyValue>rate_index_source</calypso:propertyValue></calypso:com.calypso.jaxb.xml.BusinessKeyEntry><calypso:com.calypso.jaxb.xml.BusinessKeyEntry><calypso:propertyName>value</calypso:propertyName><calypso:propertyValue>MEX06</calypso:propertyValue></calypso:com.calypso.jaxb.xml.BusinessKeyEntry></calypso:calypsoBusinessKey></calypso:identifiers><calypso:excluded>false</calypso:excluded></calypso:dependency></calypso:dependencies></calypso:item><calypso:item><calypso:identifiers><calypso:type>com.calypso.tk.refdata.RateIndexDefaults</calypso:type><calypso:separator>#</calypso:separator><calypso:identifier code="MXN#CETES" codifier="convention"></calypso:identifier><calypso:calypsoBusinessKey><calypso:com.calypso.jaxb.xml.BusinessKeyEntry><calypso:propertyName>currency</calypso:propertyName><calypso:propertyValue>MXN</calypso:propertyValue></calypso:com.calypso.jaxb.xml.BusinessKeyEntry><calypso:com.calypso.jaxb.xml.BusinessKeyEntry><calypso:propertyName>name</calypso:propertyName><calypso:propertyValue>CETES</calypso:propertyValue></calypso:com.calypso.jaxb.xml.BusinessKeyEntry></calypso:calypsoBusinessKey></calypso:identifiers><calypso:dependencies><calypso:dependency><calypso:identifiers><calypso:type>com.calypso.tk.refdata.DomainValueAdapter</calypso:type><calypso:separator>#</calypso:separator><calypso:identifier code="currency#MXN" codifier="convention"></calypso:identifier><calypso:calypsoBusinessKey><calypso:com.calypso.jaxb.xml.BusinessKeyEntry><calypso:propertyName>domainName</calypso:propertyName><calypso:propertyValue>currency</calypso:propertyValue></calypso:com.calypso.jaxb.xml.BusinessKeyEntry><calypso:com.calypso.jaxb.xml.BusinessKeyEntry><calypso:propertyName>value</calypso:propertyName><calypso:propertyValue>MXN</calypso:propertyValue></calypso:com.calypso.jaxb.xml.BusinessKeyEntry></calypso:calypsoBusinessKey></calypso:identifiers><calypso:excluded>false</calypso:excluded></calypso:dependency><calypso:dependency><calypso:identifiers><calypso:type>com.calypso.tk.refdata.DomainValueAdapter</calypso:type><calypso:separator>#</calypso:separator><calypso:identifier code="rate_index#CETES" codifier="convention"></calypso:identifier><calypso:calypsoBusinessKey><calypso:com.calypso.jaxb.xml.BusinessKeyEntry><calypso:propertyName>domainName</calypso:propertyName><calypso:propertyValue>rate_index</calypso:propertyValue></calypso:com.calypso.jaxb.xml.BusinessKeyEntry><calypso:com.calypso.jaxb.xml.BusinessKeyEntry><calypso:propertyName>value</calypso:propertyName><calypso:propertyValue>CETES</calypso:propertyValue></calypso:com.calypso.jaxb.xml.BusinessKeyEntry></calypso:calypsoBusinessKey></calypso:identifiers><calypso:excluded>false</calypso:excluded></calypso:dependency><calypso:dependency><calypso:identifiers><calypso:type>com.calypso.tk.refdata.DomainValueAdapter</calypso:type><calypso:separator>#</calypso:separator><calypso:identifier code="rate_index_source#MEX06" codifier="convention"></calypso:identifier><calypso:calypsoBusinessKey><calypso:com.calypso.jaxb.xml.BusinessKeyEntry><calypso:propertyName>domainName</calypso:propertyName><calypso:propertyValue>rate_index_source</calypso:propertyValue></calypso:com.calypso.jaxb.xml.BusinessKeyEntry><calypso:com.calypso.jaxb.xml.BusinessKeyEntry><calypso:propertyName>value</calypso:propertyName><calypso:propertyValue>MEX06</calypso:propertyValue></calypso:com.calypso.jaxb.xml.BusinessKeyEntry></calypso:calypsoBusinessKey></calypso:identifiers><calypso:excluded>false</calypso:excluded></calypso:dependency><calypso:dependency><calypso:identifiers><calypso:type>com.calypso.tk.core.HolidayAdapter</calypso:type><calypso:identifier code="MEXICO DF" codifier="convention"></calypso:identifier><calypso:calypsoBusinessKey><calypso:com.calypso.jaxb.xml.BusinessKeyEntry><calypso:propertyName>code</calypso:propertyName><calypso:propertyValue>MEXICO DF</calypso:propertyValue></calypso:com.calypso.jaxb.xml.BusinessKeyEntry></calypso:calypsoBusinessKey></calypso:identifiers><calypso:excluded>false</calypso:excluded></calypso:dependency><calypso:dependency><calypso:identifiers><calypso:type>com.calypso.tk.refdata.DomainValueAdapter</calypso:type><calypso:separator>#</calypso:separator><calypso:identifier code="rateIndexAttributes#ANACREDIT_RATE_CODE" codifier="convention"></calypso:identifier><calypso:calypsoBusinessKey><calypso:com.calypso.jaxb.xml.BusinessKeyEntry><calypso:propertyName>domainName</calypso:propertyName><calypso:propertyValue>rateIndexAttributes</calypso:propertyValue></calypso:com.calypso.jaxb.xml.BusinessKeyEntry><calypso:com.calypso.jaxb.xml.BusinessKeyEntry><calypso:propertyName>value</calypso:propertyName><calypso:propertyValue>ANACREDIT_RATE_CODE</calypso:propertyValue></calypso:com.calypso.jaxb.xml.BusinessKeyEntry></calypso:calypsoBusinessKey></calypso:identifiers><calypso:excluded>false</calypso:excluded></calypso:dependency><calypso:dependency><calypso:identifiers><calypso:type>com.calypso.tk.core.HolidayAdapter</calypso:type><calypso:identifier code="MEXICO DF" codifier="convention"></calypso:identifier><calypso:calypsoBusinessKey><calypso:com.calypso.jaxb.xml.BusinessKeyEntry><calypso:propertyName>code</calypso:propertyName><calypso:propertyValue>MEXICO DF</calypso:propertyValue></calypso:com.calypso.jaxb.xml.BusinessKeyEntry></calypso:calypsoBusinessKey></calypso:identifiers><calypso:excluded>false</calypso:excluded></calypso:dependency><calypso:dependency><calypso:identifiers><calypso:type>com.calypso.tk.refdata.DomainValueAdapter</calypso:type><calypso:separator>#</calypso:separator><calypso:identifier code="rate_index_type#Interest" codifier="convention"></calypso:identifier><calypso:calypsoBusinessKey><calypso:com.calypso.jaxb.xml.BusinessKeyEntry><calypso:propertyName>domainName</calypso:propertyName><calypso:propertyValue>rate_index_type</calypso:propertyValue></calypso:com.calypso.jaxb.xml.BusinessKeyEntry><calypso:com.calypso.jaxb.xml.BusinessKeyEntry><calypso:propertyName>value</calypso:propertyName><calypso:propertyValue>Interest</calypso:propertyValue></calypso:com.calypso.jaxb.xml.BusinessKeyEntry></calypso:calypsoBusinessKey></calypso:identifiers><calypso:excluded>false</calypso:excluded></calypso:dependency><calypso:dependency><calypso:identifiers><calypso:type>com.calypso.tk.refdata.DomainValueAdapter</calypso:type><calypso:separator>#</calypso:separator><calypso:identifier code="rate_index_source#MEX06" codifier="convention"></calypso:identifier><calypso:calypsoBusinessKey><calypso:com.calypso.jaxb.xml.BusinessKeyEntry><calypso:propertyName>domainName</calypso:propertyName><calypso:propertyValue>rate_index_source</calypso:propertyValue></calypso:com.calypso.jaxb.xml.BusinessKeyEntry><calypso:com.calypso.jaxb.xml.BusinessKeyEntry><calypso:propertyName>value</calypso:propertyName><calypso:propertyValue>MEX06</calypso:propertyValue></calypso:com.calypso.jaxb.xml.BusinessKeyEntry></calypso:calypsoBusinessKey></calypso:identifiers><calypso:excluded>false</calypso:excluded></calypso:dependency></calypso:dependencies></calypso:item><calypso:item><calypso:identifiers><calypso:type>com.calypso.tk.refdata.RateIndexDefaults</calypso:type><calypso:separator>#</calypso:separator><calypso:identifier code="MXN#LIBOR" codifier="convention"></calypso:identifier><calypso:calypsoBusinessKey><calypso:com.calypso.jaxb.xml.BusinessKeyEntry><calypso:propertyName>currency</calypso:propertyName><calypso:propertyValue>MXN</calypso:propertyValue></calypso:com.calypso.jaxb.xml.BusinessKeyEntry><calypso:com.calypso.jaxb.xml.BusinessKeyEntry><calypso:propertyName>name</calypso:propertyName><calypso:propertyValue>LIBOR</calypso:propertyValue></calypso:com.calypso.jaxb.xml.BusinessKeyEntry></calypso:calypsoBusinessKey></calypso:identifiers><calypso:dependencies><calypso:dependency><calypso:identifiers><calypso:type>com.calypso.tk.refdata.DomainValueAdapter</calypso:type><calypso:separator>#</calypso:separator><calypso:identifier code="currency#MXN" codifier="convention"></calypso:identifier><calypso:calypsoBusinessKey><calypso:com.calypso.jaxb.xml.BusinessKeyEntry><calypso:propertyName>domainName</calypso:propertyName><calypso:propertyValue>currency</calypso:propertyValue></calypso:com.calypso.jaxb.xml.BusinessKeyEntry><calypso:com.calypso.jaxb.xml.BusinessKeyEntry><calypso:propertyName>value</calypso:propertyName><calypso:propertyValue>MXN</calypso:propertyValue></calypso:com.calypso.jaxb.xml.BusinessKeyEntry></calypso:calypsoBusinessKey></calypso:identifiers><calypso:excluded>false</calypso:excluded></calypso:dependency><calypso:dependency><calypso:identifiers><calypso:type>com.calypso.tk.refdata.DomainValueAdapter</calypso:type><calypso:separator>#</calypso:separator><calypso:identifier code="rate_index#LIBOR" codifier="convention"></calypso:identifier><calypso:calypsoBusinessKey><calypso:com.calypso.jaxb.xml.BusinessKeyEntry><calypso:propertyName>domainName</calypso:propertyName><calypso:propertyValue>rate_index</calypso:propertyValue></calypso:com.calypso.jaxb.xml.BusinessKeyEntry><calypso:com.calypso.jaxb.xml.BusinessKeyEntry><calypso:propertyName>value</calypso:propertyName><calypso:propertyValue>LIBOR</calypso:propertyValue></calypso:com.calypso.jaxb.xml.BusinessKeyEntry></calypso:calypsoBusinessKey></calypso:identifiers><calypso:excluded>false</calypso:excluded></calypso:dependency><calypso:dependency><calypso:identifiers><calypso:type>com.calypso.tk.refdata.DomainValueAdapter</calypso:type><calypso:separator>#</calypso:separator><calypso:identifier code="rate_index_source#MEX06" codifier="convention"></calypso:identifier><calypso:calypsoBusinessKey><calypso:com.calypso.jaxb.xml.BusinessKeyEntry><calypso:propertyName>domainName</calypso:propertyName><calypso:propertyValue>rate_index_source</calypso:propertyValue></calypso:com.calypso.jaxb.xml.BusinessKeyEntry><calypso:com.calypso.jaxb.xml.BusinessKeyEntry><calypso:propertyName>value</calypso:propertyName><calypso:propertyValue>MEX06</calypso:propertyValue></calypso:com.calypso.jaxb.xml.BusinessKeyEntry></calypso:calypsoBusinessKey></calypso:identifiers><calypso:excluded>false</calypso:excluded></calypso:dependency><calypso:dependency><calypso:identifiers><calypso:type>com.calypso.tk.core.HolidayAdapter</calypso:type><calypso:identifier code="MEXICO DF" codifier="convention"></calypso:identifier><calypso:calypsoBusinessKey><calypso:com.calypso.jaxb.xml.BusinessKeyEntry><calypso:propertyName>code</calypso:propertyName><calypso:propertyValue>MEXICO DF</calypso:propertyValue></calypso:com.calypso.jaxb.xml.BusinessKeyEntry></calypso:calypsoBusinessKey></calypso:identifiers><calypso:excluded>false</calypso:excluded></calypso:dependency><calypso:dependency><calypso:identifiers><calypso:type>com.calypso.tk.refdata.DomainValueAdapter</calypso:type><calypso:separator>#</calypso:separator><calypso:identifier code="rateIndexAttributes#ANACREDIT_RATE_CODE" codifier="convention"></calypso:identifier><calypso:calypsoBusinessKey><calypso:com.calypso.jaxb.xml.BusinessKeyEntry><calypso:propertyName>domainName</calypso:propertyName><calypso:propertyValue>rateIndexAttributes</calypso:propertyValue></calypso:com.calypso.jaxb.xml.BusinessKeyEntry><calypso:com.calypso.jaxb.xml.BusinessKeyEntry><calypso:propertyName>value</calypso:propertyName><calypso:propertyValue>ANACREDIT_RATE_CODE</calypso:propertyValue></calypso:com.calypso.jaxb.xml.BusinessKeyEntry></calypso:calypsoBusinessKey></calypso:identifiers><calypso:excluded>false</calypso:excluded></calypso:dependency><calypso:dependency><calypso:identifiers><calypso:type>com.calypso.tk.core.HolidayAdapter</calypso:type><calypso:identifier code="MEXICO DF" codifier="convention"></calypso:identifier><calypso:calypsoBusinessKey><calypso:com.calypso.jaxb.xml.BusinessKeyEntry><calypso:propertyName>code</calypso:propertyName><calypso:propertyValue>MEXICO DF</calypso:propertyValue></calypso:com.calypso.jaxb.xml.BusinessKeyEntry></calypso:calypsoBusinessKey></calypso:identifiers><calypso:excluded>false</calypso:excluded></calypso:dependency><calypso:dependency><calypso:identifiers><calypso:type>com.calypso.tk.refdata.DomainValueAdapter</calypso:type><calypso:separator>#</calypso:separator><calypso:identifier code="rate_index_type#Interest" codifier="convention"></calypso:identifier><calypso:calypsoBusinessKey><calypso:com.calypso.jaxb.xml.BusinessKeyEntry><calypso:propertyName>domainName</calypso:propertyName><calypso:propertyValue>rate_index_type</calypso:propertyValue></calypso:com.calypso.jaxb.xml.BusinessKeyEntry><calypso:com.calypso.jaxb.xml.BusinessKeyEntry><calypso:propertyName>value</calypso:propertyName><calypso:propertyValue>Interest</calypso:propertyValue></calypso:com.calypso.jaxb.xml.BusinessKeyEntry></calypso:calypsoBusinessKey></calypso:identifiers><calypso:excluded>false</calypso:excluded></calypso:dependency><calypso:dependency><calypso:identifiers><calypso:type>com.calypso.tk.refdata.DomainValueAdapter</calypso:type><calypso:separator>#</calypso:separator><calypso:identifier code="rate_index_source#MEX06" codifier="convention"></calypso:identifier><calypso:calypsoBusinessKey><calypso:com.calypso.jaxb.xml.BusinessKeyEntry><calypso:propertyName>domainName</calypso:propertyName><calypso:propertyValue>rate_index_source</calypso:propertyValue></calypso:com.calypso.jaxb.xml.BusinessKeyEntry><calypso:com.calypso.jaxb.xml.BusinessKeyEntry><calypso:propertyName>value</calypso:propertyName><calypso:propertyValue>MEX06</calypso:propertyValue></calypso:com.calypso.jaxb.xml.BusinessKeyEntry></calypso:calypsoBusinessKey></calypso:identifiers><calypso:excluded>false</calypso:excluded></calypso:dependency></calypso:dependencies></calypso:item><calypso:item><calypso:identifiers><calypso:type>com.calypso.tk.refdata.RateIndexDefaults</calypso:type><calypso:separator>#</calypso:separator><calypso:identifier code="MXN#TIIE" codifier="convention"></calypso:identifier><calypso:calypsoBusinessKey><calypso:com.calypso.jaxb.xml.BusinessKeyEntry><calypso:propertyName>currency</calypso:propertyName><calypso:propertyValue>MXN</calypso:propertyValue></calypso:com.calypso.jaxb.xml.BusinessKeyEntry><calypso:com.calypso.jaxb.xml.BusinessKeyEntry><calypso:propertyName>name</calypso:propertyName><calypso:propertyValue>TIIE</calypso:propertyValue></calypso:com.calypso.jaxb.xml.BusinessKeyEntry></calypso:calypsoBusinessKey></calypso:identifiers><calypso:dependencies><calypso:dependency><calypso:identifiers><calypso:type>com.calypso.tk.refdata.DomainValueAdapter</calypso:type><calypso:separator>#</calypso:separator><calypso:identifier code="currency#MXN" codifier="convention"></calypso:identifier><calypso:calypsoBusinessKey><calypso:com.calypso.jaxb.xml.BusinessKeyEntry><calypso:propertyName>domainName</calypso:propertyName><calypso:propertyValue>currency</calypso:propertyValue></calypso:com.calypso.jaxb.xml.BusinessKeyEntry><calypso:com.calypso.jaxb.xml.BusinessKeyEntry><calypso:propertyName>value</calypso:propertyName><calypso:propertyValue>MXN</calypso:propertyValue></calypso:com.calypso.jaxb.xml.BusinessKeyEntry></calypso:calypsoBusinessKey></calypso:identifiers><calypso:excluded>false</calypso:excluded></calypso:dependency><calypso:dependency><calypso:identifiers><calypso:type>com.calypso.tk.refdata.DomainValueAdapter</calypso:type><calypso:separator>#</calypso:separator><calypso:identifier code="rate_index#TIIE" codifier="convention"></calypso:identifier><calypso:calypsoBusinessKey><calypso:com.calypso.jaxb.xml.BusinessKeyEntry><calypso:propertyName>domainName</calypso:propertyName><calypso:propertyValue>rate_index</calypso:propertyValue></calypso:com.calypso.jaxb.xml.BusinessKeyEntry><calypso:com.calypso.jaxb.xml.BusinessKeyEntry><calypso:propertyName>value</calypso:propertyName><calypso:propertyValue>TIIE</calypso:propertyValue></calypso:com.calypso.jaxb.xml.BusinessKeyEntry></calypso:calypsoBusinessKey></calypso:identifiers><calypso:excluded>false</calypso:excluded></calypso:dependency><calypso:dependency><calypso:identifiers><calypso:type>com.calypso.tk.refdata.DomainValueAdapter</calypso:type><calypso:separator>#</calypso:separator><calypso:identifier code="rate_index_source#MEX06" codifier="convention"></calypso:identifier><calypso:calypsoBusinessKey><calypso:com.calypso.jaxb.xml.BusinessKeyEntry><calypso:propertyName>domainName</calypso:propertyName><calypso:propertyValue>rate_index_source</calypso:propertyValue></calypso:com.calypso.jaxb.xml.BusinessKeyEntry><calypso:com.calypso.jaxb.xml.BusinessKeyEntry><calypso:propertyName>value</calypso:propertyName><calypso:propertyValue>MEX06</calypso:propertyValue></calypso:com.calypso.jaxb.xml.BusinessKeyEntry></calypso:calypsoBusinessKey></calypso:identifiers><calypso:excluded>false</calypso:excluded></calypso:dependency><calypso:dependency><calypso:identifiers><calypso:type>com.calypso.tk.core.HolidayAdapter</calypso:type><calypso:identifier code="MEXICO DF" codifier="convention"></calypso:identifier><calypso:calypsoBusinessKey><calypso:com.calypso.jaxb.xml.BusinessKeyEntry><calypso:propertyName>code</calypso:propertyName><calypso:propertyValue>MEXICO DF</calypso:propertyValue></calypso:com.calypso.jaxb.xml.BusinessKeyEntry></calypso:calypsoBusinessKey></calypso:identifiers><calypso:excluded>false</calypso:excluded></calypso:dependency><calypso:dependency><calypso:identifiers><calypso:type>com.calypso.tk.refdata.DomainValueAdapter</calypso:type><calypso:separator>#</calypso:separator><calypso:identifier code="rateIndexAttributes#ANACREDIT_RATE_CODE" codifier="convention"></calypso:identifier><calypso:calypsoBusinessKey><calypso:com.calypso.jaxb.xml.BusinessKeyEntry><calypso:propertyName>domainName</calypso:propertyName><calypso:propertyValue>rateIndexAttributes</calypso:propertyValue></calypso:com.calypso.jaxb.xml.BusinessKeyEntry><calypso:com.calypso.jaxb.xml.BusinessKeyEntry><calypso:propertyName>value</calypso:propertyName><calypso:propertyValue>ANACREDIT_RATE_CODE</calypso:propertyValue></calypso:com.calypso.jaxb.xml.BusinessKeyEntry></calypso:calypsoBusinessKey></calypso:identifiers><calypso:excluded>false</calypso:excluded></calypso:dependency><calypso:dependency><calypso:identifiers><calypso:type>com.calypso.tk.core.HolidayAdapter</calypso:type><calypso:identifier code="MEXICO DF" codifier="convention"></calypso:identifier><calypso:calypsoBusinessKey><calypso:com.calypso.jaxb.xml.BusinessKeyEntry><calypso:propertyName>code</calypso:propertyName><calypso:propertyValue>MEXICO DF</calypso:propertyValue></calypso:com.calypso.jaxb.xml.BusinessKeyEntry></calypso:calypsoBusinessKey></calypso:identifiers><calypso:excluded>false</calypso:excluded></calypso:dependency><calypso:dependency><calypso:identifiers><calypso:type>com.calypso.tk.refdata.DomainValueAdapter</calypso:type><calypso:separator>#</calypso:separator><calypso:identifier code="rate_index_type#Interest" codifier="convention"></calypso:identifier><calypso:calypsoBusinessKey><calypso:com.calypso.jaxb.xml.BusinessKeyEntry><calypso:propertyName>domainName</calypso:propertyName><calypso:propertyValue>rate_index_type</calypso:propertyValue></calypso:com.calypso.jaxb.xml.BusinessKeyEntry><calypso:com.calypso.jaxb.xml.BusinessKeyEntry><calypso:propertyName>value</calypso:propertyName><calypso:propertyValue>Interest</calypso:propertyValue></calypso:com.calypso.jaxb.xml.BusinessKeyEntry></calypso:calypsoBusinessKey></calypso:identifiers><calypso:excluded>false</calypso:excluded></calypso:dependency><calypso:dependency><calypso:identifiers><calypso:type>com.calypso.tk.refdata.DomainValueAdapter</calypso:type><calypso:separator>#</calypso:separator><calypso:identifier code="rate_index_source#MEX06" codifier="convention"></calypso:identifier><calypso:calypsoBusinessKey><calypso:com.calypso.jaxb.xml.BusinessKeyEntry><calypso:propertyName>domainName</calypso:propertyName><calypso:propertyValue>rate_index_source</calypso:propertyValue></calypso:com.calypso.jaxb.xml.BusinessKeyEntry><calypso:com.calypso.jaxb.xml.BusinessKeyEntry><calypso:propertyName>value</calypso:propertyName><calypso:propertyValue>MEX06</calypso:propertyValue></calypso:com.calypso.jaxb.xml.BusinessKeyEntry></calypso:calypsoBusinessKey></calypso:identifiers><calypso:excluded>false</calypso:excluded></calypso:dependency></calypso:dependencies></calypso:item><calypso:item><calypso:identifiers><calypso:type>com.calypso.tk.refdata.RateIndexDefaults</calypso:type><calypso:separator>#</calypso:separator><calypso:identifier code="MXN#TIIEFON" codifier="convention"></calypso:identifier><calypso:calypsoBusinessKey><calypso:com.calypso.jaxb.xml.BusinessKeyEntry><calypso:propertyName>currency</calypso:propertyName><calypso:propertyValue>MXN</calypso:propertyValue></calypso:com.calypso.jaxb.xml.BusinessKeyEntry><calypso:com.calypso.jaxb.xml.BusinessKeyEntry><calypso:propertyName>name</calypso:propertyName><calypso:propertyValue>TIIEFON</calypso:propertyValue></calypso:com.calypso.jaxb.xml.BusinessKeyEntry></calypso:calypsoBusinessKey></calypso:identifiers><calypso:dependencies><calypso:dependency><calypso:identifiers><calypso:type>com.calypso.tk.refdata.DomainValueAdapter</calypso:type><calypso:separator>#</calypso:separator><calypso:identifier code="currency#MXN" codifier="convention"></calypso:identifier><calypso:calypsoBusinessKey><calypso:com.calypso.jaxb.xml.BusinessKeyEntry><calypso:propertyName>domainName</calypso:propertyName><calypso:propertyValue>currency</calypso:propertyValue></calypso:com.calypso.jaxb.xml.BusinessKeyEntry><calypso:com.calypso.jaxb.xml.BusinessKeyEntry><calypso:propertyName>value</calypso:propertyName><calypso:propertyValue>MXN</calypso:propertyValue></calypso:com.calypso.jaxb.xml.BusinessKeyEntry></calypso:calypsoBusinessKey></calypso:identifiers><calypso:excluded>false</calypso:excluded></calypso:dependency><calypso:dependency><calypso:identifiers><calypso:type>com.calypso.tk.refdata.DomainValueAdapter</calypso:type><calypso:separator>#</calypso:separator><calypso:identifier code="rate_index#TIIEFON" codifier="convention"></calypso:identifier><calypso:calypsoBusinessKey><calypso:com.calypso.jaxb.xml.BusinessKeyEntry><calypso:propertyName>domainName</calypso:propertyName><calypso:propertyValue>rate_index</calypso:propertyValue></calypso:com.calypso.jaxb.xml.BusinessKeyEntry><calypso:com.calypso.jaxb.xml.BusinessKeyEntry><calypso:propertyName>value</calypso:propertyName><calypso:propertyValue>TIIEFON</calypso:propertyValue></calypso:com.calypso.jaxb.xml.BusinessKeyEntry></calypso:calypsoBusinessKey></calypso:identifiers><calypso:excluded>false</calypso:excluded></calypso:dependency><calypso:dependency><calypso:identifiers><calypso:type>com.calypso.tk.refdata.DomainValueAdapter</calypso:type><calypso:separator>#</calypso:separator><calypso:identifier code="rate_index_source#MEX06" codifier="convention"></calypso:identifier><calypso:calypsoBusinessKey><calypso:com.calypso.jaxb.xml.BusinessKeyEntry><calypso:propertyName>domainName</calypso:propertyName><calypso:propertyValue>rate_index_source</calypso:propertyValue></calypso:com.calypso.jaxb.xml.BusinessKeyEntry><calypso:com.calypso.jaxb.xml.BusinessKeyEntry><calypso:propertyName>value</calypso:propertyName><calypso:propertyValue>MEX06</calypso:propertyValue></calypso:com.calypso.jaxb.xml.BusinessKeyEntry></calypso:calypsoBusinessKey></calypso:identifiers><calypso:excluded>false</calypso:excluded></calypso:dependency><calypso:dependency><calypso:identifiers><calypso:type>com.calypso.tk.core.HolidayAdapter</calypso:type><calypso:identifier code="MEXICO DF" codifier="convention"></calypso:identifier><calypso:calypsoBusinessKey><calypso:com.calypso.jaxb.xml.BusinessKeyEntry><calypso:propertyName>code</calypso:propertyName><calypso:propertyValue>MEXICO DF</calypso:propertyValue></calypso:com.calypso.jaxb.xml.BusinessKeyEntry></calypso:calypsoBusinessKey></calypso:identifiers><calypso:excluded>false</calypso:excluded></calypso:dependency><calypso:dependency><calypso:identifiers><calypso:type>com.calypso.tk.refdata.DomainValueAdapter</calypso:type><calypso:separator>#</calypso:separator><calypso:identifier code="rateIndexAttributes#ANACREDIT_RATE_CODE" codifier="convention"></calypso:identifier><calypso:calypsoBusinessKey><calypso:com.calypso.jaxb.xml.BusinessKeyEntry><calypso:propertyName>domainName</calypso:propertyName><calypso:propertyValue>rateIndexAttributes</calypso:propertyValue></calypso:com.calypso.jaxb.xml.BusinessKeyEntry><calypso:com.calypso.jaxb.xml.BusinessKeyEntry><calypso:propertyName>value</calypso:propertyName><calypso:propertyValue>ANACREDIT_RATE_CODE</calypso:propertyValue></calypso:com.calypso.jaxb.xml.BusinessKeyEntry></calypso:calypsoBusinessKey></calypso:identifiers><calypso:excluded>false</calypso:excluded></calypso:dependency><calypso:dependency><calypso:identifiers><calypso:type>com.calypso.tk.core.HolidayAdapter</calypso:type><calypso:identifier code="MEXICO DF" codifier="convention"></calypso:identifier><calypso:calypsoBusinessKey><calypso:com.calypso.jaxb.xml.BusinessKeyEntry><calypso:propertyName>code</calypso:propertyName><calypso:propertyValue>MEXICO DF</calypso:propertyValue></calypso:com.calypso.jaxb.xml.BusinessKeyEntry></calypso:calypsoBusinessKey></calypso:identifiers><calypso:excluded>false</calypso:excluded></calypso:dependency><calypso:dependency><calypso:identifiers><calypso:type>com.calypso.tk.refdata.DomainValueAdapter</calypso:type><calypso:separator>#</calypso:separator><calypso:identifier code="rate_index_type#Interest" codifier="convention"></calypso:identifier><calypso:calypsoBusinessKey><calypso:com.calypso.jaxb.xml.BusinessKeyEntry><calypso:propertyName>domainName</calypso:propertyName><calypso:propertyValue>rate_index_type</calypso:propertyValue></calypso:com.calypso.jaxb.xml.BusinessKeyEntry><calypso:com.calypso.jaxb.xml.BusinessKeyEntry><calypso:propertyName>value</calypso:propertyName><calypso:propertyValue>Interest</calypso:propertyValue></calypso:com.calypso.jaxb.xml.BusinessKeyEntry></calypso:calypsoBusinessKey></calypso:identifiers><calypso:excluded>false</calypso:excluded></calypso:dependency><calypso:dependency><calypso:identifiers><calypso:type>com.calypso.tk.refdata.DomainValueAdapter</calypso:type><calypso:separator>#</calypso:separator><calypso:identifier code="rate_index_source#MEX06" codifier="convention"></calypso:identifier><calypso:calypsoBusinessKey><calypso:com.calypso.jaxb.xml.BusinessKeyEntry><calypso:propertyName>domainName</calypso:propertyName><calypso:propertyValue>rate_index_source</calypso:propertyValue></calypso:com.calypso.jaxb.xml.BusinessKeyEntry><calypso:com.calypso.jaxb.xml.BusinessKeyEntry><calypso:propertyName>value</calypso:propertyName><calypso:propertyValue>MEX06</calypso:propertyValue></calypso:com.calypso.jaxb.xml.BusinessKeyEntry></calypso:calypsoBusinessKey></calypso:identifiers><calypso:excluded>false</calypso:excluded></calypso:dependency></calypso:dependencies></calypso:item><calypso:item><calypso:identifiers><calypso:type>com.calypso.tk.refdata.RateIndexDefaults</calypso:type><calypso:separator>#</calypso:separator><calypso:identifier code="MXN#TOB" codifier="convention"></calypso:identifier><calypso:calypsoBusinessKey><calypso:com.calypso.jaxb.xml.BusinessKeyEntry><calypso:propertyName>currency</calypso:propertyName><calypso:propertyValue>MXN</calypso:propertyValue></calypso:com.calypso.jaxb.xml.BusinessKeyEntry><calypso:com.calypso.jaxb.xml.BusinessKeyEntry><calypso:propertyName>name</calypso:propertyName><calypso:propertyValue>TOB</calypso:propertyValue></calypso:com.calypso.jaxb.xml.BusinessKeyEntry></calypso:calypsoBusinessKey></calypso:identifiers><calypso:dependencies><calypso:dependency><calypso:identifiers><calypso:type>com.calypso.tk.refdata.DomainValueAdapter</calypso:type><calypso:separator>#</calypso:separator><calypso:identifier code="currency#MXN" codifier="convention"></calypso:identifier><calypso:calypsoBusinessKey><calypso:com.calypso.jaxb.xml.BusinessKeyEntry><calypso:propertyName>domainName</calypso:propertyName><calypso:propertyValue>currency</calypso:propertyValue></calypso:com.calypso.jaxb.xml.BusinessKeyEntry><calypso:com.calypso.jaxb.xml.BusinessKeyEntry><calypso:propertyName>value</calypso:propertyName><calypso:propertyValue>MXN</calypso:propertyValue></calypso:com.calypso.jaxb.xml.BusinessKeyEntry></calypso:calypsoBusinessKey></calypso:identifiers><calypso:excluded>false</calypso:excluded></calypso:dependency><calypso:dependency><calypso:identifiers><calypso:type>com.calypso.tk.refdata.DomainValueAdapter</calypso:type><calypso:separator>#</calypso:separator><calypso:identifier code="rate_index#TOB" codifier="convention"></calypso:identifier><calypso:calypsoBusinessKey><calypso:com.calypso.jaxb.xml.BusinessKeyEntry><calypso:propertyName>domainName</calypso:propertyName><calypso:propertyValue>rate_index</calypso:propertyValue></calypso:com.calypso.jaxb.xml.BusinessKeyEntry><calypso:com.calypso.jaxb.xml.BusinessKeyEntry><calypso:propertyName>value</calypso:propertyName><calypso:propertyValue>TOB</calypso:propertyValue></calypso:com.calypso.jaxb.xml.BusinessKeyEntry></calypso:calypsoBusinessKey></calypso:identifiers><calypso:excluded>false</calypso:excluded></calypso:dependency><calypso:dependency><calypso:identifiers><calypso:type>com.calypso.tk.refdata.DomainValueAdapter</calypso:type><calypso:separator>#</calypso:separator><calypso:identifier code="rate_index_source#MEX06" codifier="convention"></calypso:identifier><calypso:calypsoBusinessKey><calypso:com.calypso.jaxb.xml.BusinessKeyEntry><calypso:propertyName>domainName</calypso:propertyName><calypso:propertyValue>rate_index_source</calypso:propertyValue></calypso:com.calypso.jaxb.xml.BusinessKeyEntry><calypso:com.calypso.jaxb.xml.BusinessKeyEntry><calypso:propertyName>value</calypso:propertyName><calypso:propertyValue>MEX06</calypso:propertyValue></calypso:com.calypso.jaxb.xml.BusinessKeyEntry></calypso:calypsoBusinessKey></calypso:identifiers><calypso:excluded>false</calypso:excluded></calypso:dependency><calypso:dependency><calypso:identifiers><calypso:type>com.calypso.tk.core.HolidayAdapter</calypso:type><calypso:identifier code="MEXICO DF" codifier="convention"></calypso:identifier><calypso:calypsoBusinessKey><calypso:com.calypso.jaxb.xml.BusinessKeyEntry><calypso:propertyName>code</calypso:propertyName><calypso:propertyValue>MEXICO DF</calypso:propertyValue></calypso:com.calypso.jaxb.xml.BusinessKeyEntry></calypso:calypsoBusinessKey></calypso:identifiers><calypso:excluded>false</calypso:excluded></calypso:dependency><calypso:dependency><calypso:identifiers><calypso:type>com.calypso.tk.refdata.DomainValueAdapter</calypso:type><calypso:separator>#</calypso:separator><calypso:identifier code="rateIndexAttributes#ANACREDIT_RATE_CODE" codifier="convention"></calypso:identifier><calypso:calypsoBusinessKey><calypso:com.calypso.jaxb.xml.BusinessKeyEntry><calypso:propertyName>domainName</calypso:propertyName><calypso:propertyValue>rateIndexAttributes</calypso:propertyValue></calypso:com.calypso.jaxb.xml.BusinessKeyEntry><calypso:com.calypso.jaxb.xml.BusinessKeyEntry><calypso:propertyName>value</calypso:propertyName><calypso:propertyValue>ANACREDIT_RATE_CODE</calypso:propertyValue></calypso:com.calypso.jaxb.xml.BusinessKeyEntry></calypso:calypsoBusinessKey></calypso:identifiers><calypso:excluded>false</calypso:excluded></calypso:dependency><calypso:dependency><calypso:identifiers><calypso:type>com.calypso.tk.core.HolidayAdapter</calypso:type><calypso:identifier code="MEXICO DF" codifier="convention"></calypso:identifier><calypso:calypsoBusinessKey><calypso:com.calypso.jaxb.xml.BusinessKeyEntry><calypso:propertyName>code</calypso:propertyName><calypso:propertyValue>MEXICO DF</calypso:propertyValue></calypso:com.calypso.jaxb.xml.BusinessKeyEntry></calypso:calypsoBusinessKey></calypso:identifiers><calypso:excluded>false</calypso:excluded></calypso:dependency><calypso:dependency><calypso:identifiers><calypso:type>com.calypso.tk.refdata.DomainValueAdapter</calypso:type><calypso:separator>#</calypso:separator><calypso:identifier code="rate_index_type#Interest" codifier="convention"></calypso:identifier><calypso:calypsoBusinessKey><calypso:com.calypso.jaxb.xml.BusinessKeyEntry><calypso:propertyName>domainName</calypso:propertyName><calypso:propertyValue>rate_index_type</calypso:propertyValue></calypso:com.calypso.jaxb.xml.BusinessKeyEntry><calypso:com.calypso.jaxb.xml.BusinessKeyEntry><calypso:propertyName>value</calypso:propertyName><calypso:propertyValue>Interest</calypso:propertyValue></calypso:com.calypso.jaxb.xml.BusinessKeyEntry></calypso:calypsoBusinessKey></calypso:identifiers><calypso:excluded>false</calypso:excluded></calypso:dependency><calypso:dependency><calypso:identifiers><calypso:type>com.calypso.tk.refdata.DomainValueAdapter</calypso:type><calypso:separator>#</calypso:separator><calypso:identifier code="rate_index_source#MEX06" codifier="convention"></calypso:identifier><calypso:calypsoBusinessKey><calypso:com.calypso.jaxb.xml.BusinessKeyEntry><calypso:propertyName>domainName</calypso:propertyName><calypso:propertyValue>rate_index_source</calypso:propertyValue></calypso:com.calypso.jaxb.xml.BusinessKeyEntry><calypso:com.calypso.jaxb.xml.BusinessKeyEntry><calypso:propertyName>value</calypso:propertyName><calypso:propertyValue>MEX06</calypso:propertyValue></calypso:com.calypso.jaxb.xml.BusinessKeyEntry></calypso:calypsoBusinessKey></calypso:identifiers><calypso:excluded>false</calypso:excluded></calypso:dependency></calypso:dependencies></calypso:item><calypso:item><calypso:identifiers><calypso:type>com.calypso.tk.refdata.RateIndexDefaults</calypso:type><calypso:separator>#</calypso:separator><calypso:identifier code="MXN#TPFD" codifier="convention"></calypso:identifier><calypso:calypsoBusinessKey><calypso:com.calypso.jaxb.xml.BusinessKeyEntry><calypso:propertyName>currency</calypso:propertyName><calypso:propertyValue>MXN</calypso:propertyValue></calypso:com.calypso.jaxb.xml.BusinessKeyEntry><calypso:com.calypso.jaxb.xml.BusinessKeyEntry><calypso:propertyName>name</calypso:propertyName><calypso:propertyValue>TPFD</calypso:propertyValue></calypso:com.calypso.jaxb.xml.BusinessKeyEntry></calypso:calypsoBusinessKey></calypso:identifiers><calypso:dependencies><calypso:dependency><calypso:identifiers><calypso:type>com.calypso.tk.refdata.DomainValueAdapter</calypso:type><calypso:separator>#</calypso:separator><calypso:identifier code="currency#MXN" codifier="convention"></calypso:identifier><calypso:calypsoBusinessKey><calypso:com.calypso.jaxb.xml.BusinessKeyEntry><calypso:propertyName>domainName</calypso:propertyName><calypso:propertyValue>currency</calypso:propertyValue></calypso:com.calypso.jaxb.xml.BusinessKeyEntry><calypso:com.calypso.jaxb.xml.BusinessKeyEntry><calypso:propertyName>value</calypso:propertyName><calypso:propertyValue>MXN</calypso:propertyValue></calypso:com.calypso.jaxb.xml.BusinessKeyEntry></calypso:calypsoBusinessKey></calypso:identifiers><calypso:excluded>false</calypso:excluded></calypso:dependency><calypso:dependency><calypso:identifiers><calypso:type>com.calypso.tk.refdata.DomainValueAdapter</calypso:type><calypso:separator>#</calypso:separator><calypso:identifier code="rate_index#TPFD" codifier="convention"></calypso:identifier><calypso:calypsoBusinessKey><calypso:com.calypso.jaxb.xml.BusinessKeyEntry><calypso:propertyName>domainName</calypso:propertyName><calypso:propertyValue>rate_index</calypso:propertyValue></calypso:com.calypso.jaxb.xml.BusinessKeyEntry><calypso:com.calypso.jaxb.xml.BusinessKeyEntry><calypso:propertyName>value</calypso:propertyName><calypso:propertyValue>TPFD</calypso:propertyValue></calypso:com.calypso.jaxb.xml.BusinessKeyEntry></calypso:calypsoBusinessKey></calypso:identifiers><calypso:excluded>false</calypso:excluded></calypso:dependency><calypso:dependency><calypso:identifiers><calypso:type>com.calypso.tk.refdata.DomainValueAdapter</calypso:type><calypso:separator>#</calypso:separator><calypso:identifier code="rate_index_source#MEX06" codifier="convention"></calypso:identifier><calypso:calypsoBusinessKey><calypso:com.calypso.jaxb.xml.BusinessKeyEntry><calypso:propertyName>domainName</calypso:propertyName><calypso:propertyValue>rate_index_source</calypso:propertyValue></calypso:com.calypso.jaxb.xml.BusinessKeyEntry><calypso:com.calypso.jaxb.xml.BusinessKeyEntry><calypso:propertyName>value</calypso:propertyName><calypso:propertyValue>MEX06</calypso:propertyValue></calypso:com.calypso.jaxb.xml.BusinessKeyEntry></calypso:calypsoBusinessKey></calypso:identifiers><calypso:excluded>false</calypso:excluded></calypso:dependency><calypso:dependency><calypso:identifiers><calypso:type>com.calypso.tk.core.HolidayAdapter</calypso:type><calypso:identifier code="MEXICO DF" codifier="convention"></calypso:identifier><calypso:calypsoBusinessKey><calypso:com.calypso.jaxb.xml.BusinessKeyEntry><calypso:propertyName>code</calypso:propertyName><calypso:propertyValue>MEXICO DF</calypso:propertyValue></calypso:com.calypso.jaxb.xml.BusinessKeyEntry></calypso:calypsoBusinessKey></calypso:identifiers><calypso:excluded>false</calypso:excluded></calypso:dependency><calypso:dependency><calypso:identifiers><calypso:type>com.calypso.tk.refdata.DomainValueAdapter</calypso:type><calypso:separator>#</calypso:separator><calypso:identifier code="rateIndexAttributes#ANACREDIT_RATE_CODE" codifier="convention"></calypso:identifier><calypso:calypsoBusinessKey><calypso:com.calypso.jaxb.xml.BusinessKeyEntry><calypso:propertyName>domainName</calypso:propertyName><calypso:propertyValue>rateIndexAttributes</calypso:propertyValue></calypso:com.calypso.jaxb.xml.BusinessKeyEntry><calypso:com.calypso.jaxb.xml.BusinessKeyEntry><calypso:propertyName>value</calypso:propertyName><calypso:propertyValue>ANACREDIT_RATE_CODE</calypso:propertyValue></calypso:com.calypso.jaxb.xml.BusinessKeyEntry></calypso:calypsoBusinessKey></calypso:identifiers><calypso:excluded>false</calypso:excluded></calypso:dependency><calypso:dependency><calypso:identifiers><calypso:type>com.calypso.tk.core.HolidayAdapter</calypso:type><calypso:identifier code="MEXICO DF" codifier="convention"></calypso:identifier><calypso:calypsoBusinessKey><calypso:com.calypso.jaxb.xml.BusinessKeyEntry><calypso:propertyName>code</calypso:propertyName><calypso:propertyValue>MEXICO DF</calypso:propertyValue></calypso:com.calypso.jaxb.xml.BusinessKeyEntry></calypso:calypsoBusinessKey></calypso:identifiers><calypso:excluded>false</calypso:excluded></calypso:dependency><calypso:dependency><calypso:identifiers><calypso:type>com.calypso.tk.refdata.DomainValueAdapter</calypso:type><calypso:separator>#</calypso:separator><calypso:identifier code="rate_index_type#Interest" codifier="convention"></calypso:identifier><calypso:calypsoBusinessKey><calypso:com.calypso.jaxb.xml.BusinessKeyEntry><calypso:propertyName>domainName</calypso:propertyName><calypso:propertyValue>rate_index_type</calypso:propertyValue></calypso:com.calypso.jaxb.xml.BusinessKeyEntry><calypso:com.calypso.jaxb.xml.BusinessKeyEntry><calypso:propertyName>value</calypso:propertyName><calypso:propertyValue>Interest</calypso:propertyValue></calypso:com.calypso.jaxb.xml.BusinessKeyEntry></calypso:calypsoBusinessKey></calypso:identifiers><calypso:excluded>false</calypso:excluded></calypso:dependency><calypso:dependency><calypso:identifiers><calypso:type>com.calypso.tk.refdata.DomainValueAdapter</calypso:type><calypso:separator>#</calypso:separator><calypso:identifier code="rate_index_source#MEX06" codifier="convention"></calypso:identifier><calypso:calypsoBusinessKey><calypso:com.calypso.jaxb.xml.BusinessKeyEntry><calypso:propertyName>domainName</calypso:propertyName><calypso:propertyValue>rate_index_source</calypso:propertyValue></calypso:com.calypso.jaxb.xml.BusinessKeyEntry><calypso:com.calypso.jaxb.xml.BusinessKeyEntry><calypso:propertyName>value</calypso:propertyName><calypso:propertyValue>MEX06</calypso:propertyValue></calypso:com.calypso.jaxb.xml.BusinessKeyEntry></calypso:calypsoBusinessKey></calypso:identifiers><calypso:excluded>false</calypso:excluded></calypso:dependency></calypso:dependencies></calypso:item><calypso:item><calypso:identifiers><calypso:type>com.calypso.tk.refdata.RateIndexDefaults</calypso:type><calypso:separator>#</calypso:separator><calypso:identifier code="MXN#TPFG" codifier="convention"></calypso:identifier><calypso:calypsoBusinessKey><calypso:com.calypso.jaxb.xml.BusinessKeyEntry><calypso:propertyName>currency</calypso:propertyName><calypso:propertyValue>MXN</calypso:propertyValue></calypso:com.calypso.jaxb.xml.BusinessKeyEntry><calypso:com.calypso.jaxb.xml.BusinessKeyEntry><calypso:propertyName>name</calypso:propertyName><calypso:propertyValue>TPFG</calypso:propertyValue></calypso:com.calypso.jaxb.xml.BusinessKeyEntry></calypso:calypsoBusinessKey></calypso:identifiers><calypso:dependencies><calypso:dependency><calypso:identifiers><calypso:type>com.calypso.tk.refdata.DomainValueAdapter</calypso:type><calypso:separator>#</calypso:separator><calypso:identifier code="currency#MXN" codifier="convention"></calypso:identifier><calypso:calypsoBusinessKey><calypso:com.calypso.jaxb.xml.BusinessKeyEntry><calypso:propertyName>domainName</calypso:propertyName><calypso:propertyValue>currency</calypso:propertyValue></calypso:com.calypso.jaxb.xml.BusinessKeyEntry><calypso:com.calypso.jaxb.xml.BusinessKeyEntry><calypso:propertyName>value</calypso:propertyName><calypso:propertyValue>MXN</calypso:propertyValue></calypso:com.calypso.jaxb.xml.BusinessKeyEntry></calypso:calypsoBusinessKey></calypso:identifiers><calypso:excluded>false</calypso:excluded></calypso:dependency><calypso:dependency><calypso:identifiers><calypso:type>com.calypso.tk.refdata.DomainValueAdapter</calypso:type><calypso:separator>#</calypso:separator><calypso:identifier code="rate_index#TPFG" codifier="convention"></calypso:identifier><calypso:calypsoBusinessKey><calypso:com.calypso.jaxb.xml.BusinessKeyEntry><calypso:propertyName>domainName</calypso:propertyName><calypso:propertyValue>rate_index</calypso:propertyValue></calypso:com.calypso.jaxb.xml.BusinessKeyEntry><calypso:com.calypso.jaxb.xml.BusinessKeyEntry><calypso:propertyName>value</calypso:propertyName><calypso:propertyValue>TPFG</calypso:propertyValue></calypso:com.calypso.jaxb.xml.BusinessKeyEntry></calypso:calypsoBusinessKey></calypso:identifiers><calypso:excluded>false</calypso:excluded></calypso:dependency><calypso:dependency><calypso:identifiers><calypso:type>com.calypso.tk.refdata.DomainValueAdapter</calypso:type><calypso:separator>#</calypso:separator><calypso:identifier code="rate_index_source#MEX06" codifier="convention"></calypso:identifier><calypso:calypsoBusinessKey><calypso:com.calypso.jaxb.xml.BusinessKeyEntry><calypso:propertyName>domainName</calypso:propertyName><calypso:propertyValue>rate_index_source</calypso:propertyValue></calypso:com.calypso.jaxb.xml.BusinessKeyEntry><calypso:com.calypso.jaxb.xml.BusinessKeyEntry><calypso:propertyName>value</calypso:propertyName><calypso:propertyValue>MEX06</calypso:propertyValue></calypso:com.calypso.jaxb.xml.BusinessKeyEntry></calypso:calypsoBusinessKey></calypso:identifiers><calypso:excluded>false</calypso:excluded></calypso:dependency><calypso:dependency><calypso:identifiers><calypso:type>com.calypso.tk.core.HolidayAdapter</calypso:type><calypso:identifier code="MEXICO DF" codifier="convention"></calypso:identifier><calypso:calypsoBusinessKey><calypso:com.calypso.jaxb.xml.BusinessKeyEntry><calypso:propertyName>code</calypso:propertyName><calypso:propertyValue>MEXICO DF</calypso:propertyValue></calypso:com.calypso.jaxb.xml.BusinessKeyEntry></calypso:calypsoBusinessKey></calypso:identifiers><calypso:excluded>false</calypso:excluded></calypso:dependency><calypso:dependency><calypso:identifiers><calypso:type>com.calypso.tk.refdata.DomainValueAdapter</calypso:type><calypso:separator>#</calypso:separator><calypso:identifier code="rateIndexAttributes#ANACREDIT_RATE_CODE" codifier="convention"></calypso:identifier><calypso:calypsoBusinessKey><calypso:com.calypso.jaxb.xml.BusinessKeyEntry><calypso:propertyName>domainName</calypso:propertyName><calypso:propertyValue>rateIndexAttributes</calypso:propertyValue></calypso:com.calypso.jaxb.xml.BusinessKeyEntry><calypso:com.calypso.jaxb.xml.BusinessKeyEntry><calypso:propertyName>value</calypso:propertyName><calypso:propertyValue>ANACREDIT_RATE_CODE</calypso:propertyValue></calypso:com.calypso.jaxb.xml.BusinessKeyEntry></calypso:calypsoBusinessKey></calypso:identifiers><calypso:excluded>false</calypso:excluded></calypso:dependency><calypso:dependency><calypso:identifiers><calypso:type>com.calypso.tk.core.HolidayAdapter</calypso:type><calypso:identifier code="MEXICO DF" codifier="convention"></calypso:identifier><calypso:calypsoBusinessKey><calypso:com.calypso.jaxb.xml.BusinessKeyEntry><calypso:propertyName>code</calypso:propertyName><calypso:propertyValue>MEXICO DF</calypso:propertyValue></calypso:com.calypso.jaxb.xml.BusinessKeyEntry></calypso:calypsoBusinessKey></calypso:identifiers><calypso:excluded>false</calypso:excluded></calypso:dependency><calypso:dependency><calypso:identifiers><calypso:type>com.calypso.tk.refdata.DomainValueAdapter</calypso:type><calypso:separator>#</calypso:separator><calypso:identifier code="rate_index_type#Interest" codifier="convention"></calypso:identifier><calypso:calypsoBusinessKey><calypso:com.calypso.jaxb.xml.BusinessKeyEntry><calypso:propertyName>domainName</calypso:propertyName><calypso:propertyValue>rate_index_type</calypso:propertyValue></calypso:com.calypso.jaxb.xml.BusinessKeyEntry><calypso:com.calypso.jaxb.xml.BusinessKeyEntry><calypso:propertyName>value</calypso:propertyName><calypso:propertyValue>Interest</calypso:propertyValue></calypso:com.calypso.jaxb.xml.BusinessKeyEntry></calypso:calypsoBusinessKey></calypso:identifiers><calypso:excluded>false</calypso:excluded></calypso:dependency><calypso:dependency><calypso:identifiers><calypso:type>com.calypso.tk.refdata.DomainValueAdapter</calypso:type><calypso:separator>#</calypso:separator><calypso:identifier code="rate_index_source#MEX06" codifier="convention"></calypso:identifier><calypso:calypsoBusinessKey><calypso:com.calypso.jaxb.xml.BusinessKeyEntry><calypso:propertyName>domainName</calypso:propertyName><calypso:propertyValue>rate_index_source</calypso:propertyValue></calypso:com.calypso.jaxb.xml.BusinessKeyEntry><calypso:com.calypso.jaxb.xml.BusinessKeyEntry><calypso:propertyName>value</calypso:propertyName><calypso:propertyValue>MEX06</calypso:propertyValue></calypso:com.calypso.jaxb.xml.BusinessKeyEntry></calypso:calypsoBusinessKey></calypso:identifiers><calypso:excluded>false</calypso:excluded></calypso:dependency></calypso:dependencies></calypso:item><calypso:item><calypso:identifiers><calypso:type>com.calypso.tk.refdata.RateIndexDefaults</calypso:type><calypso:separator>#</calypso:separator><calypso:identifier code="MXN#UDI" codifier="convention"></calypso:identifier><calypso:calypsoBusinessKey><calypso:com.calypso.jaxb.xml.BusinessKeyEntry><calypso:propertyName>currency</calypso:propertyName><calypso:propertyValue>MXN</calypso:propertyValue></calypso:com.calypso.jaxb.xml.BusinessKeyEntry><calypso:com.calypso.jaxb.xml.BusinessKeyEntry><calypso:propertyName>name</calypso:propertyName><calypso:propertyValue>UDI</calypso:propertyValue></calypso:com.calypso.jaxb.xml.BusinessKeyEntry></calypso:calypsoBusinessKey></calypso:identifiers><calypso:dependencies><calypso:dependency><calypso:identifiers><calypso:type>com.calypso.tk.refdata.DomainValueAdapter</calypso:type><calypso:separator>#</calypso:separator><calypso:identifier code="currency#MXN" codifier="convention"></calypso:identifier><calypso:calypsoBusinessKey><calypso:com.calypso.jaxb.xml.BusinessKeyEntry><calypso:propertyName>domainName</calypso:propertyName><calypso:propertyValue>currency</calypso:propertyValue></calypso:com.calypso.jaxb.xml.BusinessKeyEntry><calypso:com.calypso.jaxb.xml.BusinessKeyEntry><calypso:propertyName>value</calypso:propertyName><calypso:propertyValue>MXN</calypso:propertyValue></calypso:com.calypso.jaxb.xml.BusinessKeyEntry></calypso:calypsoBusinessKey></calypso:identifiers><calypso:excluded>false</calypso:excluded></calypso:dependency><calypso:dependency><calypso:identifiers><calypso:type>com.calypso.tk.refdata.DomainValueAdapter</calypso:type><calypso:separator>#</calypso:separator><calypso:identifier code="rate_index#UDI" codifier="convention"></calypso:identifier><calypso:calypsoBusinessKey><calypso:com.calypso.jaxb.xml.BusinessKeyEntry><calypso:propertyName>domainName</calypso:propertyName><calypso:propertyValue>rate_index</calypso:propertyValue></calypso:com.calypso.jaxb.xml.BusinessKeyEntry><calypso:com.calypso.jaxb.xml.BusinessKeyEntry><calypso:propertyName>value</calypso:propertyName><calypso:propertyValue>UDI</calypso:propertyValue></calypso:com.calypso.jaxb.xml.BusinessKeyEntry></calypso:calypsoBusinessKey></calypso:identifiers><calypso:excluded>false</calypso:excluded></calypso:dependency><calypso:dependency><calypso:identifiers><calypso:type>com.calypso.tk.refdata.DomainValueAdapter</calypso:type><calypso:separator>#</calypso:separator><calypso:identifier code="rate_index_source#MEX06" codifier="convention"></calypso:identifier><calypso:calypsoBusinessKey><calypso:com.calypso.jaxb.xml.BusinessKeyEntry><calypso:propertyName>domainName</calypso:propertyName><calypso:propertyValue>rate_index_source</calypso:propertyValue></calypso:com.calypso.jaxb.xml.BusinessKeyEntry><calypso:com.calypso.jaxb.xml.BusinessKeyEntry><calypso:propertyName>value</calypso:propertyName><calypso:propertyValue>MEX06</calypso:propertyValue></calypso:com.calypso.jaxb.xml.BusinessKeyEntry></calypso:calypsoBusinessKey></calypso:identifiers><calypso:excluded>false</calypso:excluded></calypso:dependency><calypso:dependency><calypso:identifiers><calypso:type>com.calypso.tk.core.HolidayAdapter</calypso:type><calypso:identifier code="MEXICO DF" codifier="convention"></calypso:identifier><calypso:calypsoBusinessKey><calypso:com.calypso.jaxb.xml.BusinessKeyEntry><calypso:propertyName>code</calypso:propertyName><calypso:propertyValue>MEXICO DF</calypso:propertyValue></calypso:com.calypso.jaxb.xml.BusinessKeyEntry></calypso:calypsoBusinessKey></calypso:identifiers><calypso:excluded>false</calypso:excluded></calypso:dependency><calypso:dependency><calypso:identifiers><calypso:type>com.calypso.tk.refdata.DomainValueAdapter</calypso:type><calypso:separator>#</calypso:separator><calypso:identifier code="rateIndexAttributes#ANACREDIT_RATE_CODE" codifier="convention"></calypso:identifier><calypso:calypsoBusinessKey><calypso:com.calypso.jaxb.xml.BusinessKeyEntry><calypso:propertyName>domainName</calypso:propertyName><calypso:propertyValue>rateIndexAttributes</calypso:propertyValue></calypso:com.calypso.jaxb.xml.BusinessKeyEntry><calypso:com.calypso.jaxb.xml.BusinessKeyEntry><calypso:propertyName>value</calypso:propertyName><calypso:propertyValue>ANACREDIT_RATE_CODE</calypso:propertyValue></calypso:com.calypso.jaxb.xml.BusinessKeyEntry></calypso:calypsoBusinessKey></calypso:identifiers><calypso:excluded>false</calypso:excluded></calypso:dependency><calypso:dependency><calypso:identifiers><calypso:type>com.calypso.tk.core.HolidayAdapter</calypso:type><calypso:identifier code="MEXICO DF" codifier="convention"></calypso:identifier><calypso:calypsoBusinessKey><calypso:com.calypso.jaxb.xml.BusinessKeyEntry><calypso:propertyName>code</calypso:propertyName><calypso:propertyValue>MEXICO DF</calypso:propertyValue></calypso:com.calypso.jaxb.xml.BusinessKeyEntry></calypso:calypsoBusinessKey></calypso:identifiers><calypso:excluded>false</calypso:excluded></calypso:dependency><calypso:dependency><calypso:identifiers><calypso:type>com.calypso.tk.refdata.DomainValueAdapter</calypso:type><calypso:separator>#</calypso:separator><calypso:identifier code="rate_index_type#Interest" codifier="convention"></calypso:identifier><calypso:calypsoBusinessKey><calypso:com.calypso.jaxb.xml.BusinessKeyEntry><calypso:propertyName>domainName</calypso:propertyName><calypso:propertyValue>rate_index_type</calypso:propertyValue></calypso:com.calypso.jaxb.xml.BusinessKeyEntry><calypso:com.calypso.jaxb.xml.BusinessKeyEntry><calypso:propertyName>value</calypso:propertyName><calypso:propertyValue>Interest</calypso:propertyValue></calypso:com.calypso.jaxb.xml.BusinessKeyEntry></calypso:calypsoBusinessKey></calypso:identifiers><calypso:excluded>false</calypso:excluded></calypso:dependency><calypso:dependency><calypso:identifiers><calypso:type>com.calypso.tk.refdata.DomainValueAdapter</calypso:type><calypso:separator>#</calypso:separator><calypso:identifier code="rate_index_source#MEX06" codifier="convention"></calypso:identifier><calypso:calypsoBusinessKey><calypso:com.calypso.jaxb.xml.BusinessKeyEntry><calypso:propertyName>domainName</calypso:propertyName><calypso:propertyValue>rate_index_source</calypso:propertyValue></calypso:com.calypso.jaxb.xml.BusinessKeyEntry><calypso:com.calypso.jaxb.xml.BusinessKeyEntry><calypso:propertyName>value</calypso:propertyName><calypso:propertyValue>MEX06</calypso:propertyValue></calypso:com.calypso.jaxb.xml.BusinessKeyEntry></calypso:calypsoBusinessKey></calypso:identifiers><calypso:excluded>false</calypso:excluded></calypso:dependency></calypso:dependencies></calypso:item></calypso:items>