<?xml version="1.0" encoding="iso-8859-1" standalone="yes"?>
<calypso:calypsoDocument xmlns:liquidityrule="http://www.calypso.com/liquidityrule" xmlns:liquiditycriteria="http://www.calypso.com/liquiditycriteria" xmlns:liquidityposition="http://www.calypso.com/liquidityposition" xmlns:matching="http://www.calypso.com/matching" xmlns:scheduler="http://www.calypso.com/scheduler" xmlns:liquidityreporting="http://www.calypso.com/liquidityreporting" xmlns:kpiservice="http://www.calypso.com/kpiservice" xmlns:ns12="http://www.calypso.com/bo-messaging" xmlns:assumption="http://www.calypso.com/assumption" xmlns:hedgeaccounting="http://www.calypso.com/hedgeaccounting" xmlns:swift="http://www.calypso.com/swift" xmlns:bondexoticnote="http://www.calypso.com/bondexoticnote" xmlns:datauploader="http://www.calypso.com/datauploader" xmlns:ftp="http://www.calypso.com/ftp" xmlns:pricingscript="http://www.calypso.com/pricingscript" xmlns:am="http://www.calypso.com/am" xmlns:scriptableOTC="http://www.calypso.com/scriptableOTC" xmlns:pricingsheet="http://www.calypso.com/pricingsheet" xmlns:taskstation="http://www.calypso.com/taskstation" xmlns:liquiditycore="http://www.calypso.com/liquiditycore" xmlns:calypso="http://www.calypso.com/xml" xmlns:accplreconciliation="http://www.calypso.com/accplreconciliation" xmlns:liquidityclassification="http://www.calypso.com/liquidityclassification" xmlns:collateral="http://www.calypso.com/collateral" xmlns:calculationserver="http://www.calypso.com/calculationserver">
    <calypso:calypsoObject xsi:type="calypso:AccountingRule" version="14-0" action="" xmlns:xsi="http://www.w3.org/2001/XMLSchema-instance">
        <calypso:name>Repo_WriteOffNetting_BDSD</calypso:name>
        <calypso:currencyRule>
            <calypso:itemValue>TRADE</calypso:itemValue>
        </calypso:currencyRule>
        <calypso:processingOrg>
            <calypso:type>com.calypso.tk.core.LegalEntityAdapter</calypso:type>
            <calypso:identifier code="BDSD" codifier="convention"/>
        </calypso:processingOrg>
        <calypso:accRuleType>
            <calypso:domainValue>
                <calypso:type>com.calypso.tk.refdata.DomainValueAdapter</calypso:type>
                <calypso:separator>#</calypso:separator>
                <calypso:identifier code="accRuleType#ACC_ENR" codifier="convention"/>
                <calypso:calypsoBusinessKey>
                    <calypso:propertyName>domainName</calypso:propertyName>
                    <calypso:propertyValue>accRuleType</calypso:propertyValue>
                </calypso:calypsoBusinessKey>
                <calypso:calypsoBusinessKey>
                    <calypso:propertyName>value</calypso:propertyName>
                    <calypso:propertyValue>ACC_ENR</calypso:propertyValue>
                </calypso:calypsoBusinessKey>
            </calypso:domainValue>
        </calypso:accRuleType>
        <calypso:isDailyClosing>true</calypso:isDailyClosing>
        <calypso:holidays>
            <calypso:type>com.calypso.tk.core.HolidayAdapter</calypso:type>
            <calypso:identifier code="TARGET" codifier="convention"/>
            <calypso:calypsoBusinessKey>
                <calypso:propertyName>code</calypso:propertyName>
                <calypso:propertyValue>TARGET</calypso:propertyValue>
            </calypso:calypsoBusinessKey>
        </calypso:holidays>
        <calypso:reversalRule>
            <calypso:domainValue>
                <calypso:type>com.calypso.tk.refdata.DomainValueAdapter</calypso:type>
                <calypso:separator>#</calypso:separator>
                <calypso:identifier code="reversalRule#NID" codifier="convention"/>
                <calypso:calypsoBusinessKey>
                    <calypso:propertyName>domainName</calypso:propertyName>
                    <calypso:propertyValue>reversalRule</calypso:propertyValue>
                </calypso:calypsoBusinessKey>
                <calypso:calypsoBusinessKey>
                    <calypso:propertyName>value</calypso:propertyName>
                    <calypso:propertyValue>NID</calypso:propertyValue>
                </calypso:calypsoBusinessKey>
            </calypso:domainValue>
        </calypso:reversalRule>
        <calypso:pricingEnvironment>
            <calypso:type>com.calypso.tk.marketdata.PricingEnv</calypso:type>
            <calypso:identifier code="OFFICIAL_ACCOUNTING" codifier="convention"/>
            <calypso:calypsoBusinessKey>
                <calypso:propertyName>name</calypso:propertyName>
                <calypso:propertyValue>OFFICIAL_ACCOUNTING</calypso:propertyValue>
            </calypso:calypsoBusinessKey>
        </calypso:pricingEnvironment>
        <calypso:firstLast>false</calypso:firstLast>
        <calypso:checkPricingEnvironment>false</calypso:checkPricingEnvironment>
        <calypso:adjustmentDays>0</calypso:adjustmentDays>
        <calypso:accountingRuleAccountConfigs>
            <calypso:eventType>
                <calypso:domainValue>
                    <calypso:type>com.calypso.tk.refdata.DomainValueAdapter</calypso:type>
                    <calypso:separator>#</calypso:separator>
                    <calypso:identifier code="accEventType#CST_UNNET" codifier="convention"/>
                    <calypso:calypsoBusinessKey>
                        <calypso:propertyName>domainName</calypso:propertyName>
                        <calypso:propertyValue>accEventType</calypso:propertyValue>
                    </calypso:calypsoBusinessKey>
                    <calypso:calypsoBusinessKey>
                        <calypso:propertyName>value</calypso:propertyName>
                        <calypso:propertyValue>CST_UNNET</calypso:propertyValue>
                    </calypso:calypsoBusinessKey>
                </calypso:domainValue>
            </calypso:eventType>
            <calypso:sign>+</calypso:sign>
            <calypso:debitAccountType>1</calypso:debitAccountType>
            <calypso:creditAccountType>1</calypso:creditAccountType>
        </calypso:accountingRuleAccountConfigs>
        <calypso:accountingRuleAccountConfigs>
            <calypso:eventType>
                <calypso:domainValue>
                    <calypso:type>com.calypso.tk.refdata.DomainValueAdapter</calypso:type>
                    <calypso:separator>#</calypso:separator>
                    <calypso:identifier code="accEventType#WRITE_OFF" codifier="convention"/>
                    <calypso:calypsoBusinessKey>
                        <calypso:propertyName>domainName</calypso:propertyName>
                        <calypso:propertyValue>accEventType</calypso:propertyValue>
                    </calypso:calypsoBusinessKey>
                    <calypso:calypsoBusinessKey>
                        <calypso:propertyName>value</calypso:propertyName>
                        <calypso:propertyValue>WRITE_OFF</calypso:propertyValue>
                    </calypso:calypsoBusinessKey>
                </calypso:domainValue>
            </calypso:eventType>
            <calypso:sign>+</calypso:sign>
            <calypso:debitAccountType>1</calypso:debitAccountType>
            <calypso:creditAccountType>1</calypso:creditAccountType>
        </calypso:accountingRuleAccountConfigs>
        <calypso:accountingRuleBookLinks>
            <calypso:accountingBook>
                <calypso:type>com.calypso.tk.core.AccountingBook</calypso:type>
                <calypso:identifier code="Disponible para la venta" codifier="convention"/>
                <calypso:calypsoBusinessKey>
                    <calypso:propertyName>name</calypso:propertyName>
                    <calypso:propertyValue>Disponible para la venta</calypso:propertyValue>
                </calypso:calypsoBusinessKey>
            </calypso:accountingBook>
            <calypso:productType>
                <calypso:domainValue>
                    <calypso:type>com.calypso.tk.refdata.DomainValueAdapter</calypso:type>
                    <calypso:separator>#</calypso:separator>
                    <calypso:identifier code="productType#Repo" codifier="convention"/>
                    <calypso:calypsoBusinessKey>
                        <calypso:propertyName>domainName</calypso:propertyName>
                        <calypso:propertyValue>productType</calypso:propertyValue>
                    </calypso:calypsoBusinessKey>
                    <calypso:calypsoBusinessKey>
                        <calypso:propertyName>value</calypso:propertyName>
                        <calypso:propertyValue>Repo</calypso:propertyValue>
                    </calypso:calypsoBusinessKey>
                </calypso:domainValue>
            </calypso:productType>
            <calypso:staticDataFilter>
                <calypso:type>com.calypso.tk.refdata.StaticDataFilter</calypso:type>
                <calypso:identifier code="isWriteOffNetting" codifier="convention"/>
                <calypso:calypsoBusinessKey>
                    <calypso:propertyName>name</calypso:propertyName>
                    <calypso:propertyValue>isWriteOffNetting</calypso:propertyValue>
                </calypso:calypsoBusinessKey>
            </calypso:staticDataFilter>
        </calypso:accountingRuleBookLinks>
        <calypso:accountingRuleBookLinks>
            <calypso:accountingBook>
                <calypso:type>com.calypso.tk.core.AccountingBook</calypso:type>
                <calypso:identifier code="Inversion a vencimiento" codifier="convention"/>
                <calypso:calypsoBusinessKey>
                    <calypso:propertyName>name</calypso:propertyName>
                    <calypso:propertyValue>Inversion a vencimiento</calypso:propertyValue>
                </calypso:calypsoBusinessKey>
            </calypso:accountingBook>
            <calypso:productType>
                <calypso:domainValue>
                    <calypso:type>com.calypso.tk.refdata.DomainValueAdapter</calypso:type>
                    <calypso:separator>#</calypso:separator>
                    <calypso:identifier code="productType#Repo" codifier="convention"/>
                    <calypso:calypsoBusinessKey>
                        <calypso:propertyName>domainName</calypso:propertyName>
                        <calypso:propertyValue>productType</calypso:propertyValue>
                    </calypso:calypsoBusinessKey>
                    <calypso:calypsoBusinessKey>
                        <calypso:propertyName>value</calypso:propertyName>
                        <calypso:propertyValue>Repo</calypso:propertyValue>
                    </calypso:calypsoBusinessKey>
                </calypso:domainValue>
            </calypso:productType>
            <calypso:staticDataFilter>
                <calypso:type>com.calypso.tk.refdata.StaticDataFilter</calypso:type>
                <calypso:identifier code="isWriteOffNetting" codifier="convention"/>
                <calypso:calypsoBusinessKey>
                    <calypso:propertyName>name</calypso:propertyName>
                    <calypso:propertyValue>isWriteOffNetting</calypso:propertyValue>
                </calypso:calypsoBusinessKey>
            </calypso:staticDataFilter>
        </calypso:accountingRuleBookLinks>
        <calypso:accountingRuleBookLinks>
            <calypso:accountingBook>
                <calypso:type>com.calypso.tk.core.AccountingBook</calypso:type>
                <calypso:identifier code="Inversion crediticia" codifier="convention"/>
                <calypso:calypsoBusinessKey>
                    <calypso:propertyName>name</calypso:propertyName>
                    <calypso:propertyValue>Inversion crediticia</calypso:propertyValue>
                </calypso:calypsoBusinessKey>
            </calypso:accountingBook>
            <calypso:productType>
                <calypso:domainValue>
                    <calypso:type>com.calypso.tk.refdata.DomainValueAdapter</calypso:type>
                    <calypso:separator>#</calypso:separator>
                    <calypso:identifier code="productType#Repo" codifier="convention"/>
                    <calypso:calypsoBusinessKey>
                        <calypso:propertyName>domainName</calypso:propertyName>
                        <calypso:propertyValue>productType</calypso:propertyValue>
                    </calypso:calypsoBusinessKey>
                    <calypso:calypsoBusinessKey>
                        <calypso:propertyName>value</calypso:propertyName>
                        <calypso:propertyValue>Repo</calypso:propertyValue>
                    </calypso:calypsoBusinessKey>
                </calypso:domainValue>
            </calypso:productType>
            <calypso:staticDataFilter>
                <calypso:type>com.calypso.tk.refdata.StaticDataFilter</calypso:type>
                <calypso:identifier code="isWriteOffNetting" codifier="convention"/>
                <calypso:calypsoBusinessKey>
                    <calypso:propertyName>name</calypso:propertyName>
                    <calypso:propertyValue>isWriteOffNetting</calypso:propertyValue>
                </calypso:calypsoBusinessKey>
            </calypso:staticDataFilter>
        </calypso:accountingRuleBookLinks>
        <calypso:accountingRuleBookLinks>
            <calypso:accountingBook>
                <calypso:type>com.calypso.tk.core.AccountingBook</calypso:type>
                <calypso:identifier code="Negociacion" codifier="convention"/>
                <calypso:calypsoBusinessKey>
                    <calypso:propertyName>name</calypso:propertyName>
                    <calypso:propertyValue>Negociacion</calypso:propertyValue>
                </calypso:calypsoBusinessKey>
            </calypso:accountingBook>
            <calypso:productType>
                <calypso:domainValue>
                    <calypso:type>com.calypso.tk.refdata.DomainValueAdapter</calypso:type>
                    <calypso:separator>#</calypso:separator>
                    <calypso:identifier code="productType#Repo" codifier="convention"/>
                    <calypso:calypsoBusinessKey>
                        <calypso:propertyName>domainName</calypso:propertyName>
                        <calypso:propertyValue>productType</calypso:propertyValue>
                    </calypso:calypsoBusinessKey>
                    <calypso:calypsoBusinessKey>
                        <calypso:propertyName>value</calypso:propertyName>
                        <calypso:propertyValue>Repo</calypso:propertyValue>
                    </calypso:calypsoBusinessKey>
                </calypso:domainValue>
            </calypso:productType>
            <calypso:staticDataFilter>
                <calypso:type>com.calypso.tk.refdata.StaticDataFilter</calypso:type>
                <calypso:identifier code="isWriteOffNetting" codifier="convention"/>
                <calypso:calypsoBusinessKey>
                    <calypso:propertyName>name</calypso:propertyName>
                    <calypso:propertyValue>isWriteOffNetting</calypso:propertyValue>
                </calypso:calypsoBusinessKey>
            </calypso:staticDataFilter>
        </calypso:accountingRuleBookLinks>
        <calypso:accountingRuleBookLinks>
            <calypso:accountingBook>
                <calypso:type>com.calypso.tk.core.AccountingBook</calypso:type>
                <calypso:identifier code="Otros a valor razonable" codifier="convention"/>
                <calypso:calypsoBusinessKey>
                    <calypso:propertyName>name</calypso:propertyName>
                    <calypso:propertyValue>Otros a valor razonable</calypso:propertyValue>
                </calypso:calypsoBusinessKey>
            </calypso:accountingBook>
            <calypso:productType>
                <calypso:domainValue>
                    <calypso:type>com.calypso.tk.refdata.DomainValueAdapter</calypso:type>
                    <calypso:separator>#</calypso:separator>
                    <calypso:identifier code="productType#Repo" codifier="convention"/>
                    <calypso:calypsoBusinessKey>
                        <calypso:propertyName>domainName</calypso:propertyName>
                        <calypso:propertyValue>productType</calypso:propertyValue>
                    </calypso:calypsoBusinessKey>
                    <calypso:calypsoBusinessKey>
                        <calypso:propertyName>value</calypso:propertyName>
                        <calypso:propertyValue>Repo</calypso:propertyValue>
                    </calypso:calypsoBusinessKey>
                </calypso:domainValue>
            </calypso:productType>
            <calypso:staticDataFilter>
                <calypso:type>com.calypso.tk.refdata.StaticDataFilter</calypso:type>
                <calypso:identifier code="isWriteOffNetting" codifier="convention"/>
                <calypso:calypsoBusinessKey>
                    <calypso:propertyName>name</calypso:propertyName>
                    <calypso:propertyValue>isWriteOffNetting</calypso:propertyValue>
                </calypso:calypsoBusinessKey>
            </calypso:staticDataFilter>
        </calypso:accountingRuleBookLinks>
        <calypso:liquidationConfig>
            <calypso:type>com.calypso.tk.mo.LiquidationConfigAdapter</calypso:type>
            <calypso:identifier code="DEFAULT" codifier="convention"/>
            <calypso:calypsoBusinessKey>
                <calypso:propertyName>name</calypso:propertyName>
                <calypso:propertyValue>DEFAULT</calypso:propertyValue>
            </calypso:calypsoBusinessKey>
        </calypso:liquidationConfig>
    </calypso:calypsoObject>
</calypso:calypsoDocument>
