<?xml version="1.0" encoding="iso-8859-1" standalone="yes"?>
<calypso:calypsoDocument xmlns:liquidityrule="http://www.calypso.com/liquidityrule" xmlns:liquiditycriteria="http://www.calypso.com/liquiditycriteria" xmlns:liquidityposition="http://www.calypso.com/liquidityposition" xmlns:matching="http://www.calypso.com/matching" xmlns:scheduler="http://www.calypso.com/scheduler" xmlns:liquidityreporting="http://www.calypso.com/liquidityreporting" xmlns:kpiservice="http://www.calypso.com/kpiservice" xmlns:ns12="http://www.calypso.com/bo-messaging" xmlns:assumption="http://www.calypso.com/assumption" xmlns:hedgeaccounting="http://www.calypso.com/hedgeaccounting" xmlns:swift="http://www.calypso.com/swift" xmlns:bondexoticnote="http://www.calypso.com/bondexoticnote" xmlns:datauploader="http://www.calypso.com/datauploader" xmlns:ftp="http://www.calypso.com/ftp" xmlns:pricingscript="http://www.calypso.com/pricingscript" xmlns:am="http://www.calypso.com/am" xmlns:scriptableOTC="http://www.calypso.com/scriptableOTC" xmlns:pricingsheet="http://www.calypso.com/pricingsheet" xmlns:taskstation="http://www.calypso.com/taskstation" xmlns:liquiditycore="http://www.calypso.com/liquiditycore" xmlns:calypso="http://www.calypso.com/xml" xmlns:accplreconciliation="http://www.calypso.com/accplreconciliation" xmlns:liquidityclassification="http://www.calypso.com/liquidityclassification" xmlns:collateral="http://www.calypso.com/collateral" xmlns:calculationserver="http://www.calypso.com/calculationserver">
    <calypso:calypsoObject xsi:type="calypso:AdviceConfigAdapter" version="14-0" action="" xmlns:xsi="http://www.w3.org/2001/XMLSchema-instance">
        <calypso:filterSet>MEX_IsNotMexican</calypso:filterSet>
        <calypso:language>English</calypso:language>
        <calypso:poShortName> </calypso:poShortName>
        <calypso:productType>ALL</calypso:productType>
        <calypso:messageType>MC_NOTIFICATION</calypso:messageType>
        <calypso:receiverRole>CounterParty</calypso:receiverRole>
        <calypso:senderContactType>Default</calypso:senderContactType>
        <calypso:receiverContactType>Default</calypso:receiverContactType>
        <calypso:eventType>EMC_SENT_COLLATERAL</calypso:eventType>
        <calypso:receiver> </calypso:receiver>
        <calypso:addressMethod>ACADIA</calypso:addressMethod>
        <calypso:inactive>false</calypso:inactive>
        <calypso:adviceConfig version="14-0">
            <calypso:eventType>
                <calypso:domainValue>
                    <calypso:type>com.calypso.tk.refdata.DomainValueAdapter</calypso:type>
                    <calypso:separator>#</calypso:separator>
                    <calypso:identifier code="eventType#EMC_SENT_COLLATERAL" codifier="convention"/>
                    <calypso:calypsoBusinessKey>
                        <calypso:propertyName>domainName</calypso:propertyName>
                        <calypso:propertyValue>eventType</calypso:propertyValue>
                    </calypso:calypsoBusinessKey>
                    <calypso:calypsoBusinessKey>
                        <calypso:propertyName>value</calypso:propertyName>
                        <calypso:propertyValue>EMC_SENT_COLLATERAL</calypso:propertyValue>
                    </calypso:calypsoBusinessKey>
                </calypso:domainValue>
            </calypso:eventType>
            <calypso:productType>
                <calypso:itemValue>ALL</calypso:itemValue>
            </calypso:productType>
            <calypso:messageType>
                <calypso:domainValue>
                    <calypso:type>com.calypso.tk.refdata.DomainValueAdapter</calypso:type>
                    <calypso:separator>#</calypso:separator>
                    <calypso:identifier code="messageType#MC_NOTIFICATION" codifier="convention"/>
                    <calypso:calypsoBusinessKey>
                        <calypso:propertyName>domainName</calypso:propertyName>
                        <calypso:propertyValue>messageType</calypso:propertyValue>
                    </calypso:calypsoBusinessKey>
                    <calypso:calypsoBusinessKey>
                        <calypso:propertyName>value</calypso:propertyName>
                        <calypso:propertyValue>MC_NOTIFICATION</calypso:propertyValue>
                    </calypso:calypsoBusinessKey>
                </calypso:domainValue>
            </calypso:messageType>
            <calypso:senderContactType>
                <calypso:domainValue>
                    <calypso:type>com.calypso.tk.refdata.DomainValueAdapter</calypso:type>
                    <calypso:separator>#</calypso:separator>
                    <calypso:identifier code="contactType#Default" codifier="convention"/>
                    <calypso:calypsoBusinessKey>
                        <calypso:propertyName>domainName</calypso:propertyName>
                        <calypso:propertyValue>contactType</calypso:propertyValue>
                    </calypso:calypsoBusinessKey>
                    <calypso:calypsoBusinessKey>
                        <calypso:propertyName>value</calypso:propertyName>
                        <calypso:propertyValue>Default</calypso:propertyValue>
                    </calypso:calypsoBusinessKey>
                </calypso:domainValue>
            </calypso:senderContactType>
            <calypso:receiverRole>
                <calypso:domainValue>
                    <calypso:type>com.calypso.tk.refdata.DomainValueAdapter</calypso:type>
                    <calypso:separator>#</calypso:separator>
                    <calypso:identifier code="role#CounterParty" codifier="convention"/>
                    <calypso:calypsoBusinessKey>
                        <calypso:propertyName>domainName</calypso:propertyName>
                        <calypso:propertyValue>role</calypso:propertyValue>
                    </calypso:calypsoBusinessKey>
                    <calypso:calypsoBusinessKey>
                        <calypso:propertyName>value</calypso:propertyName>
                        <calypso:propertyValue>CounterParty</calypso:propertyValue>
                    </calypso:calypsoBusinessKey>
                </calypso:domainValue>
            </calypso:receiverRole>
            <calypso:receiverContactType>
                <calypso:domainValue>
                    <calypso:type>com.calypso.tk.refdata.DomainValueAdapter</calypso:type>
                    <calypso:separator>#</calypso:separator>
                    <calypso:identifier code="contactType#Default" codifier="convention"/>
                    <calypso:calypsoBusinessKey>
                        <calypso:propertyName>domainName</calypso:propertyName>
                        <calypso:propertyValue>contactType</calypso:propertyValue>
                    </calypso:calypsoBusinessKey>
                    <calypso:calypsoBusinessKey>
                        <calypso:propertyName>value</calypso:propertyName>
                        <calypso:propertyValue>Default</calypso:propertyValue>
                    </calypso:calypsoBusinessKey>
                </calypso:domainValue>
            </calypso:receiverContactType>
            <calypso:addressMethod>
                <calypso:domainValue>
                    <calypso:type>com.calypso.tk.refdata.DomainValueAdapter</calypso:type>
                    <calypso:separator>#</calypso:separator>
                    <calypso:identifier code="addressMethod#ACADIA" codifier="convention"/>
                    <calypso:calypsoBusinessKey>
                        <calypso:propertyName>domainName</calypso:propertyName>
                        <calypso:propertyValue>addressMethod</calypso:propertyValue>
                    </calypso:calypsoBusinessKey>
                    <calypso:calypsoBusinessKey>
                        <calypso:propertyName>value</calypso:propertyName>
                        <calypso:propertyValue>ACADIA</calypso:propertyValue>
                    </calypso:calypsoBusinessKey>
                </calypso:domainValue>
            </calypso:addressMethod>
            <calypso:language>English</calypso:language>
            <calypso:gateway>
                <calypso:domainValue>
                    <calypso:type>com.calypso.tk.refdata.DomainValueAdapter</calypso:type>
                    <calypso:separator>#</calypso:separator>
                    <calypso:identifier code="gateway#ACADIA" codifier="convention"/>
                    <calypso:calypsoBusinessKey>
                        <calypso:propertyName>domainName</calypso:propertyName>
                        <calypso:propertyValue>gateway</calypso:propertyValue>
                    </calypso:calypsoBusinessKey>
                    <calypso:calypsoBusinessKey>
                        <calypso:propertyName>value</calypso:propertyName>
                        <calypso:propertyValue>ACADIA</calypso:propertyValue>
                    </calypso:calypsoBusinessKey>
                </calypso:domainValue>
            </calypso:gateway>
            <calypso:specificRuleRequired>false</calypso:specificRuleRequired>
            <calypso:templateName>
                <calypso:domainValue>
                    <calypso:type>com.calypso.tk.refdata.DomainValueAdapter</calypso:type>
                    <calypso:separator>#</calypso:separator>
                    <calypso:identifier code="ACADIA.Templates#CreateExpectedMarginCall" codifier="convention"/>
                    <calypso:calypsoBusinessKey>
                        <calypso:propertyName>domainName</calypso:propertyName>
                        <calypso:propertyValue>ACADIA.Templates</calypso:propertyValue>
                    </calypso:calypsoBusinessKey>
                    <calypso:calypsoBusinessKey>
                        <calypso:propertyName>value</calypso:propertyName>
                        <calypso:propertyValue>CreateExpectedMarginCall</calypso:propertyValue>
                    </calypso:calypsoBusinessKey>
                </calypso:domainValue>
            </calypso:templateName>
            <calypso:matching>false</calypso:matching>
            <calypso:formatType>
                <calypso:domainValue>
                    <calypso:type>com.calypso.tk.refdata.DomainValueAdapter</calypso:type>
                    <calypso:separator>#</calypso:separator>
                    <calypso:identifier code="formatType#ACADIA" codifier="convention"/>
                    <calypso:calypsoBusinessKey>
                        <calypso:propertyName>domainName</calypso:propertyName>
                        <calypso:propertyValue>formatType</calypso:propertyValue>
                    </calypso:calypsoBusinessKey>
                    <calypso:calypsoBusinessKey>
                        <calypso:propertyName>value</calypso:propertyName>
                        <calypso:propertyValue>ACADIA</calypso:propertyValue>
                    </calypso:calypsoBusinessKey>
                </calypso:domainValue>
            </calypso:formatType>
            <calypso:filterSet>
                <calypso:type>com.calypso.tk.refdata.StaticDataFilter</calypso:type>
                <calypso:identifier code="MEX_IsNotMexican" codifier="convention"/>
                <calypso:calypsoBusinessKey>
                    <calypso:propertyName>name</calypso:propertyName>
                    <calypso:propertyValue>MEX_IsNotMexican</calypso:propertyValue>
                </calypso:calypsoBusinessKey>
            </calypso:filterSet>
            <calypso:inactive>false</calypso:inactive>
        </calypso:adviceConfig>
    </calypso:calypsoObject>
</calypso:calypsoDocument>
