<?xml version="1.0" encoding="iso-8859-1" standalone="yes"?>
<calypso:calypsoDocument xmlns:liquidityrule="http://www.calypso.com/liquidityrule" xmlns:liquiditycriteria="http://www.calypso.com/liquiditycriteria" xmlns:liquidityposition="http://www.calypso.com/liquidityposition" xmlns:matching="http://www.calypso.com/matching" xmlns:scheduler="http://www.calypso.com/scheduler" xmlns:liquidityreporting="http://www.calypso.com/liquidityreporting" xmlns:kpiservice="http://www.calypso.com/kpiservice" xmlns:ns12="http://www.calypso.com/bo-messaging" xmlns:assumption="http://www.calypso.com/assumption" xmlns:hedgeaccounting="http://www.calypso.com/hedgeaccounting" xmlns:swift="http://www.calypso.com/swift" xmlns:bondexoticnote="http://www.calypso.com/bondexoticnote" xmlns:datauploader="http://www.calypso.com/datauploader" xmlns:ftp="http://www.calypso.com/ftp" xmlns:pricingscript="http://www.calypso.com/pricingscript" xmlns:am="http://www.calypso.com/am" xmlns:scriptableOTC="http://www.calypso.com/scriptableOTC" xmlns:pricingsheet="http://www.calypso.com/pricingsheet" xmlns:taskstation="http://www.calypso.com/taskstation" xmlns:liquiditycore="http://www.calypso.com/liquiditycore" xmlns:calypso="http://www.calypso.com/xml" xmlns:accplreconciliation="http://www.calypso.com/accplreconciliation" xmlns:liquidityclassification="http://www.calypso.com/liquidityclassification" xmlns:collateral="http://www.calypso.com/collateral" xmlns:calculationserver="http://www.calypso.com/calculationserver">
    <calypso:calypsoObject xsi:type="calypso:TradeReportTemplate" version="14-0" action="" xmlns:xsi="http://www.w3.org/2001/XMLSchema-instance">
        <calypso:reportTypeDomainValue>
            <calypso:domainValue>
                <calypso:type>com.calypso.tk.refdata.DomainValueAdapter</calypso:type>
                <calypso:separator>#</calypso:separator>
                <calypso:identifier code="REPORT.Types#EquityConciliationTrade" codifier="convention"/>
                <calypso:calypsoBusinessKey>
                    <calypso:propertyName>domainName</calypso:propertyName>
                    <calypso:propertyValue>REPORT.Types</calypso:propertyValue>
                </calypso:calypsoBusinessKey>
                <calypso:calypsoBusinessKey>
                    <calypso:propertyName>value</calypso:propertyName>
                    <calypso:propertyValue>EquityConciliationTrade</calypso:propertyValue>
                </calypso:calypsoBusinessKey>
            </calypso:domainValue>
        </calypso:reportTypeDomainValue>
        <calypso:reportType>EquityConciliationTrade</calypso:reportType>
        <calypso:name>EquityConciliationTradeCO2Template</calypso:name>
        <calypso:hidden>false</calypso:hidden>
        <calypso:private>false</calypso:private>
        <calypso:user>n522265</calypso:user>
        <calypso:reportAttributes>
            <calypso:attribute>
                <calypso:attributeName>AggregatedFlag</calypso:attributeName>
                <calypso:attributeValue>false</calypso:attributeValue>
                <calypso:attributeClass>Boolean</calypso:attributeClass>
            </calypso:attribute>
            <calypso:attribute>
                <calypso:attributeName>BuyFlag</calypso:attributeName>
                <calypso:attributeValue>true</calypso:attributeValue>
                <calypso:attributeClass>Boolean</calypso:attributeClass>
            </calypso:attribute>
            <calypso:attribute>
                <calypso:attributeName>ColumnFormats_Trade Date</calypso:attributeName>
                <calypso:attributeValue>DATE,DDMMYYYY,None,/</calypso:attributeValue>
                <calypso:attributeClass>String</calypso:attributeClass>
            </calypso:attribute>
            <calypso:attribute>
                <calypso:attributeName>ColumnNames_ADD SPREAD</calypso:attributeName>
                <calypso:attributeValue>ADD SPREAD</calypso:attributeValue>
                <calypso:attributeClass>String</calypso:attributeClass>
            </calypso:attribute>
            <calypso:attribute>
                <calypso:attributeName>ColumnNames_Book</calypso:attributeName>
                <calypso:attributeValue>FOLDER</calypso:attributeValue>
                <calypso:attributeClass>String</calypso:attributeClass>
            </calypso:attribute>
            <calypso:attribute>
                <calypso:attributeName>ColumnNames_Buy/Sell</calypso:attributeName>
                <calypso:attributeValue>DIRECTION</calypso:attributeValue>
                <calypso:attributeClass>String</calypso:attributeClass>
            </calypso:attribute>
            <calypso:attribute>
                <calypso:attributeName>ColumnNames_CounterParty</calypso:attributeName>
                <calypso:attributeValue>CONTRAPARTIDA</calypso:attributeValue>
                <calypso:attributeClass>String</calypso:attributeClass>
            </calypso:attribute>
            <calypso:attribute>
                <calypso:attributeName>ColumnNames_EFECTIVO</calypso:attributeName>
                <calypso:attributeValue>EFECTIVO</calypso:attributeValue>
                <calypso:attributeClass>String</calypso:attributeClass>
            </calypso:attribute>
            <calypso:attribute>
                <calypso:attributeName>ColumnNames_EFECTIVO_REAL</calypso:attributeName>
                <calypso:attributeValue>EFECTIVO_REAL</calypso:attributeValue>
                <calypso:attributeClass>String</calypso:attributeClass>
            </calypso:attribute>
            <calypso:attribute>
                <calypso:attributeName>ColumnNames_FECHA VTO</calypso:attributeName>
                <calypso:attributeValue>FECHA VTO</calypso:attributeValue>
                <calypso:attributeClass>String</calypso:attributeClass>
            </calypso:attribute>
            <calypso:attribute>
                <calypso:attributeName>ColumnNames_FHCONCILIA</calypso:attributeName>
                <calypso:attributeValue>FHCONCILIA</calypso:attributeValue>
                <calypso:attributeClass>String</calypso:attributeClass>
            </calypso:attribute>
            <calypso:attribute>
                <calypso:attributeName>ColumnNames_IDOPER</calypso:attributeName>
                <calypso:attributeValue>IDOPER</calypso:attributeValue>
                <calypso:attributeClass>String</calypso:attributeClass>
            </calypso:attribute>
            <calypso:attribute>
                <calypso:attributeName>ColumnNames_INDICE</calypso:attributeName>
                <calypso:attributeValue>INDICE</calypso:attributeValue>
                <calypso:attributeClass>String</calypso:attributeClass>
            </calypso:attribute>
            <calypso:attribute>
                <calypso:attributeName>ColumnNames_INTERNA</calypso:attributeName>
                <calypso:attributeValue>INTERNA</calypso:attributeValue>
                <calypso:attributeClass>String</calypso:attributeClass>
            </calypso:attribute>
            <calypso:attribute>
                <calypso:attributeName>ColumnNames_MULTI SPREAD</calypso:attributeName>
                <calypso:attributeValue>MULTI SPREAD</calypso:attributeValue>
                <calypso:attributeClass>String</calypso:attributeClass>
            </calypso:attribute>
            <calypso:attribute>
                <calypso:attributeName>ColumnNames_Mirror Book</calypso:attributeName>
                <calypso:attributeValue>MIRRORFOLDER</calypso:attributeValue>
                <calypso:attributeClass>String</calypso:attributeClass>
            </calypso:attribute>
            <calypso:attribute>
                <calypso:attributeName>ColumnNames_PRECIO</calypso:attributeName>
                <calypso:attributeValue>PRECIO</calypso:attributeValue>
                <calypso:attributeClass>String</calypso:attributeClass>
            </calypso:attribute>
            <calypso:attribute>
                <calypso:attributeName>ColumnNames_PRODUCT_CODE.ISIN</calypso:attributeName>
                <calypso:attributeValue>ISIN</calypso:attributeValue>
                <calypso:attributeClass>String</calypso:attributeClass>
            </calypso:attribute>
            <calypso:attribute>
                <calypso:attributeName>ColumnNames_PRODUCT_CODE.MX_COMMO_CONTRACT</calypso:attributeName>
                <calypso:attributeValue>MX_COMMO_CONTRACT</calypso:attributeValue>
                <calypso:attributeClass>String</calypso:attributeClass>
            </calypso:attribute>
            <calypso:attribute>
                <calypso:attributeName>ColumnNames_Processing Org.Short Name</calypso:attributeName>
                <calypso:attributeValue>BRANCH</calypso:attributeValue>
                <calypso:attributeClass>String</calypso:attributeClass>
            </calypso:attribute>
            <calypso:attribute>
                <calypso:attributeName>ColumnNames_Product Currency</calypso:attributeName>
                <calypso:attributeValue>ISINCURR</calypso:attributeValue>
                <calypso:attributeClass>String</calypso:attributeClass>
            </calypso:attribute>
            <calypso:attribute>
                <calypso:attributeName>ColumnNames_Product Description</calypso:attributeName>
                <calypso:attributeValue>ISIN DESC</calypso:attributeValue>
                <calypso:attributeClass>String</calypso:attributeClass>
            </calypso:attribute>
            <calypso:attribute>
                <calypso:attributeName>ColumnNames_ROOTCONTRACT</calypso:attributeName>
                <calypso:attributeValue>ROOTCONTRACT</calypso:attributeValue>
                <calypso:attributeClass>String</calypso:attributeClass>
            </calypso:attribute>
            <calypso:attribute>
                <calypso:attributeName>ColumnNames_SOURCESYSTEM</calypso:attributeName>
                <calypso:attributeValue>SOURCESYSTEM</calypso:attributeValue>
                <calypso:attributeClass>String</calypso:attributeClass>
            </calypso:attribute>
            <calypso:attribute>
                <calypso:attributeName>ColumnNames_Settle Cur.</calypso:attributeName>
                <calypso:attributeValue>STLCURR</calypso:attributeValue>
                <calypso:attributeClass>String</calypso:attributeClass>
            </calypso:attribute>
            <calypso:attribute>
                <calypso:attributeName>ColumnNames_TITULOS</calypso:attributeName>
                <calypso:attributeValue>TITULOS</calypso:attributeValue>
                <calypso:attributeClass>String</calypso:attributeClass>
            </calypso:attribute>
            <calypso:attribute>
                <calypso:attributeName>ColumnNames_TRADE_KEYWORD.MX_Delivery_Type</calypso:attributeName>
                <calypso:attributeValue>MUREX_DELIVERY_TYPE</calypso:attributeValue>
                <calypso:attributeClass>String</calypso:attributeClass>
            </calypso:attribute>
            <calypso:attribute>
                <calypso:attributeName>ColumnNames_TRADE_KEYWORD.MxLastEvent</calypso:attributeName>
                <calypso:attributeValue>MUREX_LAST_EVENT</calypso:attributeValue>
                <calypso:attributeClass>String</calypso:attributeClass>
            </calypso:attribute>
            <calypso:attribute>
                <calypso:attributeName>ColumnNames_TRADE_KEYWORD.MxUnwindEventDate</calypso:attributeName>
                <calypso:attributeValue>MUREX_UNWIND_DATE</calypso:attributeValue>
                <calypso:attributeClass>String</calypso:attributeClass>
            </calypso:attribute>
            <calypso:attribute>
                <calypso:attributeName>ColumnNames_TRADE_KEYWORD.MxUnwoundRatio</calypso:attributeName>
                <calypso:attributeValue>MUREX_UNWOUND_RATIO</calypso:attributeValue>
                <calypso:attributeClass>String</calypso:attributeClass>
            </calypso:attribute>
            <calypso:attribute>
                <calypso:attributeName>ColumnNames_TRADE_KEYWORD.Mx_Product_SubType</calypso:attributeName>
                <calypso:attributeValue>MUREX_SUBTYPE</calypso:attributeValue>
                <calypso:attributeClass>String</calypso:attributeClass>
            </calypso:attribute>
            <calypso:attribute>
                <calypso:attributeName>ColumnNames_TRADE_KEYWORD.Mx_Product_Type</calypso:attributeName>
                <calypso:attributeValue>MUREX_PRODUCT</calypso:attributeValue>
                <calypso:attributeClass>String</calypso:attributeClass>
            </calypso:attribute>
            <calypso:attribute>
                <calypso:attributeName>ColumnNames_Trade Date</calypso:attributeName>
                <calypso:attributeValue>FHCONTRATACION</calypso:attributeValue>
                <calypso:attributeClass>String</calypso:attributeClass>
            </calypso:attribute>
            <calypso:attribute>
                <calypso:attributeName>ColumnNames_Trade Id</calypso:attributeName>
                <calypso:attributeValue>IDCALYPSO</calypso:attributeValue>
                <calypso:attributeClass>String</calypso:attributeClass>
            </calypso:attribute>
            <calypso:attribute>
                <calypso:attributeName>ColumnNames_Trade Settle Date</calypso:attributeName>
                <calypso:attributeValue>FHVALOR</calypso:attributeValue>
                <calypso:attributeClass>String</calypso:attributeClass>
            </calypso:attribute>
            <calypso:attribute>
                <calypso:attributeName>ColumnNames_TradeStatus</calypso:attributeName>
                <calypso:attributeValue>STATUS</calypso:attributeValue>
                <calypso:attributeClass>String</calypso:attributeClass>
            </calypso:attribute>
            <calypso:attribute>
                <calypso:attributeName>ColumnNames_UNIDAD MEDIDA</calypso:attributeName>
                <calypso:attributeValue>UNIDAD MEDIDA</calypso:attributeValue>
                <calypso:attributeClass>String</calypso:attributeClass>
            </calypso:attribute>
            <calypso:attribute>
                <calypso:attributeName>Columns0</calypso:attributeName>
                <calypso:attributeValue>FHCONCILIA</calypso:attributeValue>
                <calypso:attributeClass>String</calypso:attributeClass>
            </calypso:attribute>
            <calypso:attribute>
                <calypso:attributeName>Columns1</calypso:attributeName>
                <calypso:attributeValue>Processing Org.Short Name</calypso:attributeValue>
                <calypso:attributeClass>String</calypso:attributeClass>
            </calypso:attribute>
            <calypso:attribute>
                <calypso:attributeName>Columns10</calypso:attributeName>
                <calypso:attributeValue>CounterParty</calypso:attributeValue>
                <calypso:attributeClass>String</calypso:attributeClass>
            </calypso:attribute>
            <calypso:attribute>
                <calypso:attributeName>Columns11</calypso:attributeName>
                <calypso:attributeValue>Mirror Book</calypso:attributeValue>
                <calypso:attributeClass>String</calypso:attributeClass>
            </calypso:attribute>
            <calypso:attribute>
                <calypso:attributeName>Columns12</calypso:attributeName>
                <calypso:attributeValue>Buy/Sell</calypso:attributeValue>
                <calypso:attributeClass>String</calypso:attributeClass>
            </calypso:attribute>
            <calypso:attribute>
                <calypso:attributeName>Columns13</calypso:attributeName>
                <calypso:attributeValue>INTERNA</calypso:attributeValue>
                <calypso:attributeClass>String</calypso:attributeClass>
            </calypso:attribute>
            <calypso:attribute>
                <calypso:attributeName>Columns14</calypso:attributeName>
                <calypso:attributeValue>TITULOS</calypso:attributeValue>
                <calypso:attributeClass>String</calypso:attributeClass>
            </calypso:attribute>
            <calypso:attribute>
                <calypso:attributeName>Columns15</calypso:attributeName>
                <calypso:attributeValue>PRODUCT_CODE.ISIN</calypso:attributeValue>
                <calypso:attributeClass>String</calypso:attributeClass>
            </calypso:attribute>
            <calypso:attribute>
                <calypso:attributeName>Columns16</calypso:attributeName>
                <calypso:attributeValue>PRODUCT_CODE.MX_COMMO_CONTRACT</calypso:attributeValue>
                <calypso:attributeClass>String</calypso:attributeClass>
            </calypso:attribute>
            <calypso:attribute>
                <calypso:attributeName>Columns17</calypso:attributeName>
                <calypso:attributeValue>Product Description</calypso:attributeValue>
                <calypso:attributeClass>String</calypso:attributeClass>
            </calypso:attribute>
            <calypso:attribute>
                <calypso:attributeName>Columns18</calypso:attributeName>
                <calypso:attributeValue>Settle Cur.</calypso:attributeValue>
                <calypso:attributeClass>String</calypso:attributeClass>
            </calypso:attribute>
            <calypso:attribute>
                <calypso:attributeName>Columns19</calypso:attributeName>
                <calypso:attributeValue>EFECTIVO</calypso:attributeValue>
                <calypso:attributeClass>String</calypso:attributeClass>
            </calypso:attribute>
            <calypso:attribute>
                <calypso:attributeName>Columns2</calypso:attributeName>
                <calypso:attributeValue>Trade Id</calypso:attributeValue>
                <calypso:attributeClass>String</calypso:attributeClass>
            </calypso:attribute>
            <calypso:attribute>
                <calypso:attributeName>Columns20</calypso:attributeName>
                <calypso:attributeValue>EFECTIVO_REAL</calypso:attributeValue>
                <calypso:attributeClass>String</calypso:attributeClass>
            </calypso:attribute>
            <calypso:attribute>
                <calypso:attributeName>Columns21</calypso:attributeName>
                <calypso:attributeValue>PRECIO</calypso:attributeValue>
                <calypso:attributeClass>String</calypso:attributeClass>
            </calypso:attribute>
            <calypso:attribute>
                <calypso:attributeName>Columns22</calypso:attributeName>
                <calypso:attributeValue>Product Currency</calypso:attributeValue>
                <calypso:attributeClass>String</calypso:attributeClass>
            </calypso:attribute>
            <calypso:attribute>
                <calypso:attributeName>Columns23</calypso:attributeName>
                <calypso:attributeValue>TRADE_KEYWORD.Mx_Product_Type</calypso:attributeValue>
                <calypso:attributeClass>String</calypso:attributeClass>
            </calypso:attribute>
            <calypso:attribute>
                <calypso:attributeName>Columns24</calypso:attributeName>
                <calypso:attributeValue>TRADE_KEYWORD.Mx_Product_SubType</calypso:attributeValue>
                <calypso:attributeClass>String</calypso:attributeClass>
            </calypso:attribute>
            <calypso:attribute>
                <calypso:attributeName>Columns25</calypso:attributeName>
                <calypso:attributeValue>TRADE_KEYWORD.MX_Delivery_Type</calypso:attributeValue>
                <calypso:attributeClass>String</calypso:attributeClass>
            </calypso:attribute>
            <calypso:attribute>
                <calypso:attributeName>Columns26</calypso:attributeName>
                <calypso:attributeValue>FECHA VTO</calypso:attributeValue>
                <calypso:attributeClass>String</calypso:attributeClass>
            </calypso:attribute>
            <calypso:attribute>
                <calypso:attributeName>Columns27</calypso:attributeName>
                <calypso:attributeValue>INDICE</calypso:attributeValue>
                <calypso:attributeClass>String</calypso:attributeClass>
            </calypso:attribute>
            <calypso:attribute>
                <calypso:attributeName>Columns28</calypso:attributeName>
                <calypso:attributeValue>UNIDAD MEDIDA</calypso:attributeValue>
                <calypso:attributeClass>String</calypso:attributeClass>
            </calypso:attribute>
            <calypso:attribute>
                <calypso:attributeName>Columns29</calypso:attributeName>
                <calypso:attributeValue>ADD SPREAD</calypso:attributeValue>
                <calypso:attributeClass>String</calypso:attributeClass>
            </calypso:attribute>
            <calypso:attribute>
                <calypso:attributeName>Columns3</calypso:attributeName>
                <calypso:attributeValue>IDOPER</calypso:attributeValue>
                <calypso:attributeClass>String</calypso:attributeClass>
            </calypso:attribute>
            <calypso:attribute>
                <calypso:attributeName>Columns30</calypso:attributeName>
                <calypso:attributeValue>MULTI SPREAD</calypso:attributeValue>
                <calypso:attributeClass>String</calypso:attributeClass>
            </calypso:attribute>
            <calypso:attribute>
                <calypso:attributeName>Columns31</calypso:attributeName>
                <calypso:attributeValue>TRADE_KEYWORD.MxLastEvent</calypso:attributeValue>
                <calypso:attributeClass>String</calypso:attributeClass>
            </calypso:attribute>
            <calypso:attribute>
                <calypso:attributeName>Columns32</calypso:attributeName>
                <calypso:attributeValue>TRADE_KEYWORD.MxUnwindEventDate</calypso:attributeValue>
                <calypso:attributeClass>String</calypso:attributeClass>
            </calypso:attribute>
            <calypso:attribute>
                <calypso:attributeName>Columns33</calypso:attributeName>
                <calypso:attributeValue>TRADE_KEYWORD.MxUnwoundRatio</calypso:attributeValue>
                <calypso:attributeClass>String</calypso:attributeClass>
            </calypso:attribute>
            <calypso:attribute>
                <calypso:attributeName>Columns4</calypso:attributeName>
                <calypso:attributeValue>ROOTCONTRACT</calypso:attributeValue>
                <calypso:attributeClass>String</calypso:attributeClass>
            </calypso:attribute>
            <calypso:attribute>
                <calypso:attributeName>Columns5</calypso:attributeName>
                <calypso:attributeValue>TradeStatus</calypso:attributeValue>
                <calypso:attributeClass>String</calypso:attributeClass>
            </calypso:attribute>
            <calypso:attribute>
                <calypso:attributeName>Columns6</calypso:attributeName>
                <calypso:attributeValue>SOURCESYSTEM</calypso:attributeValue>
                <calypso:attributeClass>String</calypso:attributeClass>
            </calypso:attribute>
            <calypso:attribute>
                <calypso:attributeName>Columns7</calypso:attributeName>
                <calypso:attributeValue>Book</calypso:attributeValue>
                <calypso:attributeClass>String</calypso:attributeClass>
            </calypso:attribute>
            <calypso:attribute>
                <calypso:attributeName>Columns8</calypso:attributeName>
                <calypso:attributeValue>Trade Date</calypso:attributeValue>
                <calypso:attributeClass>String</calypso:attributeClass>
            </calypso:attribute>
            <calypso:attribute>
                <calypso:attributeName>Columns9</calypso:attributeName>
                <calypso:attributeValue>Trade Settle Date</calypso:attributeValue>
                <calypso:attributeClass>String</calypso:attributeClass>
            </calypso:attribute>
            <calypso:attribute>
                <calypso:attributeName>Columns_COUNT</calypso:attributeName>
                <calypso:attributeValue>34</calypso:attributeValue>
                <calypso:attributeClass>Integer</calypso:attributeClass>
            </calypso:attribute>
            <calypso:attribute>
                <calypso:attributeName>ExcludeUnderlyingProducts</calypso:attributeName>
                <calypso:attributeValue>false</calypso:attributeValue>
                <calypso:attributeClass>String</calypso:attributeClass>
            </calypso:attribute>
            <calypso:attribute>
                <calypso:attributeName>IncludeArchive</calypso:attributeName>
                <calypso:attributeValue>false</calypso:attributeValue>
                <calypso:attributeClass>Boolean</calypso:attributeClass>
            </calypso:attribute>
            <calypso:attribute>
                <calypso:attributeName>KeywordConditions</calypso:attributeName>
                <calypso:attributeValue>&lt;com.calypso.ui.component.condition.ConditionTree&gt;
  &lt;boolean&gt;true&lt;/boolean&gt;
  &lt;map&gt;
    &lt;entry&gt;
      &lt;string&gt;_root&lt;/string&gt;
      &lt;com.calypso.ui.component.condition.ConditionTreeNode&gt;
        &lt;boolean&gt;true&lt;/boolean&gt;
        &lt;map&gt;
          &lt;entry&gt;
            &lt;string&gt;_propertyId&lt;/string&gt;
            &lt;null/&gt;
          &lt;/entry&gt;
          &lt;entry&gt;
            &lt;string&gt;_operands&lt;/string&gt;
            &lt;object-array&gt;
              &lt;com.calypso.ui.component.condition.ConditionTreeNode&gt;
                &lt;boolean&gt;true&lt;/boolean&gt;
                &lt;map&gt;
                  &lt;entry&gt;
                    &lt;string&gt;_propertyId&lt;/string&gt;
                    &lt;null/&gt;
                  &lt;/entry&gt;
                  &lt;entry&gt;
                    &lt;string&gt;_operands&lt;/string&gt;
                    &lt;null/&gt;
                  &lt;/entry&gt;
                  &lt;entry&gt;
                    &lt;string&gt;_operatorId&lt;/string&gt;
                    &lt;string&gt;&amp;amp;&amp;amp;&lt;/string&gt;
                  &lt;/entry&gt;
                &lt;/map&gt;
              &lt;/com.calypso.ui.component.condition.ConditionTreeNode&gt;
            &lt;/object-array&gt;
          &lt;/entry&gt;
          &lt;entry&gt;
            &lt;string&gt;_operatorId&lt;/string&gt;
            &lt;string&gt;ConditionRoot&lt;/string&gt;
          &lt;/entry&gt;
        &lt;/map&gt;
      &lt;/com.calypso.ui.component.condition.ConditionTreeNode&gt;
    &lt;/entry&gt;
    &lt;entry&gt;
      &lt;string&gt;_name&lt;/string&gt;
      &lt;null/&gt;
    &lt;/entry&gt;
  &lt;/map&gt;
&lt;/com.calypso.ui.component.condition.ConditionTree&gt;</calypso:attributeValue>
                <calypso:attributeClass>ConditionTree</calypso:attributeClass>
            </calypso:attribute>
            <calypso:attribute>
                <calypso:attributeName>MaturityOpenTerm</calypso:attributeName>
                <calypso:attributeValue>false</calypso:attributeValue>
                <calypso:attributeClass>String</calypso:attributeClass>
            </calypso:attribute>
            <calypso:attribute>
                <calypso:attributeName>PricingEnvName</calypso:attributeName>
                <calypso:attributeValue>OFFICIAL_ACCOUNTING</calypso:attributeValue>
                <calypso:attributeClass>String</calypso:attributeClass>
            </calypso:attribute>
            <calypso:attribute>
                <calypso:attributeName>Processing Org Include Child</calypso:attributeName>
                <calypso:attributeValue>false</calypso:attributeValue>
                <calypso:attributeClass>Boolean</calypso:attributeClass>
            </calypso:attribute>
            <calypso:attribute>
                <calypso:attributeName>ProcessingOrg</calypso:attributeName>
                <calypso:attributeValue>39709</calypso:attributeValue>
                <calypso:attributeClass>String</calypso:attributeClass>
            </calypso:attribute>
            <calypso:attribute>
                <calypso:attributeName>ProductType</calypso:attributeName>
                <calypso:attributeValue>Equity</calypso:attributeValue>
                <calypso:attributeClass>String</calypso:attributeClass>
            </calypso:attribute>
            <calypso:attribute>
                <calypso:attributeName>RiskExplodeTrade</calypso:attributeName>
                <calypso:attributeValue>false</calypso:attributeValue>
                <calypso:attributeClass>Boolean</calypso:attributeClass>
            </calypso:attribute>
            <calypso:attribute>
                <calypso:attributeName>SdFilter</calypso:attributeName>
                <calypso:attributeValue>EQUITY_CO2</calypso:attributeValue>
                <calypso:attributeClass>String</calypso:attributeClass>
            </calypso:attribute>
            <calypso:attribute>
                <calypso:attributeName>SecCode</calypso:attributeName>
                <calypso:attributeValue>ISIN</calypso:attributeValue>
                <calypso:attributeClass>String</calypso:attributeClass>
            </calypso:attribute>
            <calypso:attribute>
                <calypso:attributeName>SellFlag</calypso:attributeName>
                <calypso:attributeValue>true</calypso:attributeValue>
                <calypso:attributeClass>Boolean</calypso:attributeClass>
            </calypso:attribute>
            <calypso:attribute>
                <calypso:attributeName>SettleStartPlus</calypso:attributeName>
                <calypso:attributeValue>-</calypso:attributeValue>
                <calypso:attributeClass>String</calypso:attributeClass>
            </calypso:attribute>
            <calypso:attribute>
                <calypso:attributeName>SettleStartTenor</calypso:attributeName>
                <calypso:attributeValue>1W</calypso:attributeValue>
                <calypso:attributeClass>String</calypso:attributeClass>
            </calypso:attribute>
            <calypso:attribute>
                <calypso:attributeName>Status</calypso:attributeName>
                <calypso:attributeValue>VERIFIED,PENDING,PENDING_SDI,PARTENON,PENDING_BACKDATE,PENDING_CANCELED,PENDING_AMEND</calypso:attributeValue>
                <calypso:attributeClass>String</calypso:attributeClass>
            </calypso:attribute>
            <calypso:attribute>
                <calypso:attributeName>TRADE_FILTER</calypso:attributeName>
                <calypso:attributeValue>ALL</calypso:attributeValue>
                <calypso:attributeClass>String</calypso:attributeClass>
            </calypso:attribute>
            <calypso:attribute>
                <calypso:attributeName>TableViewName</calypso:attributeName>
                <calypso:attributeValue>Simple</calypso:attributeValue>
                <calypso:attributeClass>String</calypso:attributeClass>
            </calypso:attribute>
            <calypso:attribute>
                <calypso:attributeName>Title</calypso:attributeName>
                <calypso:attributeValue>Trade Browser</calypso:attributeValue>
                <calypso:attributeClass>String</calypso:attributeClass>
            </calypso:attribute>
            <calypso:attribute>
                <calypso:attributeName>UNDO_DATE_CHECK</calypso:attributeName>
                <calypso:attributeValue>false</calypso:attributeValue>
                <calypso:attributeClass>String</calypso:attributeClass>
            </calypso:attribute>
        </calypso:reportAttributes>
        <calypso:tradeFilter>
            <calypso:type>com.calypso.tk.mo.TradeFilter</calypso:type>
            <calypso:identifier code="ALL" codifier="convention"/>
            <calypso:calypsoBusinessKey>
                <calypso:propertyName>name</calypso:propertyName>
                <calypso:propertyValue>ALL</calypso:propertyValue>
            </calypso:calypsoBusinessKey>
        </calypso:tradeFilter>
        <calypso:processingOrgs>
            <calypso:type>com.calypso.tk.core.LegalEntity</calypso:type>
            <calypso:identifier code="BSTE" codifier="convention"/>
            <calypso:calypsoBusinessKey>
                <calypso:propertyName>code</calypso:propertyName>
                <calypso:propertyValue>BSTE</calypso:propertyValue>
            </calypso:calypsoBusinessKey>
        </calypso:processingOrgs>
        <calypso:staticDataFilter>
            <calypso:type>com.calypso.tk.refdata.StaticDataFilter</calypso:type>
            <calypso:identifier code="EQUITY_CO2" codifier="convention"/>
            <calypso:calypsoBusinessKey>
                <calypso:propertyName>name</calypso:propertyName>
                <calypso:propertyValue>EQUITY_CO2</calypso:propertyValue>
            </calypso:calypsoBusinessKey>
        </calypso:staticDataFilter>
        <calypso:productType>
            <calypso:domainValue>
                <calypso:type>com.calypso.tk.refdata.DomainValueAdapter</calypso:type>
                <calypso:separator>#</calypso:separator>
                <calypso:identifier code="productType#Equity" codifier="convention"/>
                <calypso:calypsoBusinessKey>
                    <calypso:propertyName>domainName</calypso:propertyName>
                    <calypso:propertyValue>productType</calypso:propertyValue>
                </calypso:calypsoBusinessKey>
                <calypso:calypsoBusinessKey>
                    <calypso:propertyName>value</calypso:propertyName>
                    <calypso:propertyValue>Equity</calypso:propertyValue>
                </calypso:calypsoBusinessKey>
            </calypso:domainValue>
        </calypso:productType>
        <calypso:statuses>
            <calypso:domainValue>
                <calypso:type>com.calypso.tk.refdata.DomainValueAdapter</calypso:type>
                <calypso:separator>#</calypso:separator>
                <calypso:identifier code="tradeStatus#PARTENON" codifier="convention"/>
                <calypso:calypsoBusinessKey>
                    <calypso:propertyName>domainName</calypso:propertyName>
                    <calypso:propertyValue>tradeStatus</calypso:propertyValue>
                </calypso:calypsoBusinessKey>
                <calypso:calypsoBusinessKey>
                    <calypso:propertyName>value</calypso:propertyName>
                    <calypso:propertyValue>PARTENON</calypso:propertyValue>
                </calypso:calypsoBusinessKey>
            </calypso:domainValue>
        </calypso:statuses>
        <calypso:statuses>
            <calypso:domainValue>
                <calypso:type>com.calypso.tk.refdata.DomainValueAdapter</calypso:type>
                <calypso:separator>#</calypso:separator>
                <calypso:identifier code="tradeStatus#PENDING" codifier="convention"/>
                <calypso:calypsoBusinessKey>
                    <calypso:propertyName>domainName</calypso:propertyName>
                    <calypso:propertyValue>tradeStatus</calypso:propertyValue>
                </calypso:calypsoBusinessKey>
                <calypso:calypsoBusinessKey>
                    <calypso:propertyName>value</calypso:propertyName>
                    <calypso:propertyValue>PENDING</calypso:propertyValue>
                </calypso:calypsoBusinessKey>
            </calypso:domainValue>
        </calypso:statuses>
        <calypso:statuses>
            <calypso:domainValue>
                <calypso:type>com.calypso.tk.refdata.DomainValueAdapter</calypso:type>
                <calypso:separator>#</calypso:separator>
                <calypso:identifier code="tradeStatus#PENDING_AMEND" codifier="convention"/>
                <calypso:calypsoBusinessKey>
                    <calypso:propertyName>domainName</calypso:propertyName>
                    <calypso:propertyValue>tradeStatus</calypso:propertyValue>
                </calypso:calypsoBusinessKey>
                <calypso:calypsoBusinessKey>
                    <calypso:propertyName>value</calypso:propertyName>
                    <calypso:propertyValue>PENDING_AMEND</calypso:propertyValue>
                </calypso:calypsoBusinessKey>
            </calypso:domainValue>
        </calypso:statuses>
        <calypso:statuses>
            <calypso:domainValue>
                <calypso:type>com.calypso.tk.refdata.DomainValueAdapter</calypso:type>
                <calypso:separator>#</calypso:separator>
                <calypso:identifier code="tradeStatus#PENDING_BACKDATE" codifier="convention"/>
                <calypso:calypsoBusinessKey>
                    <calypso:propertyName>domainName</calypso:propertyName>
                    <calypso:propertyValue>tradeStatus</calypso:propertyValue>
                </calypso:calypsoBusinessKey>
                <calypso:calypsoBusinessKey>
                    <calypso:propertyName>value</calypso:propertyName>
                    <calypso:propertyValue>PENDING_BACKDATE</calypso:propertyValue>
                </calypso:calypsoBusinessKey>
            </calypso:domainValue>
        </calypso:statuses>
        <calypso:statuses>
            <calypso:domainValue>
                <calypso:type>com.calypso.tk.refdata.DomainValueAdapter</calypso:type>
                <calypso:separator>#</calypso:separator>
                <calypso:identifier code="tradeStatus#PENDING_CANCELED" codifier="convention"/>
                <calypso:calypsoBusinessKey>
                    <calypso:propertyName>domainName</calypso:propertyName>
                    <calypso:propertyValue>tradeStatus</calypso:propertyValue>
                </calypso:calypsoBusinessKey>
                <calypso:calypsoBusinessKey>
                    <calypso:propertyName>value</calypso:propertyName>
                    <calypso:propertyValue>PENDING_CANCELED</calypso:propertyValue>
                </calypso:calypsoBusinessKey>
            </calypso:domainValue>
        </calypso:statuses>
        <calypso:statuses>
            <calypso:domainValue>
                <calypso:type>com.calypso.tk.refdata.DomainValueAdapter</calypso:type>
                <calypso:separator>#</calypso:separator>
                <calypso:identifier code="tradeStatus#PENDING_SDI" codifier="convention"/>
                <calypso:calypsoBusinessKey>
                    <calypso:propertyName>domainName</calypso:propertyName>
                    <calypso:propertyValue>tradeStatus</calypso:propertyValue>
                </calypso:calypsoBusinessKey>
                <calypso:calypsoBusinessKey>
                    <calypso:propertyName>value</calypso:propertyName>
                    <calypso:propertyValue>PENDING_SDI</calypso:propertyValue>
                </calypso:calypsoBusinessKey>
            </calypso:domainValue>
        </calypso:statuses>
        <calypso:statuses>
            <calypso:domainValue>
                <calypso:type>com.calypso.tk.refdata.DomainValueAdapter</calypso:type>
                <calypso:separator>#</calypso:separator>
                <calypso:identifier code="tradeStatus#VERIFIED" codifier="convention"/>
                <calypso:calypsoBusinessKey>
                    <calypso:propertyName>domainName</calypso:propertyName>
                    <calypso:propertyValue>tradeStatus</calypso:propertyValue>
                </calypso:calypsoBusinessKey>
                <calypso:calypsoBusinessKey>
                    <calypso:propertyName>value</calypso:propertyName>
                    <calypso:propertyValue>VERIFIED</calypso:propertyValue>
                </calypso:calypsoBusinessKey>
            </calypso:domainValue>
        </calypso:statuses>
        <calypso:secCodeType>
            <calypso:type>com.calypso.tk.refdata.ProductCode</calypso:type>
            <calypso:identifier code="ISIN" codifier="convention"/>
            <calypso:calypsoBusinessKey>
                <calypso:propertyName>code</calypso:propertyName>
                <calypso:propertyValue>ISIN</calypso:propertyValue>
            </calypso:calypsoBusinessKey>
        </calypso:secCodeType>
        <calypso:settleStartTenor>
            <calypso:domainValue>
                <calypso:type>com.calypso.tk.refdata.DomainValueAdapter</calypso:type>
                <calypso:separator>#</calypso:separator>
                <calypso:identifier code="DateRuleReportTemplate#1W" codifier="convention"/>
                <calypso:calypsoBusinessKey>
                    <calypso:propertyName>domainName</calypso:propertyName>
                    <calypso:propertyValue>DateRuleReportTemplate</calypso:propertyValue>
                </calypso:calypsoBusinessKey>
                <calypso:calypsoBusinessKey>
                    <calypso:propertyName>value</calypso:propertyName>
                    <calypso:propertyValue>1W</calypso:propertyValue>
                </calypso:calypsoBusinessKey>
            </calypso:domainValue>
        </calypso:settleStartTenor>
        <calypso:isBundleNameSet>false</calypso:isBundleNameSet>
    </calypso:calypsoObject>
</calypso:calypsoDocument>
