<?xml version="1.0" ?><calypso:items xmlns:calypso="http://www.calypso.com/xml"><calypso:item><calypso:identifiers><calypso:type>com.calypso.tk.report.ReportTemplate</calypso:type><calypso:separator>#</calypso:separator><calypso:identifier code="Transfer#Pos_Disponible_Liq#bonos#false" codifier="convention"></calypso:identifier><calypso:calypsoBusinessKey><calypso:com.calypso.jaxb.xml.BusinessKeyEntry><calypso:propertyName>reportType</calypso:propertyName><calypso:propertyValue>Transfer</calypso:propertyValue></calypso:com.calypso.jaxb.xml.BusinessKeyEntry><calypso:com.calypso.jaxb.xml.BusinessKeyEntry><calypso:propertyName>templateName</calypso:propertyName><calypso:propertyValue>Pos_Disponible_Liq</calypso:propertyValue></calypso:com.calypso.jaxb.xml.BusinessKeyEntry><calypso:com.calypso.jaxb.xml.BusinessKeyEntry><calypso:propertyName>user</calypso:propertyName><calypso:propertyValue>bonos</calypso:propertyValue></calypso:com.calypso.jaxb.xml.BusinessKeyEntry><calypso:com.calypso.jaxb.xml.BusinessKeyEntry><calypso:propertyName>isPrivate</calypso:propertyName><calypso:propertyValue>false</calypso:propertyValue></calypso:com.calypso.jaxb.xml.BusinessKeyEntry></calypso:calypsoBusinessKey></calypso:identifiers><calypso:dependencies><calypso:dependency><calypso:identifiers><calypso:type>com.calypso.tk.refdata.ProductCode</calypso:type><calypso:identifier code="SECURITY TYPE" codifier="convention"></calypso:identifier><calypso:calypsoBusinessKey><calypso:com.calypso.jaxb.xml.BusinessKeyEntry><calypso:propertyName>code</calypso:propertyName><calypso:propertyValue>SECURITY TYPE</calypso:propertyValue></calypso:com.calypso.jaxb.xml.BusinessKeyEntry></calypso:calypsoBusinessKey></calypso:identifiers><calypso:excluded>false</calypso:excluded></calypso:dependency><calypso:dependency><calypso:identifiers><calypso:type>com.calypso.tk.refdata.DomainValueAdapter</calypso:type><calypso:separator>#</calypso:separator><calypso:identifier code="DateRuleReportTemplate#0D" codifier="convention"></calypso:identifier><calypso:calypsoBusinessKey><calypso:com.calypso.jaxb.xml.BusinessKeyEntry><calypso:propertyName>domainName</calypso:propertyName><calypso:propertyValue>DateRuleReportTemplate</calypso:propertyValue></calypso:com.calypso.jaxb.xml.BusinessKeyEntry><calypso:com.calypso.jaxb.xml.BusinessKeyEntry><calypso:propertyName>value</calypso:propertyName><calypso:propertyValue>0D</calypso:propertyValue></calypso:com.calypso.jaxb.xml.BusinessKeyEntry></calypso:calypsoBusinessKey></calypso:identifiers><calypso:excluded>false</calypso:excluded></calypso:dependency><calypso:dependency><calypso:identifiers><calypso:type>com.calypso.tk.marketdata.FilterSet</calypso:type><calypso:identifier code="MEX_IsNotMexican" codifier="convention"></calypso:identifier><calypso:calypsoBusinessKey><calypso:com.calypso.jaxb.xml.BusinessKeyEntry><calypso:propertyName>name</calypso:propertyName><calypso:propertyValue>MEX_IsNotMexican</calypso:propertyValue></calypso:com.calypso.jaxb.xml.BusinessKeyEntry></calypso:calypsoBusinessKey></calypso:identifiers><calypso:excluded>false</calypso:excluded></calypso:dependency><calypso:dependency><calypso:identifiers><calypso:type>com.calypso.tk.refdata.StaticDataFilter</calypso:type><calypso:identifier code="Pos_Disponible" codifier="convention"></calypso:identifier><calypso:calypsoBusinessKey><calypso:com.calypso.jaxb.xml.BusinessKeyEntry><calypso:propertyName>name</calypso:propertyName><calypso:propertyValue>Pos_Disponible</calypso:propertyValue></calypso:com.calypso.jaxb.xml.BusinessKeyEntry></calypso:calypsoBusinessKey></calypso:identifiers><calypso:excluded>false</calypso:excluded></calypso:dependency><calypso:dependency><calypso:identifiers><calypso:type>com.calypso.tk.refdata.DomainValueAdapter</calypso:type><calypso:separator>#</calypso:separator><calypso:identifier code="transferStatus#CREATED" codifier="convention"></calypso:identifier><calypso:calypsoBusinessKey><calypso:com.calypso.jaxb.xml.BusinessKeyEntry><calypso:propertyName>domainName</calypso:propertyName><calypso:propertyValue>transferStatus</calypso:propertyValue></calypso:com.calypso.jaxb.xml.BusinessKeyEntry><calypso:com.calypso.jaxb.xml.BusinessKeyEntry><calypso:propertyName>value</calypso:propertyName><calypso:propertyValue>CREATED</calypso:propertyValue></calypso:com.calypso.jaxb.xml.BusinessKeyEntry></calypso:calypsoBusinessKey></calypso:identifiers><calypso:excluded>false</calypso:excluded></calypso:dependency><calypso:dependency><calypso:identifiers><calypso:type>com.calypso.tk.refdata.DomainValueAdapter</calypso:type><calypso:separator>#</calypso:separator><calypso:identifier code="transferStatus#PENDING" codifier="convention"></calypso:identifier><calypso:calypsoBusinessKey><calypso:com.calypso.jaxb.xml.BusinessKeyEntry><calypso:propertyName>domainName</calypso:propertyName><calypso:propertyValue>transferStatus</calypso:propertyValue></calypso:com.calypso.jaxb.xml.BusinessKeyEntry><calypso:com.calypso.jaxb.xml.BusinessKeyEntry><calypso:propertyName>value</calypso:propertyName><calypso:propertyValue>PENDING</calypso:propertyValue></calypso:com.calypso.jaxb.xml.BusinessKeyEntry></calypso:calypsoBusinessKey></calypso:identifiers><calypso:excluded>false</calypso:excluded></calypso:dependency><calypso:dependency><calypso:identifiers><calypso:type>com.calypso.tk.refdata.DomainValueAdapter</calypso:type><calypso:separator>#</calypso:separator><calypso:identifier code="REPORT.Types#Transfer" codifier="convention"></calypso:identifier><calypso:calypsoBusinessKey><calypso:com.calypso.jaxb.xml.BusinessKeyEntry><calypso:propertyName>domainName</calypso:propertyName><calypso:propertyValue>REPORT.Types</calypso:propertyValue></calypso:com.calypso.jaxb.xml.BusinessKeyEntry><calypso:com.calypso.jaxb.xml.BusinessKeyEntry><calypso:propertyName>value</calypso:propertyName><calypso:propertyValue>Transfer</calypso:propertyValue></calypso:com.calypso.jaxb.xml.BusinessKeyEntry></calypso:calypsoBusinessKey></calypso:identifiers><calypso:excluded>false</calypso:excluded></calypso:dependency></calypso:dependencies></calypso:item></calypso:items>