<?xml version="1.0" encoding="iso-8859-1" standalone="yes"?>
<calypso:calypsoDocument xmlns:calypso="http://www.calypso.com/xml">
    <calypso:calypsoObject xsi:type="calypso:DomainItem" action="" xmlns:xsi="http://www.w3.org/2001/XMLSchema-instance">
        <calypso:domainName>creAttribute</calypso:domainName>
        <calypso:value>accountProductType</calypso:value>
        <calypso:domainNameDV>
            <calypso:domainValue>
                <calypso:type>com.calypso.tk.refdata.DomainValueAdapter</calypso:type>
                <calypso:separator>#</calypso:separator>
                <calypso:identifier code="domainName#creAttribute" codifier="convention"/>
                <calypso:calypsoBusinessKey>
                    <calypso:propertyName>domainName</calypso:propertyName>
                    <calypso:propertyValue>domainName</calypso:propertyValue>
                </calypso:calypsoBusinessKey>
                <calypso:calypsoBusinessKey>
                    <calypso:propertyName>value</calypso:propertyName>
                    <calypso:propertyValue>creAttribute</calypso:propertyValue>
                </calypso:calypsoBusinessKey>
            </calypso:domainValue>
        </calypso:domainNameDV>
    </calypso:calypsoObject>
</calypso:calypsoDocument>
