<?xml version="1.0" encoding="iso-8859-1" standalone="yes"?>
<calypso:calypsoDocument xmlns:liquidityrule="http://www.calypso.com/liquidityrule" xmlns:liquiditycriteria="http://www.calypso.com/liquiditycriteria" xmlns:liquidityposition="http://www.calypso.com/liquidityposition" xmlns:matching="http://www.calypso.com/matching" xmlns:scheduler="http://www.calypso.com/scheduler" xmlns:liquidityreporting="http://www.calypso.com/liquidityreporting" xmlns:kpiservice="http://www.calypso.com/kpiservice" xmlns:ns12="http://www.calypso.com/bo-messaging" xmlns:assumption="http://www.calypso.com/assumption" xmlns:hedgeaccounting="http://www.calypso.com/hedgeaccounting" xmlns:swift="http://www.calypso.com/swift" xmlns:bondexoticnote="http://www.calypso.com/bondexoticnote" xmlns:datauploader="http://www.calypso.com/datauploader" xmlns:ftp="http://www.calypso.com/ftp" xmlns:pricingscript="http://www.calypso.com/pricingscript" xmlns:am="http://www.calypso.com/am" xmlns:scriptableOTC="http://www.calypso.com/scriptableOTC" xmlns:pricingsheet="http://www.calypso.com/pricingsheet" xmlns:taskstation="http://www.calypso.com/taskstation" xmlns:liquiditycore="http://www.calypso.com/liquiditycore" xmlns:calypso="http://www.calypso.com/xml" xmlns:accplreconciliation="http://www.calypso.com/accplreconciliation" xmlns:liquidityclassification="http://www.calypso.com/liquidityclassification" xmlns:collateral="http://www.calypso.com/collateral" xmlns:calculationserver="http://www.calypso.com/calculationserver">
    <calypso:calypsoObject xsi:type="scheduler:ScheduledTask" version="14-0" action="" xmlns:xsi="http://www.w3.org/2001/XMLSchema-instance">
        <scheduler:externalReference>SANT_MATURE_TRADE</scheduler:externalReference>
        <scheduler:type>
            <calypso:domainValue>
                <calypso:type>com.calypso.tk.refdata.DomainValueAdapter</calypso:type>
                <calypso:separator>#</calypso:separator>
                <calypso:identifier code="scheduledTask#SANT_MATURE_TRADES" codifier="convention"/>
                <calypso:calypsoBusinessKey>
                    <calypso:propertyName>domainName</calypso:propertyName>
                    <calypso:propertyValue>scheduledTask</calypso:propertyValue>
                </calypso:calypsoBusinessKey>
                <calypso:calypsoBusinessKey>
                    <calypso:propertyName>value</calypso:propertyName>
                    <calypso:propertyValue>SANT_MATURE_TRADES</calypso:propertyValue>
                </calypso:calypsoBusinessKey>
            </calypso:domainValue>
        </scheduler:type>
        <scheduler:tradeFilter>
            <calypso:type>com.calypso.tk.mo.TradeFilter</calypso:type>
            <calypso:identifier code="MEX_IsNotMexicanTrade" codifier="convention"/>
            <calypso:calypsoBusinessKey>
                <calypso:propertyName>name</calypso:propertyName>
                <calypso:propertyValue>MEX_IsNotMexicanTrade</calypso:propertyValue>
            </calypso:calypsoBusinessKey>
        </scheduler:tradeFilter>
        <scheduler:pricingEnvironment>
            <calypso:type>com.calypso.tk.marketdata.PricingEnv</calypso:type>
            <calypso:identifier code="DirtyPrice" codifier="convention"/>
            <calypso:calypsoBusinessKey>
                <calypso:propertyName>name</calypso:propertyName>
                <calypso:propertyValue>DirtyPrice</calypso:propertyValue>
            </calypso:calypsoBusinessKey>
        </scheduler:pricingEnvironment>
        <scheduler:timeZone>Europe/Madrid</scheduler:timeZone>
        <scheduler:executionTime>-1</scheduler:executionTime>
        <scheduler:startDateOffset>0</scheduler:startDateOffset>
        <scheduler:endDateOffset>0</scheduler:endDateOffset>
        <scheduler:holidays>
            <calypso:type>com.calypso.tk.core.HolidayAdapter</calypso:type>
            <calypso:identifier code="SYSTEM" codifier="convention"/>
            <calypso:calypsoBusinessKey>
                <calypso:propertyName>code</calypso:propertyName>
                <calypso:propertyValue>SYSTEM</calypso:propertyValue>
            </calypso:calypsoBusinessKey>
        </scheduler:holidays>
        <scheduler:publish>false</scheduler:publish>
        <scheduler:execute>true</scheduler:execute>
        <scheduler:sendEmailNotification>false</scheduler:sendEmailNotification>
        <scheduler:valuationTime>1200</scheduler:valuationTime>
        <scheduler:undoTime>-1</scheduler:undoTime>
        <scheduler:validationDateOffset>0</scheduler:validationDateOffset>
        <scheduler:executeOnHoliday>false</scheduler:executeOnHoliday>
        <scheduler:comment>Matures trades when they are in READY_TO_PRICE for 30 days.</scheduler:comment>
        <scheduler:attribute>
            <calypso:name>JVM_SETTINGS</calypso:name>
            <calypso:value xsi:type="ns27:string" xmlns:ns27="http://www.w3.org/2001/XMLSchema">-Xms512m -Xmx1024m -XX:MetaspaceSize=256m -XX:MaxMetaspaceSize=1024m</calypso:value>
        </scheduler:attribute>
        <scheduler:attribute>
            <calypso:name>No Of Days After Maturity</calypso:name>
            <calypso:value xsi:type="ns27:string" xmlns:ns27="http://www.w3.org/2001/XMLSchema">15</calypso:value>
        </scheduler:attribute>
        <scheduler:attribute>
            <calypso:name>QUARTZ_TASK_RETRY_ATTEMPT</calypso:name>
            <calypso:value xsi:type="ns27:string" xmlns:ns27="http://www.w3.org/2001/XMLSchema">1</calypso:value>
        </scheduler:attribute>
        <scheduler:attribute>
            <calypso:name>QUARTZ_TASK_RETRY_TIME</calypso:name>
            <calypso:value xsi:type="ns27:string" xmlns:ns27="http://www.w3.org/2001/XMLSchema">0</calypso:value>
        </scheduler:attribute>
        <scheduler:attribute>
            <calypso:name>SLA_MINUTES</calypso:name>
            <calypso:value xsi:type="ns27:string" xmlns:ns27="http://www.w3.org/2001/XMLSchema">10</calypso:value>
        </scheduler:attribute>
        <scheduler:attribute>
            <calypso:name>Trade From Status</calypso:name>
            <calypso:value xsi:type="ns27:string" xmlns:ns27="http://www.w3.org/2001/XMLSchema">READY_TO_PRICE</calypso:value>
        </scheduler:attribute>
        <scheduler:attribute>
            <calypso:name>TradeAction To Apply</calypso:name>
            <calypso:value xsi:type="ns27:string" xmlns:ns27="http://www.w3.org/2001/XMLSchema">MATURE</calypso:value>
        </scheduler:attribute>
        <scheduler:executeInDataServer>false</scheduler:executeInDataServer>
        <scheduler:executeInReadOnlyDataServer>false</scheduler:executeInReadOnlyDataServer>
        <scheduler:description>SANT_MATURE_TRADE</scheduler:description>
        <scheduler:private>false</scheduler:private>
        <scheduler:deactivated>false</scheduler:deactivated>
        <scheduler:skipMissedExecution>false</scheduler:skipMissedExecution>
        <scheduler:cutOffTimeForMissedExecution>0</scheduler:cutOffTimeForMissedExecution>
        <scheduler:scVersion>3</scheduler:scVersion>
    </calypso:calypsoObject>
</calypso:calypsoDocument>
