<?xml version="1.0" encoding="iso-8859-1" standalone="yes"?>
<calypso:calypsoDocument xmlns:datauploader="http://www.calypso.com/datauploader" xmlns:ftp="http://www.calypso.com/ftp" xmlns:liquidityrule="http://www.calypso.com/liquidityrule" xmlns:liquiditycriteria="http://www.calypso.com/liquiditycriteria" xmlns:pricingscript="http://www.calypso.com/pricingscript" xmlns:am="http://www.calypso.com/am" xmlns:liquidityposition="http://www.calypso.com/liquidityposition" xmlns:scriptableOTC="http://www.calypso.com/scriptableOTC" xmlns:pricingsheet="http://www.calypso.com/pricingsheet" xmlns:matching="http://www.calypso.com/matching" xmlns:scheduler="http://www.calypso.com/scheduler" xmlns:ns20="http://www.calypso.com/HedgeAccounting" xmlns:liquidityreporting="http://www.calypso.com/liquidityreporting" xmlns:taskstation="http://www.calypso.com/taskstation" xmlns:kpiservice="http://www.calypso.com/kpiservice" xmlns:liquiditycore="http://www.calypso.com/liquiditycore" xmlns:calypso="http://www.calypso.com/xml" xmlns:assumption="http://www.calypso.com/assumption" xmlns:liquidityclassification="http://www.calypso.com/liquidityclassification" xmlns:collateral="http://www.calypso.com/collateral" xmlns:calculationserver="http://www.calypso.com/calculationserver" xmlns:swift="http://www.calypso.com/swift" xmlns:bondexoticnote="http://www.calypso.com/bondexoticnote">
    <calypso:calypsoObject xsi:type="scheduler:ScheduledTask" version="14-0" action="" xmlns:xsi="http://www.w3.org/2001/XMLSchema-instance">
        <scheduler:externalReference>EXPORT_FI105_EQUITY</scheduler:externalReference>
        <scheduler:type>
            <calypso:domainValue>
                <calypso:type>com.calypso.tk.refdata.DomainValueAdapter</calypso:type>
                <calypso:separator>#</calypso:separator>
                <calypso:identifier code="scheduledTask#CSVREPORT" codifier="convention"/>
                <calypso:calypsoBusinessKey>
                    <calypso:propertyName>domainName</calypso:propertyName>
                    <calypso:propertyValue>scheduledTask</calypso:propertyValue>
                </calypso:calypsoBusinessKey>
                <calypso:calypsoBusinessKey>
                    <calypso:propertyName>value</calypso:propertyName>
                    <calypso:propertyValue>CSVREPORT</calypso:propertyValue>
                </calypso:calypsoBusinessKey>
            </calypso:domainValue>
        </scheduler:type>
        <scheduler:pricingEnvironment>
            <calypso:type>com.calypso.tk.marketdata.PricingEnv</calypso:type>
            <calypso:identifier code="OFFICIAL_ACCOUNTING" codifier="convention"/>
            <calypso:calypsoBusinessKey>
                <calypso:propertyName>name</calypso:propertyName>
                <calypso:propertyValue>OFFICIAL_ACCOUNTING</calypso:propertyValue>
            </calypso:calypsoBusinessKey>
        </scheduler:pricingEnvironment>
        <scheduler:timeZone>Europe/Madrid</scheduler:timeZone>
        <scheduler:executionTime>0</scheduler:executionTime>
        <scheduler:startDateOffset>0</scheduler:startDateOffset>
        <scheduler:endDateOffset>0</scheduler:endDateOffset>
        <scheduler:holidays>
            <calypso:type>com.calypso.tk.core.HolidayAdapter</calypso:type>
            <calypso:identifier code="SYSTEM" codifier="convention"/>
            <calypso:calypsoBusinessKey>
                <calypso:propertyName>code</calypso:propertyName>
                <calypso:propertyValue>SYSTEM</calypso:propertyValue>
            </calypso:calypsoBusinessKey>
        </scheduler:holidays>
        <scheduler:publish>false</scheduler:publish>
        <scheduler:execute>true</scheduler:execute>
        <scheduler:sendEmailNotification>false</scheduler:sendEmailNotification>
        <scheduler:valuationTime>-1</scheduler:valuationTime>
        <scheduler:undoTime>-1</scheduler:undoTime>
        <scheduler:validationDateOffset>0</scheduler:validationDateOffset>
        <scheduler:executeOnHoliday>false</scheduler:executeOnHoliday>
        <scheduler:comment>EXPORT_FI105_EQUITY</scheduler:comment>
        <scheduler:attribute>
            <calypso:name>CSV Delimiter</calypso:name>
            <calypso:value xsi:type="ns25:string" xmlns:ns25="http://www.w3.org/2001/XMLSchema">;</calypso:value>
        </scheduler:attribute>
        <scheduler:attribute>
            <calypso:name>Control Line</calypso:name>
            <calypso:value xsi:type="ns25:string" xmlns:ns25="http://www.w3.org/2001/XMLSchema">false</calypso:value>
        </scheduler:attribute>
        <scheduler:attribute>
            <calypso:name>GENERATE PDF HEADER?</calypso:name>
            <calypso:value xsi:type="ns25:string" xmlns:ns25="http://www.w3.org/2001/XMLSchema">false</calypso:value>
        </scheduler:attribute>
        <scheduler:attribute>
            <calypso:name>JVM_SETTINGS</calypso:name>
            <calypso:value xsi:type="ns25:string" xmlns:ns25="http://www.w3.org/2001/XMLSchema">-Xms1024m -Xmx2048m</calypso:value>
        </scheduler:attribute>
        <scheduler:attribute>
            <calypso:name>QUARTZ_TASK_RETRY_ATTEMPT</calypso:name>
            <calypso:value xsi:type="ns25:string" xmlns:ns25="http://www.w3.org/2001/XMLSchema">1</calypso:value>
        </scheduler:attribute>
        <scheduler:attribute>
            <calypso:name>QUARTZ_TASK_RETRY_TIME</calypso:name>
            <calypso:value xsi:type="ns25:string" xmlns:ns25="http://www.w3.org/2001/XMLSchema">0</calypso:value>
        </scheduler:attribute>
        <scheduler:attribute>
            <calypso:name>REPORT FILE NAME</calypso:name>
            <calypso:value xsi:type="ns25:string" xmlns:ns25="http://www.w3.org/2001/XMLSchema">/calypso_interfaces/repo/reports/export/FI105_Equity</calypso:value>
        </scheduler:attribute>
        <scheduler:attribute>
            <calypso:name>REPORT FORMAT</calypso:name>
            <calypso:value xsi:type="ns25:string" xmlns:ns25="http://www.w3.org/2001/XMLSchema">Excel</calypso:value>
        </scheduler:attribute>
        <scheduler:attribute>
            <calypso:name>REPORT TEMPLATE NAME</calypso:name>
            <calypso:value xsi:type="ns25:string" xmlns:ns25="http://www.w3.org/2001/XMLSchema">FI105_Equity</calypso:value>
        </scheduler:attribute>
        <scheduler:attribute>
            <calypso:name>REPORT TYPE</calypso:name>
            <calypso:value xsi:type="ns25:string" xmlns:ns25="http://www.w3.org/2001/XMLSchema">FI105_Equity</calypso:value>
        </scheduler:attribute>
        <scheduler:attribute>
            <calypso:name>SLA_MINUTES</calypso:name>
            <calypso:value xsi:type="ns25:string" xmlns:ns25="http://www.w3.org/2001/XMLSchema">30</calypso:value>
        </scheduler:attribute>
        <scheduler:attribute>
            <calypso:name>Show Headings</calypso:name>
            <calypso:value xsi:type="ns25:string" xmlns:ns25="http://www.w3.org/2001/XMLSchema">false</calypso:value>
        </scheduler:attribute>
        <scheduler:attribute>
            <calypso:name>TIMESTAMP FILENAME</calypso:name>
            <calypso:value xsi:type="ns25:string" xmlns:ns25="http://www.w3.org/2001/XMLSchema">true</calypso:value>
        </scheduler:attribute>
        <scheduler:attribute>
            <calypso:name>TIMESTAMP FORMAT</calypso:name>
            <calypso:value xsi:type="ns25:string" xmlns:ns25="http://www.w3.org/2001/XMLSchema">yyyyMMdd_HHmmss</calypso:value>
        </scheduler:attribute>
        <scheduler:executeInDataServer>false</scheduler:executeInDataServer>
        <scheduler:executeInReadOnlyDataServer>false</scheduler:executeInReadOnlyDataServer>
        <scheduler:description>Informe FI105 Equities</scheduler:description>
        <scheduler:private>false</scheduler:private>
        <scheduler:deactivated>false</scheduler:deactivated>
        <scheduler:skipMissedExecution>false</scheduler:skipMissedExecution>
        <scheduler:cutOffTimeForMissedExecution>0</scheduler:cutOffTimeForMissedExecution>
        <scheduler:scVersion>8</scheduler:scVersion>
    </calypso:calypsoObject>
</calypso:calypsoDocument>
