<?xml version="1.0" encoding="iso-8859-1" standalone="yes"?>
<calypso:calypsoDocument xmlns:liquidityrule="http://www.calypso.com/liquidityrule" xmlns:liquiditycriteria="http://www.calypso.com/liquiditycriteria" xmlns:liquidityposition="http://www.calypso.com/liquidityposition" xmlns:matching="http://www.calypso.com/matching" xmlns:scheduler="http://www.calypso.com/scheduler" xmlns:liquidityreporting="http://www.calypso.com/liquidityreporting" xmlns:kpiservice="http://www.calypso.com/kpiservice" xmlns:ns12="http://www.calypso.com/bo-messaging" xmlns:assumption="http://www.calypso.com/assumption" xmlns:hedgeaccounting="http://www.calypso.com/hedgeaccounting" xmlns:swift="http://www.calypso.com/swift" xmlns:bondexoticnote="http://www.calypso.com/bondexoticnote" xmlns:datauploader="http://www.calypso.com/datauploader" xmlns:ftp="http://www.calypso.com/ftp" xmlns:pricingscript="http://www.calypso.com/pricingscript" xmlns:am="http://www.calypso.com/am" xmlns:scriptableOTC="http://www.calypso.com/scriptableOTC" xmlns:pricingsheet="http://www.calypso.com/pricingsheet" xmlns:taskstation="http://www.calypso.com/taskstation" xmlns:liquiditycore="http://www.calypso.com/liquiditycore" xmlns:calypso="http://www.calypso.com/xml" xmlns:accplreconciliation="http://www.calypso.com/accplreconciliation" xmlns:liquidityclassification="http://www.calypso.com/liquidityclassification" xmlns:collateral="http://www.calypso.com/collateral" xmlns:calculationserver="http://www.calypso.com/calculationserver">
    <calypso:calypsoObject xsi:type="calypso:PricingParameters" version="14-0" action="" xmlns:xsi="http://www.w3.org/2001/XMLSchema-instance">
        <calypso:name>MX_OFFICIAL_ACCOUNTING</calypso:name>
        <calypso:parameter>
            <calypso:productType>
                <calypso:itemValue>ANY</calypso:itemValue>
            </calypso:productType>
            <calypso:parameterName>INSTANCE_TYPE</calypso:parameterName>
            <calypso:parameterTypeIdentifier>
                <calypso:type>com.calypso.tk.marketdata.PricingParamType</calypso:type>
                <calypso:identifier code="INSTANCE_TYPE" codifier="convention"/>
                <calypso:calypsoBusinessKey>
                    <calypso:propertyName>name</calypso:propertyName>
                    <calypso:propertyValue>INSTANCE_TYPE</calypso:propertyValue>
                </calypso:calypsoBusinessKey>
            </calypso:parameterTypeIdentifier>
            <calypso:parameterString>CLOSE</calypso:parameterString>
        </calypso:parameter>
        <calypso:parameter>
            <calypso:productType>
                <calypso:domainValue>
                    <calypso:type>com.calypso.tk.refdata.DomainValueAdapter</calypso:type>
                    <calypso:separator>#</calypso:separator>
                    <calypso:identifier code="productType#Bond" codifier="convention"/>
                    <calypso:calypsoBusinessKey>
                        <calypso:propertyName>domainName</calypso:propertyName>
                        <calypso:propertyValue>productType</calypso:propertyValue>
                    </calypso:calypsoBusinessKey>
                    <calypso:calypsoBusinessKey>
                        <calypso:propertyName>value</calypso:propertyName>
                        <calypso:propertyValue>Bond</calypso:propertyValue>
                    </calypso:calypsoBusinessKey>
                </calypso:domainValue>
            </calypso:productType>
            <calypso:parameterName>BOND_FROM_QUOTE</calypso:parameterName>
            <calypso:parameterTypeIdentifier>
                <calypso:type>com.calypso.tk.marketdata.PricingParamType</calypso:type>
                <calypso:identifier code="BOND_FROM_QUOTE" codifier="convention"/>
                <calypso:calypsoBusinessKey>
                    <calypso:propertyName>name</calypso:propertyName>
                    <calypso:propertyValue>BOND_FROM_QUOTE</calypso:propertyValue>
                </calypso:calypsoBusinessKey>
            </calypso:parameterTypeIdentifier>
            <calypso:parameterBoolean>true</calypso:parameterBoolean>
        </calypso:parameter>
        <calypso:parameter>
            <calypso:productType>
                <calypso:domainValue>
                    <calypso:type>com.calypso.tk.refdata.DomainValueAdapter</calypso:type>
                    <calypso:separator>#</calypso:separator>
                    <calypso:identifier code="productType#Bond" codifier="convention"/>
                    <calypso:calypsoBusinessKey>
                        <calypso:propertyName>domainName</calypso:propertyName>
                        <calypso:propertyValue>productType</calypso:propertyValue>
                    </calypso:calypsoBusinessKey>
                    <calypso:calypsoBusinessKey>
                        <calypso:propertyName>value</calypso:propertyName>
                        <calypso:propertyValue>Bond</calypso:propertyValue>
                    </calypso:calypsoBusinessKey>
                </calypso:domainValue>
            </calypso:productType>
            <calypso:parameterName>FORECAST_FROM_CURVE</calypso:parameterName>
            <calypso:parameterTypeIdentifier>
                <calypso:type>com.calypso.tk.marketdata.PricingParamType</calypso:type>
                <calypso:identifier code="FORECAST_FROM_CURVE" codifier="convention"/>
                <calypso:calypsoBusinessKey>
                    <calypso:propertyName>name</calypso:propertyName>
                    <calypso:propertyValue>FORECAST_FROM_CURVE</calypso:propertyValue>
                </calypso:calypsoBusinessKey>
            </calypso:parameterTypeIdentifier>
            <calypso:parameterBoolean>false</calypso:parameterBoolean>
        </calypso:parameter>
        <calypso:parameter>
            <calypso:productType>
                <calypso:domainValue>
                    <calypso:type>com.calypso.tk.refdata.DomainValueAdapter</calypso:type>
                    <calypso:separator>#</calypso:separator>
                    <calypso:identifier code="productType#Bond" codifier="convention"/>
                    <calypso:calypsoBusinessKey>
                        <calypso:propertyName>domainName</calypso:propertyName>
                        <calypso:propertyValue>productType</calypso:propertyValue>
                    </calypso:calypsoBusinessKey>
                    <calypso:calypsoBusinessKey>
                        <calypso:propertyName>value</calypso:propertyName>
                        <calypso:propertyValue>Bond</calypso:propertyValue>
                    </calypso:calypsoBusinessKey>
                </calypso:domainValue>
            </calypso:productType>
            <calypso:parameterName>INCLUDE_FEES</calypso:parameterName>
            <calypso:parameterTypeIdentifier>
                <calypso:type>com.calypso.tk.marketdata.PricingParamType</calypso:type>
                <calypso:identifier code="INCLUDE_FEES" codifier="convention"/>
                <calypso:calypsoBusinessKey>
                    <calypso:propertyName>name</calypso:propertyName>
                    <calypso:propertyValue>INCLUDE_FEES</calypso:propertyValue>
                </calypso:calypsoBusinessKey>
            </calypso:parameterTypeIdentifier>
            <calypso:parameterBoolean>false</calypso:parameterBoolean>
        </calypso:parameter>
        <calypso:parameter>
            <calypso:productType>
                <calypso:domainValue>
                    <calypso:type>com.calypso.tk.refdata.DomainValueAdapter</calypso:type>
                    <calypso:separator>#</calypso:separator>
                    <calypso:identifier code="productType#Bond" codifier="convention"/>
                    <calypso:calypsoBusinessKey>
                        <calypso:propertyName>domainName</calypso:propertyName>
                        <calypso:propertyValue>productType</calypso:propertyValue>
                    </calypso:calypsoBusinessKey>
                    <calypso:calypsoBusinessKey>
                        <calypso:propertyName>value</calypso:propertyName>
                        <calypso:propertyValue>Bond</calypso:propertyValue>
                    </calypso:calypsoBusinessKey>
                </calypso:domainValue>
            </calypso:productType>
            <calypso:parameterName>NPV_INCLUDE_CASH</calypso:parameterName>
            <calypso:parameterTypeIdentifier>
                <calypso:type>com.calypso.tk.marketdata.PricingParamType</calypso:type>
                <calypso:identifier code="NPV_INCLUDE_CASH" codifier="convention"/>
                <calypso:calypsoBusinessKey>
                    <calypso:propertyName>name</calypso:propertyName>
                    <calypso:propertyValue>NPV_INCLUDE_CASH</calypso:propertyValue>
                </calypso:calypsoBusinessKey>
            </calypso:parameterTypeIdentifier>
            <calypso:parameterBoolean>false</calypso:parameterBoolean>
        </calypso:parameter>
        <calypso:parameter>
            <calypso:productType>
                <calypso:domainValue>
                    <calypso:type>com.calypso.tk.refdata.DomainValueAdapter</calypso:type>
                    <calypso:separator>#</calypso:separator>
                    <calypso:identifier code="productType#BondMMDiscount" codifier="convention"/>
                    <calypso:calypsoBusinessKey>
                        <calypso:propertyName>domainName</calypso:propertyName>
                        <calypso:propertyValue>productType</calypso:propertyValue>
                    </calypso:calypsoBusinessKey>
                    <calypso:calypsoBusinessKey>
                        <calypso:propertyName>value</calypso:propertyName>
                        <calypso:propertyValue>BondMMDiscount</calypso:propertyValue>
                    </calypso:calypsoBusinessKey>
                </calypso:domainValue>
            </calypso:productType>
            <calypso:parameterName>BOND_FROM_QUOTE</calypso:parameterName>
            <calypso:parameterTypeIdentifier>
                <calypso:type>com.calypso.tk.marketdata.PricingParamType</calypso:type>
                <calypso:identifier code="BOND_FROM_QUOTE" codifier="convention"/>
                <calypso:calypsoBusinessKey>
                    <calypso:propertyName>name</calypso:propertyName>
                    <calypso:propertyValue>BOND_FROM_QUOTE</calypso:propertyValue>
                </calypso:calypsoBusinessKey>
            </calypso:parameterTypeIdentifier>
            <calypso:parameterBoolean>true</calypso:parameterBoolean>
        </calypso:parameter>
        <calypso:parameter>
            <calypso:productType>
                <calypso:domainValue>
                    <calypso:type>com.calypso.tk.refdata.DomainValueAdapter</calypso:type>
                    <calypso:separator>#</calypso:separator>
                    <calypso:identifier code="productType#BondMMDiscount" codifier="convention"/>
                    <calypso:calypsoBusinessKey>
                        <calypso:propertyName>domainName</calypso:propertyName>
                        <calypso:propertyValue>productType</calypso:propertyValue>
                    </calypso:calypsoBusinessKey>
                    <calypso:calypsoBusinessKey>
                        <calypso:propertyName>value</calypso:propertyName>
                        <calypso:propertyValue>BondMMDiscount</calypso:propertyValue>
                    </calypso:calypsoBusinessKey>
                </calypso:domainValue>
            </calypso:productType>
            <calypso:parameterName>FORECAST_FROM_CURVE</calypso:parameterName>
            <calypso:parameterTypeIdentifier>
                <calypso:type>com.calypso.tk.marketdata.PricingParamType</calypso:type>
                <calypso:identifier code="FORECAST_FROM_CURVE" codifier="convention"/>
                <calypso:calypsoBusinessKey>
                    <calypso:propertyName>name</calypso:propertyName>
                    <calypso:propertyValue>FORECAST_FROM_CURVE</calypso:propertyValue>
                </calypso:calypsoBusinessKey>
            </calypso:parameterTypeIdentifier>
            <calypso:parameterBoolean>false</calypso:parameterBoolean>
        </calypso:parameter>
        <calypso:parameter>
            <calypso:productType>
                <calypso:domainValue>
                    <calypso:type>com.calypso.tk.refdata.DomainValueAdapter</calypso:type>
                    <calypso:separator>#</calypso:separator>
                    <calypso:identifier code="productType#BondMMDiscount" codifier="convention"/>
                    <calypso:calypsoBusinessKey>
                        <calypso:propertyName>domainName</calypso:propertyName>
                        <calypso:propertyValue>productType</calypso:propertyValue>
                    </calypso:calypsoBusinessKey>
                    <calypso:calypsoBusinessKey>
                        <calypso:propertyName>value</calypso:propertyName>
                        <calypso:propertyValue>BondMMDiscount</calypso:propertyValue>
                    </calypso:calypsoBusinessKey>
                </calypso:domainValue>
            </calypso:productType>
            <calypso:parameterName>INCLUDE_FEES</calypso:parameterName>
            <calypso:parameterTypeIdentifier>
                <calypso:type>com.calypso.tk.marketdata.PricingParamType</calypso:type>
                <calypso:identifier code="INCLUDE_FEES" codifier="convention"/>
                <calypso:calypsoBusinessKey>
                    <calypso:propertyName>name</calypso:propertyName>
                    <calypso:propertyValue>INCLUDE_FEES</calypso:propertyValue>
                </calypso:calypsoBusinessKey>
            </calypso:parameterTypeIdentifier>
            <calypso:parameterBoolean>false</calypso:parameterBoolean>
        </calypso:parameter>
        <calypso:parameter>
            <calypso:productType>
                <calypso:domainValue>
                    <calypso:type>com.calypso.tk.refdata.DomainValueAdapter</calypso:type>
                    <calypso:separator>#</calypso:separator>
                    <calypso:identifier code="productType#BondMMDiscount" codifier="convention"/>
                    <calypso:calypsoBusinessKey>
                        <calypso:propertyName>domainName</calypso:propertyName>
                        <calypso:propertyValue>productType</calypso:propertyValue>
                    </calypso:calypsoBusinessKey>
                    <calypso:calypsoBusinessKey>
                        <calypso:propertyName>value</calypso:propertyName>
                        <calypso:propertyValue>BondMMDiscount</calypso:propertyValue>
                    </calypso:calypsoBusinessKey>
                </calypso:domainValue>
            </calypso:productType>
            <calypso:parameterName>NPV_INCLUDE_CASH</calypso:parameterName>
            <calypso:parameterTypeIdentifier>
                <calypso:type>com.calypso.tk.marketdata.PricingParamType</calypso:type>
                <calypso:identifier code="NPV_INCLUDE_CASH" codifier="convention"/>
                <calypso:calypsoBusinessKey>
                    <calypso:propertyName>name</calypso:propertyName>
                    <calypso:propertyValue>NPV_INCLUDE_CASH</calypso:propertyValue>
                </calypso:calypsoBusinessKey>
            </calypso:parameterTypeIdentifier>
            <calypso:parameterBoolean>false</calypso:parameterBoolean>
        </calypso:parameter>
        <calypso:parameter>
            <calypso:productType>
                <calypso:domainValue>
                    <calypso:type>com.calypso.tk.refdata.DomainValueAdapter</calypso:type>
                    <calypso:separator>#</calypso:separator>
                    <calypso:identifier code="productType#SecLending" codifier="convention"/>
                    <calypso:calypsoBusinessKey>
                        <calypso:propertyName>domainName</calypso:propertyName>
                        <calypso:propertyValue>productType</calypso:propertyValue>
                    </calypso:calypsoBusinessKey>
                    <calypso:calypsoBusinessKey>
                        <calypso:propertyName>value</calypso:propertyName>
                        <calypso:propertyValue>SecLending</calypso:propertyValue>
                    </calypso:calypsoBusinessKey>
                </calypso:domainValue>
            </calypso:productType>
            <calypso:parameterName>BOND_FROM_QUOTE</calypso:parameterName>
            <calypso:parameterTypeIdentifier>
                <calypso:type>com.calypso.tk.marketdata.PricingParamType</calypso:type>
                <calypso:identifier code="BOND_FROM_QUOTE" codifier="convention"/>
                <calypso:calypsoBusinessKey>
                    <calypso:propertyName>name</calypso:propertyName>
                    <calypso:propertyValue>BOND_FROM_QUOTE</calypso:propertyValue>
                </calypso:calypsoBusinessKey>
            </calypso:parameterTypeIdentifier>
            <calypso:parameterBoolean>true</calypso:parameterBoolean>
        </calypso:parameter>
        <calypso:parameter>
            <calypso:productType>
                <calypso:domainValue>
                    <calypso:type>com.calypso.tk.refdata.DomainValueAdapter</calypso:type>
                    <calypso:separator>#</calypso:separator>
                    <calypso:identifier code="productType#SecLending" codifier="convention"/>
                    <calypso:calypsoBusinessKey>
                        <calypso:propertyName>domainName</calypso:propertyName>
                        <calypso:propertyValue>productType</calypso:propertyValue>
                    </calypso:calypsoBusinessKey>
                    <calypso:calypsoBusinessKey>
                        <calypso:propertyName>value</calypso:propertyName>
                        <calypso:propertyValue>SecLending</calypso:propertyValue>
                    </calypso:calypsoBusinessKey>
                </calypso:domainValue>
            </calypso:productType>
            <calypso:parameterName>FIRST_ACCRUAL</calypso:parameterName>
            <calypso:parameterTypeIdentifier>
                <calypso:type>com.calypso.tk.marketdata.PricingParamType</calypso:type>
                <calypso:identifier code="FIRST_ACCRUAL" codifier="convention"/>
                <calypso:calypsoBusinessKey>
                    <calypso:propertyName>name</calypso:propertyName>
                    <calypso:propertyValue>FIRST_ACCRUAL</calypso:propertyValue>
                </calypso:calypsoBusinessKey>
            </calypso:parameterTypeIdentifier>
            <calypso:parameterBoolean>true</calypso:parameterBoolean>
        </calypso:parameter>
        <calypso:parameter>
            <calypso:productType>
                <calypso:domainValue>
                    <calypso:type>com.calypso.tk.refdata.DomainValueAdapter</calypso:type>
                    <calypso:separator>#</calypso:separator>
                    <calypso:identifier code="productType#SecLending" codifier="convention"/>
                    <calypso:calypsoBusinessKey>
                        <calypso:propertyName>domainName</calypso:propertyName>
                        <calypso:propertyValue>productType</calypso:propertyValue>
                    </calypso:calypsoBusinessKey>
                    <calypso:calypsoBusinessKey>
                        <calypso:propertyName>value</calypso:propertyName>
                        <calypso:propertyValue>SecLending</calypso:propertyValue>
                    </calypso:calypsoBusinessKey>
                </calypso:domainValue>
            </calypso:productType>
            <calypso:parameterName>INCLUDE_FEES</calypso:parameterName>
            <calypso:parameterTypeIdentifier>
                <calypso:type>com.calypso.tk.marketdata.PricingParamType</calypso:type>
                <calypso:identifier code="INCLUDE_FEES" codifier="convention"/>
                <calypso:calypsoBusinessKey>
                    <calypso:propertyName>name</calypso:propertyName>
                    <calypso:propertyValue>INCLUDE_FEES</calypso:propertyValue>
                </calypso:calypsoBusinessKey>
            </calypso:parameterTypeIdentifier>
            <calypso:parameterBoolean>false</calypso:parameterBoolean>
        </calypso:parameter>
        <calypso:parameter>
            <calypso:productType>
                <calypso:domainValue>
                    <calypso:type>com.calypso.tk.refdata.DomainValueAdapter</calypso:type>
                    <calypso:separator>#</calypso:separator>
                    <calypso:identifier code="productType#SecLending" codifier="convention"/>
                    <calypso:calypsoBusinessKey>
                        <calypso:propertyName>domainName</calypso:propertyName>
                        <calypso:propertyValue>productType</calypso:propertyValue>
                    </calypso:calypsoBusinessKey>
                    <calypso:calypsoBusinessKey>
                        <calypso:propertyName>value</calypso:propertyName>
                        <calypso:propertyValue>SecLending</calypso:propertyValue>
                    </calypso:calypsoBusinessKey>
                </calypso:domainValue>
            </calypso:productType>
            <calypso:parameterName>NPV_EXCLUDE_PRINCIPAL</calypso:parameterName>
            <calypso:parameterTypeIdentifier>
                <calypso:type>com.calypso.tk.marketdata.PricingParamType</calypso:type>
                <calypso:identifier code="NPV_EXCLUDE_PRINCIPAL" codifier="convention"/>
                <calypso:calypsoBusinessKey>
                    <calypso:propertyName>name</calypso:propertyName>
                    <calypso:propertyValue>NPV_EXCLUDE_PRINCIPAL</calypso:propertyValue>
                </calypso:calypsoBusinessKey>
            </calypso:parameterTypeIdentifier>
            <calypso:parameterBoolean>true</calypso:parameterBoolean>
        </calypso:parameter>
        <calypso:parameter>
            <calypso:productType>
                <calypso:domainValue>
                    <calypso:type>com.calypso.tk.refdata.DomainValueAdapter</calypso:type>
                    <calypso:separator>#</calypso:separator>
                    <calypso:identifier code="productType#SecLending" codifier="convention"/>
                    <calypso:calypsoBusinessKey>
                        <calypso:propertyName>domainName</calypso:propertyName>
                        <calypso:propertyValue>productType</calypso:propertyValue>
                    </calypso:calypsoBusinessKey>
                    <calypso:calypsoBusinessKey>
                        <calypso:propertyName>value</calypso:propertyName>
                        <calypso:propertyValue>SecLending</calypso:propertyValue>
                    </calypso:calypsoBusinessKey>
                </calypso:domainValue>
            </calypso:productType>
            <calypso:parameterName>NPV_FROM_LEGS</calypso:parameterName>
            <calypso:parameterTypeIdentifier>
                <calypso:type>com.calypso.tk.marketdata.PricingParamType</calypso:type>
                <calypso:identifier code="NPV_FROM_LEGS" codifier="convention"/>
                <calypso:calypsoBusinessKey>
                    <calypso:propertyName>name</calypso:propertyName>
                    <calypso:propertyValue>NPV_FROM_LEGS</calypso:propertyValue>
                </calypso:calypsoBusinessKey>
            </calypso:parameterTypeIdentifier>
            <calypso:parameterBoolean>true</calypso:parameterBoolean>
        </calypso:parameter>
        <calypso:parameter>
            <calypso:productType>
                <calypso:domainValue>
                    <calypso:type>com.calypso.tk.refdata.DomainValueAdapter</calypso:type>
                    <calypso:separator>#</calypso:separator>
                    <calypso:identifier code="productType#SecLending" codifier="convention"/>
                    <calypso:calypsoBusinessKey>
                        <calypso:propertyName>domainName</calypso:propertyName>
                        <calypso:propertyValue>productType</calypso:propertyValue>
                    </calypso:calypsoBusinessKey>
                    <calypso:calypsoBusinessKey>
                        <calypso:propertyName>value</calypso:propertyName>
                        <calypso:propertyValue>SecLending</calypso:propertyValue>
                    </calypso:calypsoBusinessKey>
                </calypso:domainValue>
            </calypso:productType>
            <calypso:parameterName>NPV_FROM_QUOTE</calypso:parameterName>
            <calypso:parameterTypeIdentifier>
                <calypso:type>com.calypso.tk.marketdata.PricingParamType</calypso:type>
                <calypso:identifier code="NPV_FROM_QUOTE" codifier="convention"/>
                <calypso:calypsoBusinessKey>
                    <calypso:propertyName>name</calypso:propertyName>
                    <calypso:propertyValue>NPV_FROM_QUOTE</calypso:propertyValue>
                </calypso:calypsoBusinessKey>
            </calypso:parameterTypeIdentifier>
            <calypso:parameterBoolean>true</calypso:parameterBoolean>
        </calypso:parameter>
        <calypso:parameter>
            <calypso:productType>
                <calypso:domainValue>
                    <calypso:type>com.calypso.tk.refdata.DomainValueAdapter</calypso:type>
                    <calypso:separator>#</calypso:separator>
                    <calypso:identifier code="productType#SecLending" codifier="convention"/>
                    <calypso:calypsoBusinessKey>
                        <calypso:propertyName>domainName</calypso:propertyName>
                        <calypso:propertyValue>productType</calypso:propertyValue>
                    </calypso:calypsoBusinessKey>
                    <calypso:calypsoBusinessKey>
                        <calypso:propertyName>value</calypso:propertyName>
                        <calypso:propertyValue>SecLending</calypso:propertyValue>
                    </calypso:calypsoBusinessKey>
                </calypso:domainValue>
            </calypso:productType>
            <calypso:parameterName>NPV_INCLUDE_CASH</calypso:parameterName>
            <calypso:parameterTypeIdentifier>
                <calypso:type>com.calypso.tk.marketdata.PricingParamType</calypso:type>
                <calypso:identifier code="NPV_INCLUDE_CASH" codifier="convention"/>
                <calypso:calypsoBusinessKey>
                    <calypso:propertyName>name</calypso:propertyName>
                    <calypso:propertyValue>NPV_INCLUDE_CASH</calypso:propertyValue>
                </calypso:calypsoBusinessKey>
            </calypso:parameterTypeIdentifier>
            <calypso:parameterBoolean>false</calypso:parameterBoolean>
        </calypso:parameter>
        <calypso:parameter>
            <calypso:productType>
                <calypso:domainValue>
                    <calypso:type>com.calypso.tk.refdata.DomainValueAdapter</calypso:type>
                    <calypso:separator>#</calypso:separator>
                    <calypso:identifier code="productType#SecLending" codifier="convention"/>
                    <calypso:calypsoBusinessKey>
                        <calypso:propertyName>domainName</calypso:propertyName>
                        <calypso:propertyValue>productType</calypso:propertyValue>
                    </calypso:calypsoBusinessKey>
                    <calypso:calypsoBusinessKey>
                        <calypso:propertyName>value</calypso:propertyName>
                        <calypso:propertyValue>SecLending</calypso:propertyValue>
                    </calypso:calypsoBusinessKey>
                </calypso:domainValue>
            </calypso:productType>
            <calypso:parameterName>NPV_INCLUDE_COST</calypso:parameterName>
            <calypso:parameterTypeIdentifier>
                <calypso:type>com.calypso.tk.marketdata.PricingParamType</calypso:type>
                <calypso:identifier code="NPV_INCLUDE_COST" codifier="convention"/>
                <calypso:calypsoBusinessKey>
                    <calypso:propertyName>name</calypso:propertyName>
                    <calypso:propertyValue>NPV_INCLUDE_COST</calypso:propertyValue>
                </calypso:calypsoBusinessKey>
            </calypso:parameterTypeIdentifier>
            <calypso:parameterBoolean>false</calypso:parameterBoolean>
        </calypso:parameter>
        <calypso:parameter>
            <calypso:productType>
                <calypso:domainValue>
                    <calypso:type>com.calypso.tk.refdata.DomainValueAdapter</calypso:type>
                    <calypso:separator>#</calypso:separator>
                    <calypso:identifier code="productType#SecLending" codifier="convention"/>
                    <calypso:calypsoBusinessKey>
                        <calypso:propertyName>domainName</calypso:propertyName>
                        <calypso:propertyValue>productType</calypso:propertyValue>
                    </calypso:calypsoBusinessKey>
                    <calypso:calypsoBusinessKey>
                        <calypso:propertyName>value</calypso:propertyName>
                        <calypso:propertyValue>SecLending</calypso:propertyValue>
                    </calypso:calypsoBusinessKey>
                </calypso:domainValue>
            </calypso:productType>
            <calypso:parameterName>NPV_INCLUDE_SETTLED_CASH</calypso:parameterName>
            <calypso:parameterTypeIdentifier>
                <calypso:type>com.calypso.tk.marketdata.PricingParamType</calypso:type>
                <calypso:identifier code="NPV_INCLUDE_SETTLED_CASH" codifier="convention"/>
                <calypso:calypsoBusinessKey>
                    <calypso:propertyName>name</calypso:propertyName>
                    <calypso:propertyValue>NPV_INCLUDE_SETTLED_CASH</calypso:propertyValue>
                </calypso:calypsoBusinessKey>
            </calypso:parameterTypeIdentifier>
            <calypso:parameterBoolean>false</calypso:parameterBoolean>
        </calypso:parameter>
    </calypso:calypsoObject>
</calypso:calypsoDocument>
