<?xml version="1.0" encoding="iso-8859-1" standalone="yes"?>
<calypso:calypsoDocument xmlns:liquidityrule="http://www.calypso.com/liquidityrule" xmlns:liquiditycriteria="http://www.calypso.com/liquiditycriteria" xmlns:liquidityposition="http://www.calypso.com/liquidityposition" xmlns:matching="http://www.calypso.com/matching" xmlns:scheduler="http://www.calypso.com/scheduler" xmlns:liquidityreporting="http://www.calypso.com/liquidityreporting" xmlns:kpiservice="http://www.calypso.com/kpiservice" xmlns:ns12="http://www.calypso.com/bo-messaging" xmlns:assumption="http://www.calypso.com/assumption" xmlns:hedgeaccounting="http://www.calypso.com/hedgeaccounting" xmlns:swift="http://www.calypso.com/swift" xmlns:bondexoticnote="http://www.calypso.com/bondexoticnote" xmlns:datauploader="http://www.calypso.com/datauploader" xmlns:ftp="http://www.calypso.com/ftp" xmlns:pricingscript="http://www.calypso.com/pricingscript" xmlns:am="http://www.calypso.com/am" xmlns:scriptableOTC="http://www.calypso.com/scriptableOTC" xmlns:pricingsheet="http://www.calypso.com/pricingsheet" xmlns:taskstation="http://www.calypso.com/taskstation" xmlns:liquiditycore="http://www.calypso.com/liquiditycore" xmlns:calypso="http://www.calypso.com/xml" xmlns:accplreconciliation="http://www.calypso.com/accplreconciliation" xmlns:liquidityclassification="http://www.calypso.com/liquidityclassification" xmlns:collateral="http://www.calypso.com/collateral" xmlns:calculationserver="http://www.calypso.com/calculationserver">
    <calypso:calypsoObject xsi:type="calypso:TradeFilter" version="14-0" action="" xmlns:xsi="http://www.w3.org/2001/XMLSchema-instance">
        <calypso:name>RF_MTM_VALUATION</calypso:name>
        <calypso:createdBy>bonos</calypso:createdBy>
        <calypso:criterions>
            <calypso:name>ProductFamily</calypso:name>
            <calypso:values xsi:type="calypso:SimpleTypedObject">
                <calypso:value xsi:type="ns27:string" xmlns:ns27="http://www.w3.org/2001/XMLSchema">Bond</calypso:value>
            </calypso:values>
            <calypso:inclusion>true</calypso:inclusion>
        </calypso:criterions>
        <calypso:criterions xsi:type="calypso:TradeFilterCriterionMinMaxDate">
            <calypso:name>SettleDate</calypso:name>
            <calypso:inclusion>true</calypso:inclusion>
            <calypso:timeMax>0</calypso:timeMax>
            <calypso:tenorMax>0</calypso:tenorMax>
            <calypso:operator>Is After</calypso:operator>
        </calypso:criterions>
        <calypso:criterions>
            <calypso:name>Status</calypso:name>
            <calypso:values xsi:type="calypso:SimpleTypedObject">
                <calypso:value xsi:type="ns27:string" xmlns:ns27="http://www.w3.org/2001/XMLSchema">ALLOCATED</calypso:value>
            </calypso:values>
            <calypso:values xsi:type="calypso:SimpleTypedObject">
                <calypso:value xsi:type="ns27:string" xmlns:ns27="http://www.w3.org/2001/XMLSchema">CANCELED</calypso:value>
            </calypso:values>
            <calypso:values xsi:type="calypso:SimpleTypedObject">
                <calypso:value xsi:type="ns27:string" xmlns:ns27="http://www.w3.org/2001/XMLSchema">DUMMY_FULL_ALLOC</calypso:value>
            </calypso:values>
            <calypso:inclusion>false</calypso:inclusion>
        </calypso:criterions>
        <calypso:criterions xsi:type="calypso:TradeFilterCriterionMinMaxDate">
            <calypso:name>TradeDate</calypso:name>
            <calypso:inclusion>true</calypso:inclusion>
            <calypso:timeMin>2359</calypso:timeMin>
            <calypso:tenorMin>0</calypso:tenorMin>
            <calypso:operator>Is On Or Before</calypso:operator>
        </calypso:criterions>
        <calypso:includePositionBased>true</calypso:includePositionBased>
        <calypso:includeExchangeTraded>true</calypso:includeExchangeTraded>
        <calypso:useCache>false</calypso:useCache>
        <calypso:checkHolidays>false</calypso:checkHolidays>
        <calypso:tradeTimeMin>2359</calypso:tradeTimeMin>
        <calypso:tradeTimeMax>-1</calypso:tradeTimeMax>
        <calypso:tradeDateTenorMin>0</calypso:tradeDateTenorMin>
        <calypso:tradeDateTenorMax>360000</calypso:tradeDateTenorMax>
        <calypso:expirationInCache>0</calypso:expirationInCache>
        <calypso:productFamilies>
            <calypso:domainValue>
                <calypso:type>com.calypso.tk.refdata.DomainValueAdapter</calypso:type>
                <calypso:separator>#</calypso:separator>
                <calypso:identifier code="productFamily#Bond" codifier="convention"/>
                <calypso:calypsoBusinessKey>
                    <calypso:propertyName>domainName</calypso:propertyName>
                    <calypso:propertyValue>productFamily</calypso:propertyValue>
                </calypso:calypsoBusinessKey>
                <calypso:calypsoBusinessKey>
                    <calypso:propertyName>value</calypso:propertyName>
                    <calypso:propertyValue>Bond</calypso:propertyValue>
                </calypso:calypsoBusinessKey>
            </calypso:domainValue>
        </calypso:productFamilies>
        <calypso:keywordsAttributes>
            <calypso:attribute>
                <calypso:attributeName>KEYWORD_CRITERION</calypso:attributeName>
                <calypso:attributeValue>&lt;com.calypso.ui.component.condition.ConditionTree&gt;
  &lt;boolean&gt;true&lt;/boolean&gt;
  &lt;map&gt;
    &lt;entry&gt;
      &lt;string&gt;_root&lt;/string&gt;
      &lt;com.calypso.ui.component.condition.ConditionTreeNode&gt;
        &lt;boolean&gt;true&lt;/boolean&gt;
        &lt;map&gt;
          &lt;entry&gt;
            &lt;string&gt;_propertyId&lt;/string&gt;
            &lt;null/&gt;
          &lt;/entry&gt;
          &lt;entry&gt;
            &lt;string&gt;_operands&lt;/string&gt;
            &lt;object-array&gt;
              &lt;com.calypso.ui.component.condition.ConditionTreeNode&gt;
                &lt;boolean&gt;true&lt;/boolean&gt;
                &lt;map&gt;
                  &lt;entry&gt;
                    &lt;string&gt;_propertyId&lt;/string&gt;
                    &lt;null/&gt;
                  &lt;/entry&gt;
                  &lt;entry&gt;
                    &lt;string&gt;_operands&lt;/string&gt;
                    &lt;object-array&gt;
                      &lt;com.calypso.ui.component.condition.ConditionTreeNode&gt;
                        &lt;boolean&gt;true&lt;/boolean&gt;
                        &lt;map&gt;
                          &lt;entry&gt;
                            &lt;string&gt;_propertyId&lt;/string&gt;
                            &lt;string&gt;WorkflowSubType&lt;/string&gt;
                          &lt;/entry&gt;
                          &lt;entry&gt;
                            &lt;string&gt;_operands&lt;/string&gt;
                            &lt;object-array&gt;
                              &lt;string&gt;MX_Trades&lt;/string&gt;
                            &lt;/object-array&gt;
                          &lt;/entry&gt;
                          &lt;entry&gt;
                            &lt;string&gt;_operatorId&lt;/string&gt;
                            &lt;string&gt;!=&lt;/string&gt;
                          &lt;/entry&gt;
                        &lt;/map&gt;
                      &lt;/com.calypso.ui.component.condition.ConditionTreeNode&gt;
                    &lt;/object-array&gt;
                  &lt;/entry&gt;
                  &lt;entry&gt;
                    &lt;string&gt;_operatorId&lt;/string&gt;
                    &lt;string&gt;&amp;amp;&amp;amp;&lt;/string&gt;
                  &lt;/entry&gt;
                &lt;/map&gt;
              &lt;/com.calypso.ui.component.condition.ConditionTreeNode&gt;
            &lt;/object-array&gt;
          &lt;/entry&gt;
          &lt;entry&gt;
            &lt;string&gt;_operatorId&lt;/string&gt;
            &lt;string&gt;ConditionRoot&lt;/string&gt;
          &lt;/entry&gt;
        &lt;/map&gt;
      &lt;/com.calypso.ui.component.condition.ConditionTreeNode&gt;
    &lt;/entry&gt;
    &lt;entry&gt;
      &lt;string&gt;_name&lt;/string&gt;
      &lt;null/&gt;
    &lt;/entry&gt;
  &lt;/map&gt;
&lt;/com.calypso.ui.component.condition.ConditionTree&gt;</calypso:attributeValue>
                <calypso:attributeClass>ConditionTree</calypso:attributeClass>
            </calypso:attribute>
        </calypso:keywordsAttributes>
    </calypso:calypsoObject>
</calypso:calypsoDocument>
