<?xml version="1.0" encoding="iso-8859-1" standalone="yes"?>
<calypso:calypsoDocument xmlns:liquidityrule="http://www.calypso.com/liquidityrule" xmlns:liquiditycriteria="http://www.calypso.com/liquiditycriteria" xmlns:liquidityposition="http://www.calypso.com/liquidityposition" xmlns:matching="http://www.calypso.com/matching" xmlns:scheduler="http://www.calypso.com/scheduler" xmlns:liquidityreporting="http://www.calypso.com/liquidityreporting" xmlns:kpiservice="http://www.calypso.com/kpiservice" xmlns:ns12="http://www.calypso.com/bo-messaging" xmlns:assumption="http://www.calypso.com/assumption" xmlns:hedgeaccounting="http://www.calypso.com/hedgeaccounting" xmlns:swift="http://www.calypso.com/swift" xmlns:bondexoticnote="http://www.calypso.com/bondexoticnote" xmlns:datauploader="http://www.calypso.com/datauploader" xmlns:ftp="http://www.calypso.com/ftp" xmlns:pricingscript="http://www.calypso.com/pricingscript" xmlns:am="http://www.calypso.com/am" xmlns:scriptableOTC="http://www.calypso.com/scriptableOTC" xmlns:pricingsheet="http://www.calypso.com/pricingsheet" xmlns:taskstation="http://www.calypso.com/taskstation" xmlns:liquiditycore="http://www.calypso.com/liquiditycore" xmlns:calypso="http://www.calypso.com/xml" xmlns:accplreconciliation="http://www.calypso.com/accplreconciliation" xmlns:liquidityclassification="http://www.calypso.com/liquidityclassification" xmlns:collateral="http://www.calypso.com/collateral" xmlns:calculationserver="http://www.calypso.com/calculationserver">
    <calypso:calypsoObject xsi:type="calypso:ReportTemplate" version="14-0" action="" xmlns:xsi="http://www.w3.org/2001/XMLSchema-instance">
        <calypso:reportTypeDomainValue>
            <calypso:domainValue>
                <calypso:type>com.calypso.tk.refdata.DomainValueAdapter</calypso:type>
                <calypso:separator>#</calypso:separator>
                <calypso:identifier code="REPORT.Types#MarginCall" codifier="convention"/>
                <calypso:calypsoBusinessKey>
                    <calypso:propertyName>domainName</calypso:propertyName>
                    <calypso:propertyValue>REPORT.Types</calypso:propertyValue>
                </calypso:calypsoBusinessKey>
                <calypso:calypsoBusinessKey>
                    <calypso:propertyName>value</calypso:propertyName>
                    <calypso:propertyValue>MarginCall</calypso:propertyValue>
                </calypso:calypsoBusinessKey>
            </calypso:domainValue>
        </calypso:reportTypeDomainValue>
        <calypso:reportType>MarginCall</calypso:reportType>
        <calypso:name>SEND_FILENET</calypso:name>
        <calypso:hidden>false</calypso:hidden>
        <calypso:private>false</calypso:private>
        <calypso:user>phil</calypso:user>
        <calypso:reportAttributes>
            <calypso:attribute>
                <calypso:attributeName>ACTUAL</calypso:attributeName>
                <calypso:attributeValue>false</calypso:attributeValue>
                <calypso:attributeClass>Boolean</calypso:attributeClass>
            </calypso:attribute>
            <calypso:attribute>
                <calypso:attributeName>AggregatedFlag</calypso:attributeName>
                <calypso:attributeValue>false</calypso:attributeValue>
                <calypso:attributeClass>Boolean</calypso:attributeClass>
            </calypso:attribute>
            <calypso:attribute>
                <calypso:attributeName>Allocation</calypso:attributeName>
                <calypso:attributeValue>Allocate</calypso:attributeValue>
                <calypso:attributeClass>String</calypso:attributeClass>
            </calypso:attribute>
            <calypso:attribute>
                <calypso:attributeName>Backward Days</calypso:attributeName>
                <calypso:attributeValue>7</calypso:attributeValue>
                <calypso:attributeClass>String</calypso:attributeClass>
            </calypso:attribute>
            <calypso:attribute>
                <calypso:attributeName>Collateral Context</calypso:attributeName>
                <calypso:attributeValue>Santander_default</calypso:attributeValue>
                <calypso:attributeClass>String</calypso:attributeClass>
            </calypso:attribute>
            <calypso:attribute>
                <calypso:attributeName>Columns0</calypso:attributeName>
                <calypso:attributeValue>Id</calypso:attributeValue>
                <calypso:attributeClass>String</calypso:attributeClass>
            </calypso:attribute>
            <calypso:attribute>
                <calypso:attributeName>Columns1</calypso:attributeName>
                <calypso:attributeValue>Contract Name</calypso:attributeValue>
                <calypso:attributeClass>String</calypso:attributeClass>
            </calypso:attribute>
            <calypso:attribute>
                <calypso:attributeName>Columns10</calypso:attributeName>
                <calypso:attributeValue>Dispute Status</calypso:attributeValue>
                <calypso:attributeClass>String</calypso:attributeClass>
            </calypso:attribute>
            <calypso:attribute>
                <calypso:attributeName>Columns11</calypso:attributeName>
                <calypso:attributeValue>Dispute Comment</calypso:attributeValue>
                <calypso:attributeClass>String</calypso:attributeClass>
            </calypso:attribute>
            <calypso:attribute>
                <calypso:attributeName>Columns12</calypso:attributeName>
                <calypso:attributeValue>Agreed Amount</calypso:attributeValue>
                <calypso:attributeClass>String</calypso:attributeClass>
            </calypso:attribute>
            <calypso:attribute>
                <calypso:attributeName>Columns13</calypso:attributeName>
                <calypso:attributeValue>Direction</calypso:attributeValue>
                <calypso:attributeClass>String</calypso:attributeClass>
            </calypso:attribute>
            <calypso:attribute>
                <calypso:attributeName>Columns2</calypso:attributeName>
                <calypso:attributeValue>Status</calypso:attributeValue>
                <calypso:attributeClass>String</calypso:attributeClass>
            </calypso:attribute>
            <calypso:attribute>
                <calypso:attributeName>Columns3</calypso:attributeName>
                <calypso:attributeValue>Action</calypso:attributeValue>
                <calypso:attributeClass>String</calypso:attributeClass>
            </calypso:attribute>
            <calypso:attribute>
                <calypso:attributeName>Columns4</calypso:attributeName>
                <calypso:attributeValue>Contract Currency</calypso:attributeValue>
                <calypso:attributeClass>String</calypso:attributeClass>
            </calypso:attribute>
            <calypso:attribute>
                <calypso:attributeName>Columns5</calypso:attributeName>
                <calypso:attributeValue>Global Required Mrg</calypso:attributeValue>
                <calypso:attributeClass>String</calypso:attributeClass>
            </calypso:attribute>
            <calypso:attribute>
                <calypso:attributeName>Columns6</calypso:attributeName>
                <calypso:attributeValue>Dispute</calypso:attributeValue>
                <calypso:attributeClass>String</calypso:attributeClass>
            </calypso:attribute>
            <calypso:attribute>
                <calypso:attributeName>Columns7</calypso:attributeName>
                <calypso:attributeValue>Cpty Amount</calypso:attributeValue>
                <calypso:attributeClass>String</calypso:attributeClass>
            </calypso:attribute>
            <calypso:attribute>
                <calypso:attributeName>Columns8</calypso:attributeName>
                <calypso:attributeValue>Dispute Amount</calypso:attributeValue>
                <calypso:attributeClass>String</calypso:attributeClass>
            </calypso:attribute>
            <calypso:attribute>
                <calypso:attributeName>Columns9</calypso:attributeName>
                <calypso:attributeValue>Dispute Reason</calypso:attributeValue>
                <calypso:attributeClass>String</calypso:attributeClass>
            </calypso:attribute>
            <calypso:attribute>
                <calypso:attributeName>Columns_COUNT</calypso:attributeName>
                <calypso:attributeValue>14</calypso:attributeValue>
                <calypso:attributeClass>Integer</calypso:attributeClass>
            </calypso:attribute>
            <calypso:attribute>
                <calypso:attributeName>Contract Types</calypso:attributeName>
                <calypso:attributeValue>CGAR,CSA,CSD,ISMA,MSFTA,OSLA</calypso:attributeValue>
                <calypso:attributeClass>String</calypso:attributeClass>
            </calypso:attribute>
            <calypso:attribute>
                <calypso:attributeName>DISPLAY_CASH</calypso:attributeName>
                <calypso:attributeValue>true</calypso:attributeValue>
                <calypso:attributeClass>Boolean</calypso:attributeClass>
            </calypso:attribute>
            <calypso:attribute>
                <calypso:attributeName>DISPLAY_POSITION_VALUATION</calypso:attributeName>
                <calypso:attributeValue>true</calypso:attributeValue>
                <calypso:attributeClass>Boolean</calypso:attributeClass>
            </calypso:attribute>
            <calypso:attribute>
                <calypso:attributeName>DISPLAY_SECURITY</calypso:attributeName>
                <calypso:attributeValue>true</calypso:attributeValue>
                <calypso:attributeClass>Boolean</calypso:attributeClass>
            </calypso:attribute>
            <calypso:attribute>
                <calypso:attributeName>Display Reconciliations</calypso:attributeName>
                <calypso:attributeValue>false</calypso:attributeValue>
                <calypso:attributeClass>Boolean</calypso:attributeClass>
            </calypso:attribute>
            <calypso:attribute>
                <calypso:attributeName>Dispute Only</calypso:attributeName>
                <calypso:attributeValue>false</calypso:attributeValue>
                <calypso:attributeClass>Boolean</calypso:attributeClass>
            </calypso:attribute>
            <calypso:attribute>
                <calypso:attributeName>Include Collaterals</calypso:attributeName>
                <calypso:attributeValue>true</calypso:attributeValue>
                <calypso:attributeClass>Boolean</calypso:attributeClass>
            </calypso:attribute>
            <calypso:attribute>
                <calypso:attributeName>Is Check Allocation Position</calypso:attributeName>
                <calypso:attributeValue>false</calypso:attributeValue>
                <calypso:attributeClass>Boolean</calypso:attributeClass>
            </calypso:attribute>
            <calypso:attribute>
                <calypso:attributeName>Is Copy Quotes</calypso:attributeName>
                <calypso:attributeValue>false</calypso:attributeValue>
                <calypso:attributeClass>Boolean</calypso:attributeClass>
            </calypso:attribute>
            <calypso:attribute>
                <calypso:attributeName>Is Load Saved Projection</calypso:attributeName>
                <calypso:attributeValue>true</calypso:attributeValue>
                <calypso:attributeClass>Boolean</calypso:attributeClass>
            </calypso:attribute>
            <calypso:attribute>
                <calypso:attributeName>Is Reload Positions</calypso:attributeName>
                <calypso:attributeValue>true</calypso:attributeValue>
                <calypso:attributeClass>Boolean</calypso:attributeClass>
            </calypso:attribute>
            <calypso:attribute>
                <calypso:attributeName>Is Update Process Time</calypso:attributeName>
                <calypso:attributeValue>false</calypso:attributeValue>
                <calypso:attributeClass>Boolean</calypso:attributeClass>
            </calypso:attribute>
            <calypso:attribute>
                <calypso:attributeName>Is Validate Securities</calypso:attributeName>
                <calypso:attributeValue>false</calypso:attributeValue>
                <calypso:attributeClass>Boolean</calypso:attributeClass>
            </calypso:attribute>
            <calypso:attribute>
                <calypso:attributeName>LOAD_PENDING_ENTRIES</calypso:attributeName>
                <calypso:attributeValue>false</calypso:attributeValue>
                <calypso:attributeClass>Boolean</calypso:attributeClass>
            </calypso:attribute>
            <calypso:attribute>
                <calypso:attributeName>Log</calypso:attributeName>
                <calypso:attributeValue>false</calypso:attributeValue>
                <calypso:attributeClass>Boolean</calypso:attributeClass>
            </calypso:attribute>
            <calypso:attribute>
                <calypso:attributeName>Open Dispute Only</calypso:attributeName>
                <calypso:attributeValue>false</calypso:attributeValue>
                <calypso:attributeClass>Boolean</calypso:attributeClass>
            </calypso:attribute>
            <calypso:attribute>
                <calypso:attributeName>PROJECT_CLOSING_BALANCES</calypso:attributeName>
                <calypso:attributeValue>false</calypso:attributeValue>
                <calypso:attributeClass>Boolean</calypso:attributeClass>
            </calypso:attribute>
            <calypso:attribute>
                <calypso:attributeName>Pay</calypso:attributeName>
                <calypso:attributeValue>NONE</calypso:attributeValue>
                <calypso:attributeClass>String</calypso:attributeClass>
            </calypso:attribute>
            <calypso:attribute>
                <calypso:attributeName>Process Date</calypso:attributeName>
                <calypso:attributeValue>3/10/12 15:32:34</calypso:attributeValue>
                <calypso:attributeClass>JDatetime</calypso:attributeClass>
            </calypso:attribute>
            <calypso:attribute>
                <calypso:attributeName>Receive</calypso:attributeName>
                <calypso:attributeValue>NONE</calypso:attributeValue>
                <calypso:attributeClass>String</calypso:attributeClass>
            </calypso:attribute>
            <calypso:attribute>
                <calypso:attributeName>SortColumns0</calypso:attributeName>
                <calypso:attributeValue>Contract Id</calypso:attributeValue>
                <calypso:attributeClass>String</calypso:attributeClass>
            </calypso:attribute>
            <calypso:attribute>
                <calypso:attributeName>SortColumns_COUNT</calypso:attributeName>
                <calypso:attributeValue>1</calypso:attributeValue>
                <calypso:attributeClass>Integer</calypso:attributeClass>
            </calypso:attribute>
            <calypso:attribute>
                <calypso:attributeName>StateFilter</calypso:attributeName>
                <calypso:attributeValue>true</calypso:attributeValue>
                <calypso:attributeClass>Boolean</calypso:attributeClass>
            </calypso:attribute>
            <calypso:attribute>
                <calypso:attributeName>StateForward Margin</calypso:attributeName>
                <calypso:attributeValue>true</calypso:attributeValue>
                <calypso:attributeClass>Boolean</calypso:attributeClass>
            </calypso:attribute>
            <calypso:attribute>
                <calypso:attributeName>StateHistory</calypso:attributeName>
                <calypso:attributeValue>true</calypso:attributeValue>
                <calypso:attributeClass>Boolean</calypso:attributeClass>
            </calypso:attribute>
            <calypso:attribute>
                <calypso:attributeName>StateOption</calypso:attributeName>
                <calypso:attributeValue>true</calypso:attributeValue>
                <calypso:attributeClass>Boolean</calypso:attributeClass>
            </calypso:attribute>
            <calypso:attribute>
                <calypso:attributeName>StateProcess Date/Time</calypso:attributeName>
                <calypso:attributeValue>true</calypso:attributeValue>
                <calypso:attributeClass>Boolean</calypso:attributeClass>
            </calypso:attribute>
            <calypso:attribute>
                <calypso:attributeName>StateValue Date/Time</calypso:attributeName>
                <calypso:attributeValue>true</calypso:attributeValue>
                <calypso:attributeClass>Boolean</calypso:attributeClass>
            </calypso:attribute>
            <calypso:attribute>
                <calypso:attributeName>Status</calypso:attributeName>
                <calypso:attributeValue>PRICED_RECEIVE,PRICED_PAY,PRICED_NO_CALL,TRIPARTY_AGREED,PART_EXECUTED,PART_ALLOCATED,FULLY_DISPUTED_REC,FULLY_DISPUTED,FULL_RELEASED,FULL_ALLOCATED,FULL_EXECUTED,EXECUTED,EMC_SENT,DISPUTED(RECV),DISPUTED(D. SEN),DISPUTED(D.SENT),DISPUTED(NOCALL),DEMAND_SENT,CREATED,AGREED,AGREED_REC</calypso:attributeValue>
                <calypso:attributeClass>String</calypso:attributeClass>
            </calypso:attribute>
            <calypso:attribute>
                <calypso:attributeName>TEMPLATE_ALLOCATION_REPORT</calypso:attributeName>
                <calypso:attributeValue>0</calypso:attributeValue>
                <calypso:attributeClass>Integer</calypso:attributeClass>
            </calypso:attribute>
            <calypso:attribute>
                <calypso:attributeName>TEMPLATE_ALLOC_ALLOCATION</calypso:attributeName>
                <calypso:attributeValue>0</calypso:attributeValue>
                <calypso:attributeClass>Integer</calypso:attributeClass>
            </calypso:attribute>
            <calypso:attribute>
                <calypso:attributeName>TEMPLATE_ALLOC_AUTO_ADJUST_PAY</calypso:attributeName>
                <calypso:attributeValue>NONE</calypso:attributeValue>
                <calypso:attributeClass>String</calypso:attributeClass>
            </calypso:attribute>
            <calypso:attribute>
                <calypso:attributeName>TEMPLATE_ALLOC_AUTO_ADJUST_RECEIVE</calypso:attributeName>
                <calypso:attributeValue>NONE</calypso:attributeValue>
                <calypso:attributeClass>String</calypso:attributeClass>
            </calypso:attribute>
            <calypso:attribute>
                <calypso:attributeName>TEMPLATE_ALLOC_CONCENTRATION</calypso:attributeName>
                <calypso:attributeValue>0</calypso:attributeValue>
                <calypso:attributeClass>Integer</calypso:attributeClass>
            </calypso:attribute>
            <calypso:attribute>
                <calypso:attributeName>TEMPLATE_ALLOC_CONCENTRATION_HIST</calypso:attributeName>
                <calypso:attributeValue>0</calypso:attributeValue>
                <calypso:attributeClass>Integer</calypso:attributeClass>
            </calypso:attribute>
            <calypso:attribute>
                <calypso:attributeName>TEMPLATE_ALLOC_NETTED_ALLOCATION</calypso:attributeName>
                <calypso:attributeValue>0</calypso:attributeValue>
                <calypso:attributeClass>Integer</calypso:attributeClass>
            </calypso:attribute>
            <calypso:attribute>
                <calypso:attributeName>TEMPLATE_ALLOC_PENDING_SUBSTITUTION</calypso:attributeName>
                <calypso:attributeValue>0</calypso:attributeValue>
                <calypso:attributeClass>Integer</calypso:attributeClass>
            </calypso:attribute>
            <calypso:attribute>
                <calypso:attributeName>TEMPLATE_ALLOC_POSITION</calypso:attributeName>
                <calypso:attributeValue>0</calypso:attributeValue>
                <calypso:attributeClass>Integer</calypso:attributeClass>
            </calypso:attribute>
            <calypso:attribute>
                <calypso:attributeName>TEMPLATE_CASH_POSITION_REPORT</calypso:attributeName>
                <calypso:attributeValue>0</calypso:attributeValue>
                <calypso:attributeClass>Integer</calypso:attributeClass>
            </calypso:attribute>
            <calypso:attribute>
                <calypso:attributeName>TEMPLATE_CONCENTRATION_REPORT</calypso:attributeName>
                <calypso:attributeValue>0</calypso:attributeValue>
                <calypso:attributeClass>Integer</calypso:attributeClass>
            </calypso:attribute>
            <calypso:attribute>
                <calypso:attributeName>TEMPLATE_CONFIG_PROPERTY</calypso:attributeName>
                <calypso:attributeValue>0</calypso:attributeValue>
                <calypso:attributeClass>Integer</calypso:attributeClass>
            </calypso:attribute>
            <calypso:attribute>
                <calypso:attributeName>TEMPLATE_DETAIL_PROPERTY</calypso:attributeName>
                <calypso:attributeValue>0</calypso:attributeValue>
                <calypso:attributeClass>Integer</calypso:attributeClass>
            </calypso:attribute>
            <calypso:attribute>
                <calypso:attributeName>TEMPLATE_DETAIL_REPORT</calypso:attributeName>
                <calypso:attributeValue>12333</calypso:attributeValue>
                <calypso:attributeClass>Integer</calypso:attributeClass>
            </calypso:attribute>
            <calypso:attribute>
                <calypso:attributeName>TEMPLATE_ENTRY_EVENT</calypso:attributeName>
                <calypso:attributeValue>0</calypso:attributeValue>
                <calypso:attributeClass>Integer</calypso:attributeClass>
            </calypso:attribute>
            <calypso:attribute>
                <calypso:attributeName>TEMPLATE_ENTRY_PROPERTY</calypso:attributeName>
                <calypso:attributeValue>12330</calypso:attributeValue>
                <calypso:attributeClass>Integer</calypso:attributeClass>
            </calypso:attribute>
            <calypso:attribute>
                <calypso:attributeName>TEMPLATE_FORWARD_REPORT</calypso:attributeName>
                <calypso:attributeValue>0</calypso:attributeValue>
                <calypso:attributeClass>Integer</calypso:attributeClass>
            </calypso:attribute>
            <calypso:attribute>
                <calypso:attributeName>TEMPLATE_HISTORY_DETAIL_REPORT</calypso:attributeName>
                <calypso:attributeValue>0</calypso:attributeValue>
                <calypso:attributeClass>Integer</calypso:attributeClass>
            </calypso:attribute>
            <calypso:attribute>
                <calypso:attributeName>TEMPLATE_HISTORY_REPORT</calypso:attributeName>
                <calypso:attributeValue>0</calypso:attributeValue>
                <calypso:attributeClass>Integer</calypso:attributeClass>
            </calypso:attribute>
            <calypso:attribute>
                <calypso:attributeName>TEMPLATE_INTEREST</calypso:attributeName>
                <calypso:attributeValue>0</calypso:attributeValue>
                <calypso:attributeClass>Integer</calypso:attributeClass>
            </calypso:attribute>
            <calypso:attribute>
                <calypso:attributeName>TEMPLATE_NETTED_ALLOCATION_REPORT</calypso:attributeName>
                <calypso:attributeValue>0</calypso:attributeValue>
                <calypso:attributeClass>Integer</calypso:attributeClass>
            </calypso:attribute>
            <calypso:attribute>
                <calypso:attributeName>TEMPLATE_NETTED_POSITION_REPORT</calypso:attributeName>
                <calypso:attributeValue>15323</calypso:attributeValue>
                <calypso:attributeClass>Integer</calypso:attributeClass>
            </calypso:attribute>
            <calypso:attribute>
                <calypso:attributeName>TEMPLATE_NOTIFICATION</calypso:attributeName>
                <calypso:attributeValue>0</calypso:attributeValue>
                <calypso:attributeClass>Integer</calypso:attributeClass>
            </calypso:attribute>
            <calypso:attribute>
                <calypso:attributeName>TEMPLATE_SECURITY_POSITION_REPORT</calypso:attributeName>
                <calypso:attributeValue>0</calypso:attributeValue>
                <calypso:attributeClass>Integer</calypso:attributeClass>
            </calypso:attribute>
            <calypso:attribute>
                <calypso:attributeName>TEMPLATE_UNUSED_DEPOSIT_REPORT</calypso:attributeName>
                <calypso:attributeValue>15323</calypso:attributeValue>
                <calypso:attributeClass>Integer</calypso:attributeClass>
            </calypso:attribute>
            <calypso:attribute>
                <calypso:attributeName>TEMPLATE_USED_DEPOSIT_REPORT</calypso:attributeName>
                <calypso:attributeValue>15323</calypso:attributeValue>
                <calypso:attributeClass>Integer</calypso:attributeClass>
            </calypso:attribute>
            <calypso:attribute>
                <calypso:attributeName>THEORETICAL</calypso:attributeName>
                <calypso:attributeValue>false</calypso:attributeValue>
                <calypso:attributeClass>Boolean</calypso:attributeClass>
            </calypso:attribute>
            <calypso:attribute>
                <calypso:attributeName>TableViewName</calypso:attributeName>
                <calypso:attributeValue>Simple</calypso:attributeValue>
                <calypso:attributeClass>String</calypso:attributeClass>
            </calypso:attribute>
            <calypso:attribute>
                <calypso:attributeName>Type</calypso:attributeName>
                <calypso:attributeValue>IntraDay Distribution</calypso:attributeValue>
                <calypso:attributeClass>String</calypso:attributeClass>
            </calypso:attribute>
            <calypso:attribute>
                <calypso:attributeName>Use Valuation Frequency</calypso:attributeName>
                <calypso:attributeValue>false</calypso:attributeValue>
                <calypso:attributeClass>Boolean</calypso:attributeClass>
            </calypso:attribute>
            <calypso:attribute>
                <calypso:attributeName>Val Date</calypso:attributeName>
                <calypso:attributeValue>2/10/12 18:11:14</calypso:attributeValue>
                <calypso:attributeClass>JDatetime</calypso:attributeClass>
            </calypso:attribute>
        </calypso:reportAttributes>
    </calypso:calypsoObject>
</calypso:calypsoDocument>
